[04июл.2026 11:23:04.834] [main/INFO] [cpw.mods.modlauncher.Launcher/MODLAUNCHER]: ModLauncher running: args [--launchTarget, forgeclientdev, --version, 21.1.227, --assetIndex, asset-index, --assetsDir, C:\Users\Kostya\.gradle\caches\minecraft\assets, --gameDir, ., --fml.fmlVersion, 4.0.42, --fml.mcVersion, 1.21.1, --fml.neoForgeVersion, 21.1.227, --fml.neoFormVersion, 20240808.144430]
[04июл.2026 11:23:04.836] [main/INFO] [cpw.mods.modlauncher.Launcher/MODLAUNCHER]: JVM identified as Eclipse Adoptium OpenJDK 64-Bit Server VM 21.0.3+9-LTS
[04июл.2026 11:23:04.837] [main/INFO] [cpw.mods.modlauncher.Launcher/MODLAUNCHER]: ModLauncher 11.0.5+main.901c6ea8 starting: java version 21.0.3 by Eclipse Adoptium; OS Windows 11 arch amd64 version 10.0
[04июл.2026 11:23:04.855] [main/DEBUG] [cpw.mods.modlauncher.LaunchServiceHandler/MODLAUNCHER]: Found launch services [minecraft,forgeclient,forgedatauserdev,testharness,forgeserverdev,forgeserveruserdev,forgejunitdev,forgeclientdev,forgeclientuserdev,forgeserver,forgejunituserdev,forgedatadev]
[04июл.2026 11:23:04.867] [main/DEBUG] [cpw.mods.modlauncher.LaunchPluginHandler/MODLAUNCHER]: Found launch plugins: [mixin,slf4jfixer,runtime_enum_extender,accesstransformer,runtimedistcleaner]
[04июл.2026 11:23:04.871] [main/DEBUG] [cpw.mods.modlauncher.TransformationServicesHandler/MODLAUNCHER]: Discovering transformation services
[04июл.2026 11:23:04.874] [main/DEBUG] [net.neoforged.fml.loading.FMLPaths/CORE]: Path GAMEDIR is C:\Users\Kostya\Documents\GitHub\create_AES\runs\client
[04июл.2026 11:23:04.874] [main/DEBUG] [net.neoforged.fml.loading.FMLPaths/CORE]: Path MODSDIR is C:\Users\Kostya\Documents\GitHub\create_AES\runs\client\mods
[04июл.2026 11:23:04.874] [main/DEBUG] [net.neoforged.fml.loading.FMLPaths/CORE]: Path CONFIGDIR is C:\Users\Kostya\Documents\GitHub\create_AES\runs\client\config
[04июл.2026 11:23:04.874] [main/DEBUG] [net.neoforged.fml.loading.FMLPaths/CORE]: Path FMLCONFIG is C:\Users\Kostya\Documents\GitHub\create_AES\runs\client\config\fml.toml
[04июл.2026 11:23:04.891] [main/TRACE] [net.neoforged.fml.loading.FMLConfig/CORE]: Loaded FML config from C:\Users\Kostya\Documents\GitHub\create_AES\runs\client\config\fml.toml
[04июл.2026 11:23:04.891] [main/TRACE] [net.neoforged.fml.loading.FMLConfig/CORE]: FMLConfig disableConfigWatcher is false
[04июл.2026 11:23:04.891] [main/TRACE] [net.neoforged.fml.loading.FMLConfig/CORE]: FMLConfig earlyWindowControl is true
[04июл.2026 11:23:04.891] [main/TRACE] [net.neoforged.fml.loading.FMLConfig/CORE]: FMLConfig maxThreads is 20
[04июл.2026 11:23:04.891] [main/TRACE] [net.neoforged.fml.loading.FMLConfig/CORE]: FMLConfig versionCheck is true
[04июл.2026 11:23:04.891] [main/TRACE] [net.neoforged.fml.loading.FMLConfig/CORE]: FMLConfig defaultConfigPath is defaultconfigs
[04июл.2026 11:23:04.891] [main/TRACE] [net.neoforged.fml.loading.FMLConfig/CORE]: FMLConfig disableOptimizedDFU is true
[04июл.2026 11:23:04.891] [main/TRACE] [net.neoforged.fml.loading.FMLConfig/CORE]: FMLConfig earlyWindowProvider is fmlearlywindow
[04июл.2026 11:23:04.891] [main/TRACE] [net.neoforged.fml.loading.FMLConfig/CORE]: FMLConfig earlyWindowWidth is 854
[04июл.2026 11:23:04.891] [main/TRACE] [net.neoforged.fml.loading.FMLConfig/CORE]: FMLConfig earlyWindowHeight is 480
[04июл.2026 11:23:04.892] [main/TRACE] [net.neoforged.fml.loading.FMLConfig/CORE]: FMLConfig earlyWindowFBScale is 1
[04июл.2026 11:23:04.892] [main/TRACE] [net.neoforged.fml.loading.FMLConfig/CORE]: FMLConfig earlyWindowMaximized is false
[04июл.2026 11:23:04.892] [main/TRACE] [net.neoforged.fml.loading.FMLConfig/CORE]: FMLConfig earlyWindowSkipGLVersions is []
[04июл.2026 11:23:04.892] [main/TRACE] [net.neoforged.fml.loading.FMLConfig/CORE]: FMLConfig earlyWindowSquir is false
[04июл.2026 11:23:04.900] [main/DEBUG] [net.neoforged.fml.loading.targets.CommonLaunchHandler/CORE]: Got mod coordinates create_AES%%C:\Users\Kostya\Documents\GitHub\create_AES\build\resources\main;create_AES%%C:\Users\Kostya\Documents\GitHub\create_AES\build\classes\java\main from env
[04июл.2026 11:23:04.901] [main/DEBUG] [net.neoforged.fml.loading.targets.CommonLaunchHandler/CORE]: Found supplied mod coordinates [{create_AES=[C:\Users\Kostya\Documents\GitHub\create_AES\build\resources\main, C:\Users\Kostya\Documents\GitHub\create_AES\build\classes\java\main]}]
[04июл.2026 11:23:04.903] [main/DEBUG] [cpw.mods.modlauncher.TransformationServicesHandler/MODLAUNCHER]: Found additional transformation services from discovery services: 
[04июл.2026 11:23:04.907] [main/INFO] [net.neoforged.fml.loading.ImmediateWindowHandler/]: Loading ImmediateWindowProvider fmlearlywindow
[04июл.2026 11:23:04.979] [main/INFO] [EARLYDISPLAY/]: Trying GL version 4.6
[04июл.2026 11:23:05.072] [main/INFO] [EARLYDISPLAY/]: Requested GL version 4.6 got version 4.6
[04июл.2026 11:23:05.113] [main/DEBUG] [cpw.mods.modlauncher.TransformationServicesHandler/MODLAUNCHER]: Found transformer services : [mixin,fml]
[04июл.2026 11:23:05.113] [main/DEBUG] [cpw.mods.modlauncher.TransformationServicesHandler/MODLAUNCHER]: Transformation services loading
[04июл.2026 11:23:05.113] [main/DEBUG] [cpw.mods.modlauncher.TransformationServiceDecorator/MODLAUNCHER]: Loading service mixin
[04июл.2026 11:23:05.113] [main/DEBUG] [cpw.mods.modlauncher.TransformationServiceDecorator/MODLAUNCHER]: Loaded service mixin
[04июл.2026 11:23:05.113] [main/DEBUG] [cpw.mods.modlauncher.TransformationServiceDecorator/MODLAUNCHER]: Loading service fml
[04июл.2026 11:23:05.113] [main/DEBUG] [net.neoforged.fml.loading.FMLLoader/CORE]: FML 4.0.42 loading
[04июл.2026 11:23:05.114] [main/DEBUG] [net.neoforged.fml.loading.FMLLoader/CORE]: FML found ModLauncher version : 11.0.5+main.901c6ea8
[04июл.2026 11:23:05.114] [main/DEBUG] [net.neoforged.fml.loading.FMLLoader/CORE]: FML found AccessTransformer version : 10.0.1+139da711
[04июл.2026 11:23:05.114] [main/DEBUG] [net.neoforged.fml.loading.FMLLoader/CORE]: FML found EventBus version : null
[04июл.2026 11:23:05.114] [main/DEBUG] [net.neoforged.fml.loading.FMLLoader/CORE]: Found Runtime Dist Cleaner
[04июл.2026 11:23:05.114] [main/DEBUG] [cpw.mods.modlauncher.TransformationServiceDecorator/MODLAUNCHER]: Loaded service fml
[04июл.2026 11:23:05.115] [main/DEBUG] [cpw.mods.modlauncher.TransformationServicesHandler/MODLAUNCHER]: Configuring option handling for services
[04июл.2026 11:23:05.123] [main/DEBUG] [net.neoforged.fml.loading.FMLServiceProvider/CORE]: Received command line version data  : VersionInfo[neoForgeVersion=21.1.227, fmlVersion=4.0.42, mcVersion=1.21.1, neoFormVersion=20240808.144430]
[04июл.2026 11:23:05.123] [main/DEBUG] [cpw.mods.modlauncher.TransformationServicesHandler/MODLAUNCHER]: Transformation services initializing
[04июл.2026 11:23:05.123] [main/DEBUG] [cpw.mods.modlauncher.TransformationServiceDecorator/MODLAUNCHER]: Initializing transformation service mixin
[04июл.2026 11:23:05.129] [main/DEBUG] [mixin/]: MixinService [ModLauncher] was successfully booted in cpw.mods.cl.ModuleClassLoader@4fb64261
[04июл.2026 11:23:05.135] [main/INFO] [mixin/]: SpongePowered MIXIN Subsystem Version=0.8.7 Source=union:/C:/Users/Kostya/.gradle/caches/modules-2/files-2.1/net.fabricmc/sponge-mixin/0.15.2+mixin.0.8.7/2af2f021d8e02a0220dc27a7a72b4666d66d44ca/sponge-mixin-0.15.2+mixin.0.8.7.jar%23142!/ Service=ModLauncher Env=CLIENT
[04июл.2026 11:23:05.136] [main/DEBUG] [mixin/]: Initialising Mixin Platform Manager
[04июл.2026 11:23:05.136] [main/DEBUG] [mixin/]: Adding mixin platform agents for container ModLauncher Root Container(ModLauncher:4f56a0a2)
[04июл.2026 11:23:05.136] [main/DEBUG] [mixin/]: Instancing new MixinPlatformAgentMinecraftForge for ModLauncher Root Container(ModLauncher:4f56a0a2)
[04июл.2026 11:23:05.136] [main/DEBUG] [mixin/]: MixinPlatformAgentMinecraftForge rejected container ModLauncher Root Container(ModLauncher:4f56a0a2)
[04июл.2026 11:23:05.136] [main/DEBUG] [mixin/]: Instancing new MixinPlatformAgentDefault for ModLauncher Root Container(ModLauncher:4f56a0a2)
[04июл.2026 11:23:05.136] [main/DEBUG] [mixin/]: MixinPlatformAgentDefault accepted container ModLauncher Root Container(ModLauncher:4f56a0a2)
[04июл.2026 11:23:05.138] [main/DEBUG] [cpw.mods.modlauncher.TransformationServiceDecorator/MODLAUNCHER]: Initialized transformation service mixin
[04июл.2026 11:23:05.138] [main/DEBUG] [cpw.mods.modlauncher.TransformationServiceDecorator/MODLAUNCHER]: Initializing transformation service fml
[04июл.2026 11:23:05.138] [main/DEBUG] [net.neoforged.fml.loading.FMLServiceProvider/CORE]: Setting up basic FML game directories
[04июл.2026 11:23:05.139] [main/DEBUG] [net.neoforged.fml.loading.FMLPaths/CORE]: Path GAMEDIR is C:\Users\Kostya\Documents\GitHub\create_AES\runs\client
[04июл.2026 11:23:05.139] [main/DEBUG] [net.neoforged.fml.loading.FMLPaths/CORE]: Path MODSDIR is C:\Users\Kostya\Documents\GitHub\create_AES\runs\client\mods
[04июл.2026 11:23:05.139] [main/DEBUG] [net.neoforged.fml.loading.FMLPaths/CORE]: Path CONFIGDIR is C:\Users\Kostya\Documents\GitHub\create_AES\runs\client\config
[04июл.2026 11:23:05.139] [main/DEBUG] [net.neoforged.fml.loading.FMLPaths/CORE]: Path FMLCONFIG is C:\Users\Kostya\Documents\GitHub\create_AES\runs\client\config\fml.toml
[04июл.2026 11:23:05.139] [main/DEBUG] [net.neoforged.fml.loading.FMLServiceProvider/CORE]: Loading configuration
[04июл.2026 11:23:05.140] [main/TRACE] [net.neoforged.fml.loading.FMLConfig/CORE]: Loaded FML config from C:\Users\Kostya\Documents\GitHub\create_AES\runs\client\config\fml.toml
[04июл.2026 11:23:05.141] [main/TRACE] [net.neoforged.fml.loading.FMLConfig/CORE]: FMLConfig disableConfigWatcher is false
[04июл.2026 11:23:05.141] [main/TRACE] [net.neoforged.fml.loading.FMLConfig/CORE]: FMLConfig earlyWindowControl is true
[04июл.2026 11:23:05.141] [main/TRACE] [net.neoforged.fml.loading.FMLConfig/CORE]: FMLConfig maxThreads is 20
[04июл.2026 11:23:05.141] [main/TRACE] [net.neoforged.fml.loading.FMLConfig/CORE]: FMLConfig versionCheck is true
[04июл.2026 11:23:05.141] [main/TRACE] [net.neoforged.fml.loading.FMLConfig/CORE]: FMLConfig defaultConfigPath is defaultconfigs
[04июл.2026 11:23:05.141] [main/TRACE] [net.neoforged.fml.loading.FMLConfig/CORE]: FMLConfig disableOptimizedDFU is true
[04июл.2026 11:23:05.141] [main/TRACE] [net.neoforged.fml.loading.FMLConfig/CORE]: FMLConfig earlyWindowProvider is fmlearlywindow
[04июл.2026 11:23:05.141] [main/TRACE] [net.neoforged.fml.loading.FMLConfig/CORE]: FMLConfig earlyWindowWidth is 854
[04июл.2026 11:23:05.141] [main/TRACE] [net.neoforged.fml.loading.FMLConfig/CORE]: FMLConfig earlyWindowHeight is 480
[04июл.2026 11:23:05.141] [main/TRACE] [net.neoforged.fml.loading.FMLConfig/CORE]: FMLConfig earlyWindowFBScale is 1
[04июл.2026 11:23:05.141] [main/TRACE] [net.neoforged.fml.loading.FMLConfig/CORE]: FMLConfig earlyWindowMaximized is false
[04июл.2026 11:23:05.141] [main/TRACE] [net.neoforged.fml.loading.FMLConfig/CORE]: FMLConfig earlyWindowSkipGLVersions is []
[04июл.2026 11:23:05.141] [main/TRACE] [net.neoforged.fml.loading.FMLConfig/CORE]: FMLConfig earlyWindowSquir is false
[04июл.2026 11:23:05.142] [main/DEBUG] [net.neoforged.fml.loading.LaunchContext/SCAN]: Located paths when launch context was created: [C:\Users\Kostya\.gradle\caches\modules-2\files-2.1\net.minecrell\terminalconsoleappender\1.3.0\b562e9bb61235c9520e26282cdee71f8f802d1fc\terminalconsoleappender-1.3.0.jar, C:\Users\Kostya\.gradle\caches\modules-2\files-2.1\org.codehaus.plexus\plexus-utils\3.3.0\cf43b5391de623b36fe066a21127baef82c64022\plexus-utils-3.3.0.jar, C:\Users\Kostya\.gradle\caches\modules-2\files-2.1\commons-logging\commons-logging\1.2\4bfc12adfe4842bf07b657f0369c4cb522955686\commons-logging-1.2.jar, C:\Users\Kostya\.gradle\caches\modules-2\files-2.1\org.jline\jline-reader\3.20.0\8f15415b022a25b473e8e16c28ae913186ffb9c4\jline-reader-3.20.0.jar, C:\Users\Kostya\.gradle\caches\modules-2\files-2.1\org.openjdk.nashorn\nashorn-core\15.4\f67f5ffaa5f5130cf6fb9b133da00c7df3b532a5\nashorn-core-15.4.jar, C:\Users\Kostya\.gradle\caches\modules-2\files-2.1\org.apache.commons\commons-lang3\3.14.0\1ed471194b02f2c6cb734a0cd6f6f107c673afae\commons-lang3-3.14.0.jar, C:\Users\Kostya\.gradle\caches\modules-2\files-2.1\com.mojang\patchy\2.2.10\da05971b07cbb379d002cf7eaec6a2048211fefc\patchy-2.2.10.jar, C:\Users\Kostya\.gradle\caches\modules-2\files-2.1\org.lwjgl\lwjgl-jemalloc\3.3.3\426222fc027602a5f21b9c0fe79cde6a4c7a011f\lwjgl-jemalloc-3.3.3-natives-windows.jar, C:\Users\Kostya\.gradle\caches\modules-2\files-2.1\net.java.dev.jna\jna-platform\5.14.0\28934d48aed814f11e4c584da55c49fa7032b31b\jna-platform-5.14.0.jar, C:\Users\Kostya\.gradle\caches\modules-2\files-2.1\org.lwjgl\lwjgl-opengl\3.3.3\65e956d3735a1abdc82eff4baec1b61174697d4b\lwjgl-opengl-3.3.3-natives-windows-arm64.jar, C:\Users\Kostya\.gradle\caches\modules-2\files-2.1\com.google.guava\listenablefuture\9999.0-empty-to-avoid-conflict-with-guava\b421526c5f297295adef1c886e5246c39d4ac629\listenablefuture-9999.0-empty-to-avoid-conflict-with-guava.jar, C:\Users\Kostya\.gradle\caches\modules-2\files-2.1\org.lwjgl\lwjgl-freetype\3.3.3\a0db6c84a8becc8ca05f9dbfa985edc348a824c7\lwjgl-freetype-3.3.3.jar, C:\Users\Kostya\.gradle\caches\modules-2\files-2.1\io.netty\netty-resolver\4.1.97.Final\cec8348108dc76c47cf87c669d514be52c922144\netty-resolver-4.1.97.Final.jar, C:\Users\Kostya\.gradle\caches\modules-2\files-2.1\com.mojang\brigadier\1.3.10\d15b53a14cf20fdcaa98f731af5dda654452c010\brigadier-1.3.10.jar, C:\Users\Kostya\.gradle\caches\modules-2\files-2.1\org.lwjgl\lwjgl-stb\3.3.3\1d9facdf6541de114b0f963be33505b7679c78cb\lwjgl-stb-3.3.3-natives-windows.jar, C:\Users\Kostya\.gradle\caches\modules-2\files-2.1\org.lwjgl\lwjgl-glfw\3.3.3\efa1eb78c5ccd840e9f329717109b5e892d72f8e\lwjgl-glfw-3.3.3.jar, C:\Users\Kostya\.gradle\caches\modules-2\files-2.1\ca.weblite\java-objc-bridge\1.1\1227f9e0666314f9de41477e3ec277e542ed7f7b\java-objc-bridge-1.1.jar, C:\Users\Kostya\.gradle\caches\modules-2\files-2.1\cpw.mods\modlauncher\11.0.5\b8f0d49294f733fdb6173931b263553e943dc950\modlauncher-11.0.5.jar, C:\Users\Kostya\.gradle\caches\modules-2\files-2.1\net.neoforged\JarJarMetadata\0.4.1\f8da03683dc81694556dc3e177c5e3bb77ae6fcb\JarJarMetadata-0.4.1.jar, C:\Users\Kostya\.gradle\caches\modules-2\files-2.1\org.apache.logging.log4j\log4j-core\2.22.1\7183a25510a02ad00cc6a95d3b3d2a7d3c5a8dc4\log4j-core-2.22.1.jar, C:\Users\Kostya\.gradle\caches\modules-2\files-2.1\io.netty\netty-transport-native-unix-common\4.1.97.Final\d469d84265ab70095b01b40886cabdd433b6e664\netty-transport-native-unix-common-4.1.97.Final.jar, C:\Users\Kostya\.gradle\caches\modules-2\files-2.1\com.machinezoo.noexception\noexception\1.7.1\b65330c98e38a1f915fa54a6e5eca496505e3f0a\noexception-1.7.1.jar, C:\Users\Kostya\.gradle\caches\modules-2\files-2.1\com.mojang\authlib\6.0.54\de8bc95660e1b2fe8793fd427a7a10dcec5b3ea7\authlib-6.0.54.jar, C:\Users\Kostya\.gradle\caches\modules-2\files-2.1\com.google.guava\failureaccess\1.0.1\1dcf1de382a0bf95a3d8b0849546c88bac1292c9\failureaccess-1.0.1.jar, C:\Users\Kostya\.gradle\caches\modules-2\files-2.1\org.lwjgl\lwjgl-tinyfd\3.3.3\82d755ca94b102e9ca77283b9e2dc46d1b15fbe5\lwjgl-tinyfd-3.3.3.jar, C:\Users\Kostya\.gradle\caches\modules-2\files-2.1\net.neoforged\accesstransformers\10.0.1\fd83b5725f76eae9115e9355fa1c456a6a441400\accesstransformers-10.0.1.jar, C:\Users\Kostya\.gradle\caches\modules-2\files-2.1\net.neoforged\JarJarSelector\0.4.1\fb3cc7a58af22ad2880adb98af6d518128c47dae\JarJarSelector-0.4.1.jar, C:\Users\Kostya\.gradle\caches\modules-2\files-2.1\com.ibm.icu\icu4j\73.2\61ad4ef7f9131fcf6d25c34b817f90d6da06c9e9\icu4j-73.2.jar, C:\Users\Kostya\.gradle\caches\modules-2\files-2.1\commons-io\commons-io\2.15.1\f11560da189ab563a5c8e351941415430e9304ea\commons-io-2.15.1.jar, C:\Users\Kostya\.gradle\caches\modules-2\files-2.1\com.electronwill.night-config\toml\3.8.3\90b2fd6efcb4a7d5b9810cf78f9d824994d717f2\toml-3.8.3.jar, C:\Users\Kostya\.gradle\caches\modules-2\files-2.1\org.jcraft\jorbis\0.0.17\8872d22b293e8f5d7d56ff92be966e6dc28ebdc6\jorbis-0.0.17.jar, C:\Users\Kostya\.gradle\caches\modules-2\files-2.1\com.github.oshi\oshi-core\6.4.10\b1d8ab82d11d92fd639b56d639f8f46f739dd5fa\oshi-core-6.4.10.jar, C:\Users\Kostya\.gradle\caches\modules-2\files-2.1\net.neoforged.fancymodloader\earlydisplay\4.0.42\46555dbfff14e9e052f1f693aed14d542a74e111\earlydisplay-4.0.42.jar, C:\Users\Kostya\.gradle\caches\modules-2\files-2.1\org.jline\jline-terminal\3.20.0\d0ddcc708ddf527a3454c941b7b9225cc83a15ff\jline-terminal-3.20.0.jar, C:\Users\Kostya\.gradle\caches\modules-2\files-2.1\net.neoforged\mergetool\2.0.3\1275202cbbb248f49345cf6787ce299afd9a02fb\mergetool-2.0.3-api.jar, C:\Users\Kostya\.gradle\caches\modules-2\files-2.1\org.lwjgl\lwjgl-openal\3.3.3\87b8d5050e3adb46bb58fe1cb2669a4a48fce10d\lwjgl-openal-3.3.3-natives-windows-x86.jar, C:\Users\Kostya\.gradle\caches\modules-2\files-2.1\org.lwjgl\lwjgl-freetype\3.3.3\15a8c1de7f51d07a92eae7ce1222557073a0c0c3\lwjgl-freetype-3.3.3-natives-windows-x86.jar, C:\Users\Kostya\.gradle\caches\modules-2\files-2.1\net.neoforged\coremods\7.0.3\9147e6f638b4272b3bd5fc8f92ad37802512c6c\coremods-7.0.3.jar, C:\Users\Kostya\.gradle\caches\modules-2\files-2.1\org.apache.maven\maven-artifact\3.8.5\4433f50c07debefaed0553bd0068f4f48d449313\maven-artifact-3.8.5.jar, C:\Users\Kostya\.gradle\caches\modules-2\files-2.1\net.neoforged\bus\8.0.5\5b2d33285ab5d1554e9798ad98c40d6ea3868bd5\bus-8.0.5.jar, C:\Users\Kostya\.gradle\caches\modules-2\files-2.1\com.mojang\datafixerupper\8.0.16\67d4de6d7f95d89bcf5862995fb854ebaec02a34\datafixerupper-8.0.16.jar, C:\Users\Kostya\.gradle\caches\modules-2\files-2.1\org.lwjgl\lwjgl-openal\3.3.3\daada81ceb5fc0c291fbfdd4433cb8d9423577f2\lwjgl-openal-3.3.3.jar, C:\Users\Kostya\.gradle\caches\modules-2\files-2.1\org.apache.commons\commons-compress\1.26.0\659feffdd12280201c8aacb8f7be94f9a883c824\commons-compress-1.26.0.jar, C:\Users\Kostya\.gradle\caches\modules-2\files-2.1\org.lz4\lz4-java\1.8.0\4b986a99445e49ea5fbf5d149c4b63f6ed6c6780\lz4-java-1.8.0.jar, C:\Users\Kostya\.gradle\caches\modules-2\files-2.1\io.netty\netty-common\4.1.97.Final\7cceacaf11df8dc63f23d0fb58e9d4640fc88404\netty-common-4.1.97.Final.jar, C:\Users\Kostya\.gradle\caches\modules-2\files-2.1\net.fabricmc\sponge-mixin\0.15.2+mixin.0.8.7\2af2f021d8e02a0220dc27a7a72b4666d66d44ca\sponge-mixin-0.15.2+mixin.0.8.7.jar, C:\Users\Kostya\.gradle\caches\modules-2\files-2.1\org.jetbrains\annotations\24.1.0\7af6a669488450c4a07c2c3254e2151df42d7d04\annotations-24.1.0.jar, C:\Users\Kostya\.gradle\caches\modules-2\files-2.1\io.netty\netty-buffer\4.1.97.Final\f8f3d8644afa5e6e1a40a3a6aeb9d9aa970ecb4f\netty-buffer-4.1.97.Final.jar, C:\Users\Kostya\.gradle\caches\modules-2\files-2.1\org.apache.httpcomponents\httpclient\4.5.13\e5f6cae5ca7ecaac1ec2827a9e2d65ae2869cada\httpclient-4.5.13.jar, C:\Users\Kostya\.gradle\caches\modules-2\files-2.1\commons-codec\commons-codec\1.16.0\4e3eb3d79888d76b54e28b350915b5dc3919c9de\commons-codec-1.16.0.jar, C:\Users\Kostya\.gradle\caches\modules-2\files-2.1\org.lwjgl\lwjgl-jemalloc\3.3.3\b543467b7ff3c6920539a88ee602d34098628be5\lwjgl-jemalloc-3.3.3.jar, C:\Users\Kostya\.gradle\caches\modules-2\files-2.1\io.netty\netty-transport-classes-epoll\4.1.97.Final\795da37ded759e862457a82d9d92c4d39ce8ecee\netty-transport-classes-epoll-4.1.97.Final.jar, C:\Users\Kostya\.gradle\caches\modules-2\files-2.1\com.google.guava\guava\32.1.2-jre\5e64ec7e056456bef3a4bc4c6fdaef71e8ab6318\guava-32.1.2-jre.jar, C:\Users\Kostya\.gradle\caches\modules-2\files-2.1\org.lwjgl\lwjgl\3.3.3\9e670718e050aeaeea0c2d5b907cffb142f2e58f\lwjgl-3.3.3-natives-windows-x86.jar, C:\Users\Kostya\.gradle\caches\modules-2\files-2.1\net.minecraftforge\srgutils\0.4.15\ca408b131759478f164e010fae0d73997e125fb5\srgutils-0.4.15.jar, C:\Users\Kostya\.gradle\caches\modules-2\files-2.1\net.java.dev.jna\jna\5.14.0\67bf3eaea4f0718cb376a181a629e5f88fa1c9dd\jna-5.14.0.jar, C:\Users\Kostya\.gradle\caches\modules-2\files-2.1\com.google.code.gson\gson\2.10.1\b3add478d4382b78ea20b1671390a858002feb6c\gson-2.10.1.jar, C:\Users\Kostya\.gradle\caches\modules-2\files-2.1\io.netty\netty-codec\4.1.97.Final\384ba4d75670befbedb45c4d3b497a93639c206d\netty-codec-4.1.97.Final.jar, C:\Users\Kostya\.gradle\caches\modules-2\files-2.1\net.jodah\typetools\0.6.3\a01aaa6ddaea9ec07ec4f209487b7a46a526283a\typetools-0.6.3.jar, C:\Users\Kostya\.gradle\caches\modules-2\files-2.1\org.lwjgl\lwjgl-glfw\3.3.3\32334f3fd5270a59bad9939a93115acb6de36dcf\lwjgl-glfw-3.3.3-natives-windows-x86.jar, C:\Users\Kostya\.gradle\caches\modules-2\files-2.1\org.checkerframework\checker-qual\3.33.0\de2b60b62da487644fc11f734e73c8b0b431238f\checker-qual-3.33.0.jar, C:\Users\Kostya\.gradle\caches\modules-2\files-2.1\it.unimi.dsi\fastutil\8.5.12\c24946d46824bd528054bface3231d2ecb7e95e8\fastutil-8.5.12.jar, C:\Users\Kostya\.gradle\caches\modules-2\files-2.1\org.apache.logging.log4j\log4j-slf4j2-impl\2.22.1\d7e6693c2606cb7e7335047d7bb96dec52db5665\log4j-slf4j2-impl-2.22.1.jar, C:\Users\Kostya\.gradle\caches\modules-2\files-2.1\io.netty\netty-handler\4.1.97.Final\abb86c6906bf512bf2b797a41cd7d2e8d3cd7c36\netty-handler-4.1.97.Final.jar, C:\Users\Kostya\.gradle\caches\modules-2\files-2.1\org.apache.httpcomponents\httpcore\4.4.16\51cf043c87253c9f58b539c9f7e44c8894223850\httpcore-4.4.16.jar, C:\Users\Kostya\.gradle\caches\modules-2\files-2.1\com.mojang\text2speech\1.17.9\3cad216e3a7f0c19b4b394388bc9ffc446f13b14\text2speech-1.17.9.jar, C:\Users\Kostya\.gradle\caches\modules-2\files-2.1\com.mojang\blocklist\1.0.10\5c685c5ffa94c4cd39496c7184c1d122e515ecef\blocklist-1.0.10.jar, C:\Users\Kostya\.gradle\caches\modules-2\files-2.1\com.electronwill.night-config\core\3.8.3\b442a95f09e349927f5a945ecb594455870fcf4f\core-3.8.3.jar, C:\Users\Kostya\.gradle\caches\modules-2\files-2.1\com.google.errorprone\error_prone_annotations\2.18.0\89b684257096f548fa39a7df9fdaa409d4d4df91\error_prone_annotations-2.18.0.jar, C:\Users\Kostya\.gradle\caches\modules-2\files-2.1\com.google.j2objc\j2objc-annotations\2.8\c85270e307e7b822f1086b93689124b89768e273\j2objc-annotations-2.8.jar, C:\Users\Kostya\.gradle\caches\modules-2\files-2.1\org.lwjgl\lwjgl-opengl\3.3.3\2f6b0147078396a58979125a4c947664e98293a\lwjgl-opengl-3.3.3.jar, C:\Users\Kostya\.gradle\caches\modules-2\files-2.1\org.lwjgl\lwjgl\3.3.3\29589b5f87ed335a6c7e7ee6a5775f81f97ecb84\lwjgl-3.3.3.jar, C:\Users\Kostya\.gradle\caches\modules-2\files-2.1\net.sf.jopt-simple\jopt-simple\5.0.4\4fdac2fbe92dfad86aa6e9301736f6b4342a3f5c\jopt-simple-5.0.4.jar, C:\Users\Kostya\Documents\GitHub\create_AES\.gradle\repositories\ng_dummy_ng\net\minecraft\client\1.21.1\client-1.21.1-client-extra.jar, C:\Users\Kostya\.gradle\caches\modules-2\files-2.1\org.lwjgl\lwjgl-tinyfd\3.3.3\a6697981b0449a5087c1d546fc08b4f73e8f98c9\lwjgl-tinyfd-3.3.3-natives-windows.jar, C:\Users\Kostya\.gradle\caches\modules-2\files-2.1\net.neoforged.fancymodloader\loader\4.0.42\76e15f98bf676fb44b36c5e776f52a55581ec43a\loader-4.0.42.jar, C:\Users\Kostya\.gradle\caches\modules-2\files-2.1\org.lwjgl\lwjgl-stb\3.3.3\25dd6161988d7e65f71d5065c99902402ee32746\lwjgl-stb-3.3.3.jar, C:\Users\Kostya\.gradle\caches\modules-2\files-2.1\io.netty\netty-transport\4.1.97.Final\f37380d23c9bb079bc702910833b2fd532c9abd0\netty-transport-4.1.97.Final.jar, C:\Users\Kostya\.gradle\caches\modules-2\files-2.1\org.slf4j\slf4j-api\2.0.9\7cf2726fdcfbc8610f9a71fb3ed639871f315340\slf4j-api-2.0.9.jar, C:\Users\Kostya\.gradle\caches\modules-2\files-2.1\net.neoforged.accesstransformers\at-modlauncher\10.0.1\5aba50202aceead086bc09fbc2751c9f05cb4890\at-modlauncher-10.0.1.jar, C:\Users\Kostya\.gradle\caches\modules-2\files-2.1\com.mojang\logging\1.2.7\24cb95ffb0e3433fd6e844c04e68009e504ca1c0\logging-1.2.7.jar, C:\Users\Kostya\.gradle\caches\modules-2\files-2.1\org.joml\joml\1.10.5\22566d58af70ad3d72308bab63b8339906deb649\joml-1.10.5.jar, C:\Users\Kostya\.gradle\caches\modules-2\files-2.1\com.google.code.findbugs\jsr305\3.0.2\25ea2e8b0c338a877313bd4672d3fe056ea78f0d\jsr305-3.0.2.jar, C:\Users\Kostya\.gradle\caches\modules-2\files-2.1\org.apache.logging.log4j\log4j-api\2.22.1\bea6fede6328fabafd7e68363161a7ea6605abd1\log4j-api-2.22.1.jar, C:\Users\Kostya\.gradle\caches\modules-2\files-2.1\org.antlr\antlr4-runtime\4.13.1\17125bae1d965624e265ef49552f6465a2bfa307\antlr4-runtime-4.13.1.jar]
[04июл.2026 11:23:05.142] [main/DEBUG] [net.neoforged.fml.loading.FMLServiceProvider/CORE]: Preparing launch handler
[04июл.2026 11:23:05.143] [main/DEBUG] [net.neoforged.fml.loading.FMLLoader/CORE]: Using forgeclientdev as launch service
[04июл.2026 11:23:05.143] [main/DEBUG] [net.neoforged.fml.common.asm.RuntimeDistCleaner/DISTXFORM]: Configuring for Dist CLIENT
[04июл.2026 11:23:05.144] [main/DEBUG] [cpw.mods.modlauncher.TransformationServiceDecorator/MODLAUNCHER]: Initialized transformation service fml
[04июл.2026 11:23:05.144] [main/DEBUG] [cpw.mods.modlauncher.TransformationServicesHandler/MODLAUNCHER]: Transformation services begin scanning
[04июл.2026 11:23:05.144] [main/DEBUG] [cpw.mods.modlauncher.TransformationServiceDecorator/MODLAUNCHER]: Beginning scan trigger - transformation service mixin
[04июл.2026 11:23:05.144] [main/DEBUG] [cpw.mods.modlauncher.TransformationServiceDecorator/MODLAUNCHER]: End scan trigger - transformation service mixin
[04июл.2026 11:23:05.144] [main/DEBUG] [cpw.mods.modlauncher.TransformationServiceDecorator/MODLAUNCHER]: Beginning scan trigger - transformation service fml
[04июл.2026 11:23:05.145] [main/DEBUG] [net.neoforged.fml.loading.FMLServiceProvider/CORE]: Initiating mod scan
[04июл.2026 11:23:05.145] [main/DEBUG] [net.neoforged.fml.loading.targets.CommonLaunchHandler/CORE]: Got mod coordinates create_AES%%C:\Users\Kostya\Documents\GitHub\create_AES\build\resources\main;create_AES%%C:\Users\Kostya\Documents\GitHub\create_AES\build\classes\java\main from env
[04июл.2026 11:23:05.145] [main/DEBUG] [net.neoforged.fml.loading.targets.CommonLaunchHandler/CORE]: Found supplied mod coordinates [{create_AES=[C:\Users\Kostya\Documents\GitHub\create_AES\build\resources\main, C:\Users\Kostya\Documents\GitHub\create_AES\build\classes\java\main]}]
[04июл.2026 11:23:05.146] [main/DEBUG] [net.neoforged.fml.loading.targets.CommonDevLaunchHandler/]: Launching with NeoForge from C:\Users\Kostya\Documents\GitHub\create_AES\.gradle\repositories\ng_dummy_ng\net\neoforged\neoforge\21.1.227\neoforge-21.1.227.jar
[04июл.2026 11:23:05.153] [main/DEBUG] [net.neoforged.fml.util.ServiceLoaderUtil/CORE]: Found 4 implementations of IModFileCandidateLocator:
[04июл.2026 11:23:05.154] [main/DEBUG] [net.neoforged.fml.util.ServiceLoaderUtil/CORE]: 	       0 - [built-in] net.neoforged.fml.loading.moddiscovery.locators.NeoForgeDevProvider from loader-4.0.42.jar
[04июл.2026 11:23:05.154] [main/DEBUG] [net.neoforged.fml.util.ServiceLoaderUtil/CORE]: 	       0 - net.neoforged.fml.loading.moddiscovery.locators.ModsFolderLocator from loader-4.0.42.jar
[04июл.2026 11:23:05.154] [main/DEBUG] [net.neoforged.fml.util.ServiceLoaderUtil/CORE]: 	       0 - net.neoforged.fml.loading.moddiscovery.locators.MavenDirectoryLocator from loader-4.0.42.jar
[04июл.2026 11:23:05.154] [main/DEBUG] [net.neoforged.fml.util.ServiceLoaderUtil/CORE]: 	   -1000 - [built-in] net.neoforged.fml.loading.moddiscovery.locators.UserdevLocator from loader-4.0.42.jar
[04июл.2026 11:23:05.155] [main/DEBUG] [net.neoforged.fml.util.ServiceLoaderUtil/CORE]: Found 2 implementations of IModFileReader:
[04июл.2026 11:23:05.156] [main/DEBUG] [net.neoforged.fml.util.ServiceLoaderUtil/CORE]: 	       0 - net.neoforged.fml.loading.moddiscovery.readers.JarModsDotTomlModFileReader from loader-4.0.42.jar
[04июл.2026 11:23:05.156] [main/DEBUG] [net.neoforged.fml.util.ServiceLoaderUtil/CORE]: 	   -1000 - net.neoforged.fml.loading.moddiscovery.readers.NestedLibraryModReader from loader-4.0.42.jar
[04июл.2026 11:23:05.156] [main/DEBUG] [net.neoforged.fml.util.ServiceLoaderUtil/CORE]: Found 1 implementations of IDependencyLocator:
[04июл.2026 11:23:05.157] [main/DEBUG] [net.neoforged.fml.util.ServiceLoaderUtil/CORE]: 	       0 - net.neoforged.fml.loading.moddiscovery.locators.JarInJarDependencyLocator from loader-4.0.42.jar
[04июл.2026 11:23:05.157] [main/DEBUG] [net.neoforged.fml.loading.moddiscovery.ModDiscoverer/SCAN]: Scanning for mods and other resources to load. We know 4 ways to find mods
[04июл.2026 11:23:05.157] [main/DEBUG] [net.neoforged.fml.loading.moddiscovery.ModDiscoverer/SCAN]: Trying locator neoforge devenv provider ([C:\Users\Kostya\Documents\GitHub\create_AES\.gradle\repositories\ng_dummy_ng\net\neoforged\neoforge\21.1.227\neoforge-21.1.227.jar])
[04июл.2026 11:23:05.218] [main/DEBUG] [net.neoforged.fml.loading.moddiscovery.ModFileInfo/LOADING]: Found valid mod file neoforge-21.1.227.jar with {minecraft} mods - versions {1.21.1}
[04июл.2026 11:23:05.218] [main/INFO] [net.neoforged.fml.loading.moddiscovery.ModDiscoverer/SCAN]: Found mod file "neoforge-21.1.227.jar" [locator: neoforge devenv provider ([C:\Users\Kostya\Documents\GitHub\create_AES\.gradle\repositories\ng_dummy_ng\net\neoforged\neoforge\21.1.227\neoforge-21.1.227.jar])]
[04июл.2026 11:23:05.222] [main/DEBUG] [net.neoforged.fml.loading.moddiscovery.readers.JarModsDotTomlModFileReader/SCAN]: Found META-INF/neoforge.mods.toml mod of type null: C:\Users\Kostya\Documents\GitHub\create_AES\.gradle\repositories\ng_dummy_ng\net\neoforged\neoforge\21.1.227\neoforge-21.1.227.jar
[04июл.2026 11:23:05.222] [main/DEBUG] [net.neoforged.fml.loading.moddiscovery.ModFileParser/LOADING]: Considering mod file candidate C:\Users\Kostya\Documents\GitHub\create_AES\.gradle\repositories\ng_dummy_ng\net\neoforged\neoforge\21.1.227\neoforge-21.1.227.jar
[04июл.2026 11:23:05.231] [main/DEBUG] [net.neoforged.fml.loading.moddiscovery.ModFileInfo/LOADING]: Found valid mod file neoforge-21.1.227.jar with {neoforge} mods - versions {21.1.227}
[04июл.2026 11:23:05.231] [main/INFO] [net.neoforged.fml.loading.moddiscovery.ModDiscoverer/SCAN]: Found mod file "neoforge-21.1.227.jar" [locator: neoforge devenv provider ([C:\Users\Kostya\Documents\GitHub\create_AES\.gradle\repositories\ng_dummy_ng\net\neoforged\neoforge\21.1.227\neoforge-21.1.227.jar])]
[04июл.2026 11:23:05.231] [main/DEBUG] [net.neoforged.fml.loading.moddiscovery.ModDiscoverer/SCAN]: Locator neoforge devenv provider ([C:\Users\Kostya\Documents\GitHub\create_AES\.gradle\repositories\ng_dummy_ng\net\neoforged\neoforge\21.1.227\neoforge-21.1.227.jar]) found 2 mods, 0 warnings, 0 errors and skipped 0 candidates
[04июл.2026 11:23:05.232] [main/DEBUG] [net.neoforged.fml.loading.moddiscovery.ModDiscoverer/SCAN]: Trying locator {mods folder locator at C:\Users\Kostya\Documents\GitHub\create_AES\runs\client\mods}
[04июл.2026 11:23:05.232] [main/DEBUG] [net.neoforged.fml.loading.moddiscovery.locators.ModsFolderLocator/SCAN]: Scanning mods dir C:\Users\Kostya\Documents\GitHub\create_AES\runs\client\mods for mods
[04июл.2026 11:23:05.235] [main/DEBUG] [net.neoforged.fml.loading.moddiscovery.readers.JarModsDotTomlModFileReader/SCAN]: Found META-INF/neoforge.mods.toml mod of type null: C:\Users\Kostya\Documents\GitHub\create_AES\runs\client\mods\jei-1.21.1-neoforge-19.27.0.340.jar
[04июл.2026 11:23:05.235] [main/DEBUG] [net.neoforged.fml.loading.moddiscovery.ModFileParser/LOADING]: Considering mod file candidate C:\Users\Kostya\Documents\GitHub\create_AES\runs\client\mods\jei-1.21.1-neoforge-19.27.0.340.jar
[04июл.2026 11:23:05.239] [main/DEBUG] [net.neoforged.fml.loading.moddiscovery.ModFileInfo/LOADING]: Found valid mod file jei-1.21.1-neoforge-19.27.0.340.jar with {jei} mods - versions {19.27.0.340}
[04июл.2026 11:23:05.239] [main/INFO] [net.neoforged.fml.loading.moddiscovery.ModDiscoverer/SCAN]: Found mod file "jei-1.21.1-neoforge-19.27.0.340.jar" [locator: {mods folder locator at C:\Users\Kostya\Documents\GitHub\create_AES\runs\client\mods}, reader: mod manifest]
[04июл.2026 11:23:05.240] [main/DEBUG] [net.neoforged.fml.loading.moddiscovery.ModDiscoverer/SCAN]: Locator {mods folder locator at C:\Users\Kostya\Documents\GitHub\create_AES\runs\client\mods} found 1 mods, 0 warnings, 0 errors and skipped 0 candidates
[04июл.2026 11:23:05.240] [main/DEBUG] [net.neoforged.fml.loading.moddiscovery.ModDiscoverer/SCAN]: Trying locator maven libs
[04июл.2026 11:23:05.241] [main/DEBUG] [net.neoforged.fml.loading.moddiscovery.ModListHandler/CORE]: Found mod coordinates from lists: []
[04июл.2026 11:23:05.241] [main/DEBUG] [net.neoforged.fml.loading.moddiscovery.ModDiscoverer/SCAN]: Locator maven libs found 0 mods, 0 warnings, 0 errors and skipped 0 candidates
[04июл.2026 11:23:05.241] [main/DEBUG] [net.neoforged.fml.loading.moddiscovery.ModDiscoverer/SCAN]: Trying locator userdev mods and services
[04июл.2026 11:23:05.242] [main/DEBUG] [net.neoforged.fml.loading.moddiscovery.readers.JarModsDotTomlModFileReader/SCAN]: Found META-INF/neoforge.mods.toml mod of type null: C:\Users\Kostya\Documents\GitHub\create_AES\build\resources\main
[04июл.2026 11:23:05.242] [main/DEBUG] [net.neoforged.fml.loading.moddiscovery.ModFileParser/LOADING]: Considering mod file candidate C:\Users\Kostya\Documents\GitHub\create_AES\build\resources\main
[04июл.2026 11:23:05.244] [main/DEBUG] [net.neoforged.fml.loading.moddiscovery.ModFileInfo/LOADING]: Found valid mod file main with {create_additional_energy_sourses} mods - versions {1.0.0}
[04июл.2026 11:23:05.244] [main/INFO] [net.neoforged.fml.loading.moddiscovery.ModDiscoverer/SCAN]: Found mod file "main" [locator: userdev mods and services, reader: mod manifest]
[04июл.2026 11:23:05.258] [main/DEBUG] [net.neoforged.fml.loading.moddiscovery.readers.JarModsDotTomlModFileReader/SCAN]: Found META-INF/neoforge.mods.toml mod of type null: C:\Users\Kostya\Documents\GitHub\create_AES\libs\create-1.21.1-6.0.10 (1).jar
[04июл.2026 11:23:05.258] [main/DEBUG] [net.neoforged.fml.loading.moddiscovery.ModFileParser/LOADING]: Considering mod file candidate C:\Users\Kostya\Documents\GitHub\create_AES\libs\create-1.21.1-6.0.10 (1).jar
[04июл.2026 11:23:05.261] [main/DEBUG] [net.neoforged.fml.loading.moddiscovery.ModFileInfo/LOADING]: Found valid mod file create-1.21.1-6.0.10 (1).jar with {create} mods - versions {6.0.10}
[04июл.2026 11:23:05.261] [main/INFO] [net.neoforged.fml.loading.moddiscovery.ModDiscoverer/SCAN]: Found mod file "create-1.21.1-6.0.10 (1).jar" [locator: userdev mods and services, reader: mod manifest]
[04июл.2026 11:23:05.262] [main/DEBUG] [net.neoforged.fml.loading.moddiscovery.readers.JarModsDotTomlModFileReader/SCAN]: Found META-INF/neoforge.mods.toml mod of type null: C:\Users\Kostya\Documents\GitHub\create_AES\libs\create-aeronautics-bundled-1.21.1-1.2.1 (1).jar
[04июл.2026 11:23:05.262] [main/DEBUG] [net.neoforged.fml.loading.moddiscovery.ModFileParser/LOADING]: Considering mod file candidate C:\Users\Kostya\Documents\GitHub\create_AES\libs\create-aeronautics-bundled-1.21.1-1.2.1 (1).jar
[04июл.2026 11:23:05.263] [main/DEBUG] [net.neoforged.fml.loading.moddiscovery.ModFileInfo/LOADING]: Found valid mod file create-aeronautics-bundled-1.21.1-1.2.1 (1).jar with {aeronautics_bundled} mods - versions {1.2.1}
[04июл.2026 11:23:05.263] [main/INFO] [net.neoforged.fml.loading.moddiscovery.ModDiscoverer/SCAN]: Found mod file "create-aeronautics-bundled-1.21.1-1.2.1 (1).jar" [locator: userdev mods and services, reader: mod manifest]
[04июл.2026 11:23:05.264] [main/DEBUG] [net.neoforged.fml.loading.moddiscovery.readers.JarModsDotTomlModFileReader/SCAN]: Found META-INF/neoforge.mods.toml mod of type null: C:\Users\Kostya\Documents\GitHub\create_AES\libs\createdieselgenerators-1.21.1-1.3.13.jar
[04июл.2026 11:23:05.264] [main/DEBUG] [net.neoforged.fml.loading.moddiscovery.ModFileParser/LOADING]: Considering mod file candidate C:\Users\Kostya\Documents\GitHub\create_AES\libs\createdieselgenerators-1.21.1-1.3.13.jar
[04июл.2026 11:23:05.266] [main/DEBUG] [net.neoforged.fml.loading.moddiscovery.ModFileInfo/LOADING]: Found valid mod file createdieselgenerators-1.21.1-1.3.13.jar with {createdieselgenerators} mods - versions {1.21.1-1.3.13}
[04июл.2026 11:23:05.266] [main/INFO] [net.neoforged.fml.loading.moddiscovery.ModDiscoverer/SCAN]: Found mod file "createdieselgenerators-1.21.1-1.3.13.jar" [locator: userdev mods and services, reader: mod manifest]
[04июл.2026 11:23:05.266] [main/DEBUG] [net.neoforged.fml.loading.moddiscovery.readers.JarModsDotTomlModFileReader/SCAN]: Found META-INF/neoforge.mods.toml mod of type null: C:\Users\Kostya\Documents\GitHub\create_AES\libs\ponder-neoforge-1.0.82+mc1.21.1.jar
[04июл.2026 11:23:05.268] [main/DEBUG] [net.neoforged.fml.loading.moddiscovery.ModFileParser/LOADING]: Considering mod file candidate C:\Users\Kostya\Documents\GitHub\create_AES\libs\ponder-neoforge-1.0.82+mc1.21.1.jar
[04июл.2026 11:23:05.269] [main/DEBUG] [net.neoforged.fml.loading.moddiscovery.ModFileInfo/LOADING]: Found valid mod file ponder-neoforge-1.0.82+mc1.21.1.jar with {ponder} mods - versions {1.0.82+mc1.21.1}
[04июл.2026 11:23:05.269] [main/INFO] [net.neoforged.fml.loading.moddiscovery.ModDiscoverer/SCAN]: Found mod file "ponder-neoforge-1.0.82+mc1.21.1.jar" [locator: userdev mods and services, reader: mod manifest]
[04июл.2026 11:23:05.270] [main/DEBUG] [net.neoforged.fml.loading.moddiscovery.readers.JarModsDotTomlModFileReader/SCAN]: Found META-INF/neoforge.mods.toml mod of type null: C:\Users\Kostya\Documents\GitHub\create_AES\libs\sable-neoforge-1.21.1-1.2.2 (1).jar
[04июл.2026 11:23:05.270] [main/DEBUG] [net.neoforged.fml.loading.moddiscovery.ModFileParser/LOADING]: Considering mod file candidate C:\Users\Kostya\Documents\GitHub\create_AES\libs\sable-neoforge-1.21.1-1.2.2 (1).jar
[04июл.2026 11:23:05.270] [pool-2-thread-1/INFO] [EARLYDISPLAY/]: GL info: NVIDIA GeForce RTX 4060/PCIe/SSE2 GL version 4.6.0 NVIDIA 591.86, NVIDIA Corporation
[04июл.2026 11:23:05.272] [main/DEBUG] [net.neoforged.fml.loading.moddiscovery.ModFileInfo/LOADING]: Found valid mod file sable-neoforge-1.21.1-1.2.2 (1).jar with {sable} mods - versions {1.2.2}
[04июл.2026 11:23:05.272] [main/INFO] [net.neoforged.fml.loading.moddiscovery.ModDiscoverer/SCAN]: Found mod file "sable-neoforge-1.21.1-1.2.2 (1).jar" [locator: userdev mods and services, reader: mod manifest]
[04июл.2026 11:23:05.275] [main/DEBUG] [net.neoforged.fml.loading.moddiscovery.readers.JarModsDotTomlModFileReader/SCAN]: Found META-INF/neoforge.mods.toml mod of type null: C:\Users\Kostya\Documents\GitHub\create_AES\.gradle\repositories\ng_dummy_ng\net\neoforged\neoforge\21.1.227\neoforge-21.1.227.jar
[04июл.2026 11:23:05.275] [main/DEBUG] [net.neoforged.fml.loading.moddiscovery.ModFileParser/LOADING]: Considering mod file candidate C:\Users\Kostya\Documents\GitHub\create_AES\.gradle\repositories\ng_dummy_ng\net\neoforged\neoforge\21.1.227\neoforge-21.1.227.jar
[04июл.2026 11:23:05.276] [main/DEBUG] [net.neoforged.fml.loading.moddiscovery.ModFileInfo/LOADING]: Found valid mod file neoforge-21.1.227.jar with {neoforge} mods - versions {21.1.227}
[04июл.2026 11:23:05.276] [main/INFO] [net.neoforged.fml.loading.moddiscovery.ModDiscoverer/SCAN]: Found mod file "neoforge-21.1.227.jar" [locator: userdev mods and services, reader: mod manifest]
[04июл.2026 11:23:05.286] [main/DEBUG] [net.neoforged.fml.loading.moddiscovery.ModDiscoverer/]: Skipping C:\Users\Kostya\.gradle\caches\modules-2\files-2.1\com.github.oshi\oshi-core\6.4.10\b1d8ab82d11d92fd639b56d639f8f46f739dd5fa\oshi-core-6.4.10.jar because it was already located earlier
[04июл.2026 11:23:05.286] [main/DEBUG] [net.neoforged.fml.loading.moddiscovery.ModDiscoverer/]: Skipping C:\Users\Kostya\.gradle\caches\modules-2\files-2.1\com.mojang\authlib\6.0.54\de8bc95660e1b2fe8793fd427a7a10dcec5b3ea7\authlib-6.0.54.jar because it was already located earlier
[04июл.2026 11:23:05.286] [main/DEBUG] [net.neoforged.fml.loading.moddiscovery.ModDiscoverer/]: Skipping C:\Users\Kostya\.gradle\caches\modules-2\files-2.1\com.mojang\datafixerupper\8.0.16\67d4de6d7f95d89bcf5862995fb854ebaec02a34\datafixerupper-8.0.16.jar because it was already located earlier
[04июл.2026 11:23:05.286] [main/DEBUG] [net.neoforged.fml.loading.moddiscovery.ModDiscoverer/]: Skipping C:\Users\Kostya\.gradle\caches\modules-2\files-2.1\net.neoforged.fancymodloader\earlydisplay\4.0.42\46555dbfff14e9e052f1f693aed14d542a74e111\earlydisplay-4.0.42.jar because it was already located earlier
[04июл.2026 11:23:05.286] [main/DEBUG] [net.neoforged.fml.loading.moddiscovery.ModDiscoverer/]: Skipping C:\Users\Kostya\.gradle\caches\modules-2\files-2.1\net.neoforged.fancymodloader\loader\4.0.42\76e15f98bf676fb44b36c5e776f52a55581ec43a\loader-4.0.42.jar because it was already located earlier
[04июл.2026 11:23:05.286] [main/DEBUG] [net.neoforged.fml.loading.moddiscovery.ModDiscoverer/]: Skipping C:\Users\Kostya\.gradle\caches\modules-2\files-2.1\net.neoforged\JarJarSelector\0.4.1\fb3cc7a58af22ad2880adb98af6d518128c47dae\JarJarSelector-0.4.1.jar because it was already located earlier
[04июл.2026 11:23:05.286] [main/DEBUG] [net.neoforged.fml.loading.moddiscovery.ModDiscoverer/]: Skipping C:\Users\Kostya\.gradle\caches\modules-2\files-2.1\net.neoforged\JarJarMetadata\0.4.1\f8da03683dc81694556dc3e177c5e3bb77ae6fcb\JarJarMetadata-0.4.1.jar because it was already located earlier
[04июл.2026 11:23:05.286] [main/DEBUG] [net.neoforged.fml.loading.moddiscovery.ModDiscoverer/]: Skipping C:\Users\Kostya\.gradle\caches\modules-2\files-2.1\net.fabricmc\sponge-mixin\0.15.2+mixin.0.8.7\2af2f021d8e02a0220dc27a7a72b4666d66d44ca\sponge-mixin-0.15.2+mixin.0.8.7.jar because it was already located earlier
[04июл.2026 11:23:05.286] [main/DEBUG] [net.neoforged.fml.loading.moddiscovery.ModDiscoverer/]: Skipping C:\Users\Kostya\.gradle\caches\modules-2\files-2.1\com.google.code.gson\gson\2.10.1\b3add478d4382b78ea20b1671390a858002feb6c\gson-2.10.1.jar because it was already located earlier
[04июл.2026 11:23:05.286] [main/DEBUG] [net.neoforged.fml.loading.moddiscovery.ModDiscoverer/]: Skipping C:\Users\Kostya\.gradle\caches\modules-2\files-2.1\com.mojang\patchy\2.2.10\da05971b07cbb379d002cf7eaec6a2048211fefc\patchy-2.2.10.jar because it was already located earlier
[04июл.2026 11:23:05.286] [main/DEBUG] [net.neoforged.fml.loading.moddiscovery.ModDiscoverer/]: Skipping C:\Users\Kostya\.gradle\caches\modules-2\files-2.1\com.mojang\text2speech\1.17.9\3cad216e3a7f0c19b4b394388bc9ffc446f13b14\text2speech-1.17.9.jar because it was already located earlier
[04июл.2026 11:23:05.287] [main/DEBUG] [net.neoforged.fml.loading.moddiscovery.ModDiscoverer/]: Skipping C:\Users\Kostya\.gradle\caches\modules-2\files-2.1\com.google.guava\guava\32.1.2-jre\5e64ec7e056456bef3a4bc4c6fdaef71e8ab6318\guava-32.1.2-jre.jar because it was already located earlier
[04июл.2026 11:23:05.287] [main/DEBUG] [net.neoforged.fml.loading.moddiscovery.ModDiscoverer/]: Skipping C:\Users\Kostya\.gradle\caches\modules-2\files-2.1\com.google.guava\failureaccess\1.0.1\1dcf1de382a0bf95a3d8b0849546c88bac1292c9\failureaccess-1.0.1.jar because it was already located earlier
[04июл.2026 11:23:05.287] [main/DEBUG] [net.neoforged.fml.loading.moddiscovery.ModDiscoverer/]: Skipping C:\Users\Kostya\.gradle\caches\modules-2\files-2.1\com.ibm.icu\icu4j\73.2\61ad4ef7f9131fcf6d25c34b817f90d6da06c9e9\icu4j-73.2.jar because it was already located earlier
[04июл.2026 11:23:05.287] [main/DEBUG] [net.neoforged.fml.loading.moddiscovery.ModDiscoverer/]: Skipping C:\Users\Kostya\.gradle\caches\modules-2\files-2.1\com.mojang\blocklist\1.0.10\5c685c5ffa94c4cd39496c7184c1d122e515ecef\blocklist-1.0.10.jar because it was already located earlier
[04июл.2026 11:23:05.287] [main/DEBUG] [net.neoforged.fml.loading.moddiscovery.ModDiscoverer/]: Skipping C:\Users\Kostya\.gradle\caches\modules-2\files-2.1\com.mojang\brigadier\1.3.10\d15b53a14cf20fdcaa98f731af5dda654452c010\brigadier-1.3.10.jar because it was already located earlier
[04июл.2026 11:23:05.287] [main/DEBUG] [net.neoforged.fml.loading.moddiscovery.ModDiscoverer/]: Skipping C:\Users\Kostya\.gradle\caches\modules-2\files-2.1\com.mojang\logging\1.2.7\24cb95ffb0e3433fd6e844c04e68009e504ca1c0\logging-1.2.7.jar because it was already located earlier
[04июл.2026 11:23:05.287] [main/DEBUG] [net.neoforged.fml.loading.moddiscovery.ModDiscoverer/]: Skipping C:\Users\Kostya\.gradle\caches\modules-2\files-2.1\org.apache.httpcomponents\httpclient\4.5.13\e5f6cae5ca7ecaac1ec2827a9e2d65ae2869cada\httpclient-4.5.13.jar because it was already located earlier
[04июл.2026 11:23:05.287] [main/DEBUG] [net.neoforged.fml.loading.moddiscovery.ModDiscoverer/]: Skipping C:\Users\Kostya\.gradle\caches\modules-2\files-2.1\commons-codec\commons-codec\1.16.0\4e3eb3d79888d76b54e28b350915b5dc3919c9de\commons-codec-1.16.0.jar because it was already located earlier
[04июл.2026 11:23:05.287] [main/DEBUG] [net.neoforged.fml.loading.moddiscovery.ModDiscoverer/]: Skipping C:\Users\Kostya\.gradle\caches\modules-2\files-2.1\org.apache.commons\commons-compress\1.26.0\659feffdd12280201c8aacb8f7be94f9a883c824\commons-compress-1.26.0.jar because it was already located earlier
[04июл.2026 11:23:05.287] [main/DEBUG] [net.neoforged.fml.loading.moddiscovery.ModDiscoverer/]: Skipping C:\Users\Kostya\.gradle\caches\modules-2\files-2.1\commons-io\commons-io\2.15.1\f11560da189ab563a5c8e351941415430e9304ea\commons-io-2.15.1.jar because it was already located earlier
[04июл.2026 11:23:05.287] [main/DEBUG] [net.neoforged.fml.loading.moddiscovery.ModDiscoverer/]: Skipping C:\Users\Kostya\.gradle\caches\modules-2\files-2.1\commons-logging\commons-logging\1.2\4bfc12adfe4842bf07b657f0369c4cb522955686\commons-logging-1.2.jar because it was already located earlier
[04июл.2026 11:23:05.287] [main/DEBUG] [net.neoforged.fml.loading.moddiscovery.ModDiscoverer/]: Skipping C:\Users\Kostya\.gradle\caches\modules-2\files-2.1\io.netty\netty-handler\4.1.97.Final\abb86c6906bf512bf2b797a41cd7d2e8d3cd7c36\netty-handler-4.1.97.Final.jar because it was already located earlier
[04июл.2026 11:23:05.287] [main/DEBUG] [net.neoforged.fml.loading.moddiscovery.ModDiscoverer/]: Skipping C:\Users\Kostya\.gradle\caches\modules-2\files-2.1\io.netty\netty-codec\4.1.97.Final\384ba4d75670befbedb45c4d3b497a93639c206d\netty-codec-4.1.97.Final.jar because it was already located earlier
[04июл.2026 11:23:05.287] [main/DEBUG] [net.neoforged.fml.loading.moddiscovery.ModDiscoverer/]: Skipping C:\Users\Kostya\.gradle\caches\modules-2\files-2.1\io.netty\netty-transport-classes-epoll\4.1.97.Final\795da37ded759e862457a82d9d92c4d39ce8ecee\netty-transport-classes-epoll-4.1.97.Final.jar because it was already located earlier
[04июл.2026 11:23:05.287] [main/DEBUG] [net.neoforged.fml.loading.moddiscovery.ModDiscoverer/]: Skipping C:\Users\Kostya\.gradle\caches\modules-2\files-2.1\io.netty\netty-transport-native-unix-common\4.1.97.Final\d469d84265ab70095b01b40886cabdd433b6e664\netty-transport-native-unix-common-4.1.97.Final.jar because it was already located earlier
[04июл.2026 11:23:05.287] [main/DEBUG] [net.neoforged.fml.loading.moddiscovery.ModDiscoverer/]: Skipping C:\Users\Kostya\.gradle\caches\modules-2\files-2.1\io.netty\netty-transport\4.1.97.Final\f37380d23c9bb079bc702910833b2fd532c9abd0\netty-transport-4.1.97.Final.jar because it was already located earlier
[04июл.2026 11:23:05.287] [main/DEBUG] [net.neoforged.fml.loading.moddiscovery.ModDiscoverer/]: Skipping C:\Users\Kostya\.gradle\caches\modules-2\files-2.1\io.netty\netty-buffer\4.1.97.Final\f8f3d8644afa5e6e1a40a3a6aeb9d9aa970ecb4f\netty-buffer-4.1.97.Final.jar because it was already located earlier
[04июл.2026 11:23:05.287] [main/DEBUG] [net.neoforged.fml.loading.moddiscovery.ModDiscoverer/]: Skipping C:\Users\Kostya\.gradle\caches\modules-2\files-2.1\io.netty\netty-resolver\4.1.97.Final\cec8348108dc76c47cf87c669d514be52c922144\netty-resolver-4.1.97.Final.jar because it was already located earlier
[04июл.2026 11:23:05.287] [main/DEBUG] [net.neoforged.fml.loading.moddiscovery.ModDiscoverer/]: Skipping C:\Users\Kostya\.gradle\caches\modules-2\files-2.1\io.netty\netty-common\4.1.97.Final\7cceacaf11df8dc63f23d0fb58e9d4640fc88404\netty-common-4.1.97.Final.jar because it was already located earlier
[04июл.2026 11:23:05.287] [main/DEBUG] [net.neoforged.fml.loading.moddiscovery.ModDiscoverer/]: Skipping C:\Users\Kostya\.gradle\caches\modules-2\files-2.1\it.unimi.dsi\fastutil\8.5.12\c24946d46824bd528054bface3231d2ecb7e95e8\fastutil-8.5.12.jar because it was already located earlier
[04июл.2026 11:23:05.287] [main/DEBUG] [net.neoforged.fml.loading.moddiscovery.ModDiscoverer/]: Skipping C:\Users\Kostya\.gradle\caches\modules-2\files-2.1\net.java.dev.jna\jna-platform\5.14.0\28934d48aed814f11e4c584da55c49fa7032b31b\jna-platform-5.14.0.jar because it was already located earlier
[04июл.2026 11:23:05.287] [main/DEBUG] [net.neoforged.fml.loading.moddiscovery.ModDiscoverer/]: Skipping C:\Users\Kostya\.gradle\caches\modules-2\files-2.1\ca.weblite\java-objc-bridge\1.1\1227f9e0666314f9de41477e3ec277e542ed7f7b\java-objc-bridge-1.1.jar because it was already located earlier
[04июл.2026 11:23:05.287] [main/DEBUG] [net.neoforged.fml.loading.moddiscovery.ModDiscoverer/]: Skipping C:\Users\Kostya\.gradle\caches\modules-2\files-2.1\net.java.dev.jna\jna\5.14.0\67bf3eaea4f0718cb376a181a629e5f88fa1c9dd\jna-5.14.0.jar because it was already located earlier
[04июл.2026 11:23:05.287] [main/DEBUG] [net.neoforged.fml.loading.moddiscovery.ModDiscoverer/]: Skipping C:\Users\Kostya\.gradle\caches\modules-2\files-2.1\net.neoforged\mergetool\2.0.3\1275202cbbb248f49345cf6787ce299afd9a02fb\mergetool-2.0.3-api.jar because it was already located earlier
[04июл.2026 11:23:05.288] [main/DEBUG] [net.neoforged.fml.loading.moddiscovery.ModDiscoverer/]: Skipping C:\Users\Kostya\.gradle\caches\modules-2\files-2.1\net.neoforged.accesstransformers\at-modlauncher\10.0.1\5aba50202aceead086bc09fbc2751c9f05cb4890\at-modlauncher-10.0.1.jar because it was already located earlier
[04июл.2026 11:23:05.288] [main/DEBUG] [net.neoforged.fml.loading.moddiscovery.ModDiscoverer/]: Skipping C:\Users\Kostya\.gradle\caches\modules-2\files-2.1\net.neoforged\coremods\7.0.3\9147e6f638b4272b3bd5fc8f92ad37802512c6c\coremods-7.0.3.jar because it was already located earlier
[04июл.2026 11:23:05.288] [main/DEBUG] [net.neoforged.fml.loading.moddiscovery.ModDiscoverer/]: Skipping C:\Users\Kostya\.gradle\caches\modules-2\files-2.1\cpw.mods\modlauncher\11.0.5\b8f0d49294f733fdb6173931b263553e943dc950\modlauncher-11.0.5.jar because it was already located earlier
[04июл.2026 11:23:05.288] [main/DEBUG] [net.neoforged.fml.loading.moddiscovery.ModDiscoverer/]: Skipping C:\Users\Kostya\.gradle\caches\modules-2\files-2.1\net.sf.jopt-simple\jopt-simple\5.0.4\4fdac2fbe92dfad86aa6e9301736f6b4342a3f5c\jopt-simple-5.0.4.jar because it was already located earlier
[04июл.2026 11:23:05.288] [main/DEBUG] [net.neoforged.fml.loading.moddiscovery.ModDiscoverer/]: Skipping C:\Users\Kostya\.gradle\caches\modules-2\files-2.1\org.apache.maven\maven-artifact\3.8.5\4433f50c07debefaed0553bd0068f4f48d449313\maven-artifact-3.8.5.jar because it was already located earlier
[04июл.2026 11:23:05.288] [main/DEBUG] [net.neoforged.fml.loading.moddiscovery.ModDiscoverer/]: Skipping C:\Users\Kostya\.gradle\caches\modules-2\files-2.1\org.apache.commons\commons-lang3\3.14.0\1ed471194b02f2c6cb734a0cd6f6f107c673afae\commons-lang3-3.14.0.jar because it was already located earlier
[04июл.2026 11:23:05.288] [main/DEBUG] [net.neoforged.fml.loading.moddiscovery.ModDiscoverer/]: Skipping C:\Users\Kostya\.gradle\caches\modules-2\files-2.1\org.apache.httpcomponents\httpcore\4.4.16\51cf043c87253c9f58b539c9f7e44c8894223850\httpcore-4.4.16.jar because it was already located earlier
[04июл.2026 11:23:05.288] [main/DEBUG] [net.neoforged.fml.loading.moddiscovery.ModDiscoverer/]: Skipping C:\Users\Kostya\.gradle\caches\modules-2\files-2.1\org.apache.logging.log4j\log4j-slf4j2-impl\2.22.1\d7e6693c2606cb7e7335047d7bb96dec52db5665\log4j-slf4j2-impl-2.22.1.jar because it was already located earlier
[04июл.2026 11:23:05.288] [main/DEBUG] [net.neoforged.fml.loading.moddiscovery.ModDiscoverer/]: Skipping C:\Users\Kostya\.gradle\caches\modules-2\files-2.1\net.minecrell\terminalconsoleappender\1.3.0\b562e9bb61235c9520e26282cdee71f8f802d1fc\terminalconsoleappender-1.3.0.jar because it was already located earlier
[04июл.2026 11:23:05.288] [main/DEBUG] [net.neoforged.fml.loading.moddiscovery.ModDiscoverer/]: Skipping C:\Users\Kostya\.gradle\caches\modules-2\files-2.1\org.apache.logging.log4j\log4j-core\2.22.1\7183a25510a02ad00cc6a95d3b3d2a7d3c5a8dc4\log4j-core-2.22.1.jar because it was already located earlier
[04июл.2026 11:23:05.288] [main/DEBUG] [net.neoforged.fml.loading.moddiscovery.ModDiscoverer/]: Skipping C:\Users\Kostya\.gradle\caches\modules-2\files-2.1\net.neoforged\bus\8.0.5\5b2d33285ab5d1554e9798ad98c40d6ea3868bd5\bus-8.0.5.jar because it was already located earlier
[04июл.2026 11:23:05.288] [main/DEBUG] [net.neoforged.fml.loading.moddiscovery.ModDiscoverer/]: Skipping C:\Users\Kostya\.gradle\caches\modules-2\files-2.1\org.apache.logging.log4j\log4j-api\2.22.1\bea6fede6328fabafd7e68363161a7ea6605abd1\log4j-api-2.22.1.jar because it was already located earlier
[04июл.2026 11:23:05.288] [main/DEBUG] [net.neoforged.fml.loading.moddiscovery.ModDiscoverer/]: Skipping C:\Users\Kostya\.gradle\caches\modules-2\files-2.1\org.jcraft\jorbis\0.0.17\8872d22b293e8f5d7d56ff92be966e6dc28ebdc6\jorbis-0.0.17.jar because it was already located earlier
[04июл.2026 11:23:05.288] [main/DEBUG] [net.neoforged.fml.loading.moddiscovery.ModDiscoverer/]: Skipping C:\Users\Kostya\.gradle\caches\modules-2\files-2.1\org.joml\joml\1.10.5\22566d58af70ad3d72308bab63b8339906deb649\joml-1.10.5.jar because it was already located earlier
[04июл.2026 11:23:05.288] [main/DEBUG] [net.neoforged.fml.loading.moddiscovery.ModDiscoverer/]: Skipping C:\Users\Kostya\.gradle\caches\modules-2\files-2.1\org.lwjgl\lwjgl-freetype\3.3.3\a0db6c84a8becc8ca05f9dbfa985edc348a824c7\lwjgl-freetype-3.3.3.jar because it was already located earlier
[04июл.2026 11:23:05.291] [main/DEBUG] [net.neoforged.fml.loading.moddiscovery.ModDiscoverer/]: Skipping C:\Users\Kostya\.gradle\caches\modules-2\files-2.1\org.lwjgl\lwjgl-freetype\3.3.3\15a8c1de7f51d07a92eae7ce1222557073a0c0c3\lwjgl-freetype-3.3.3-natives-windows-x86.jar because it was already located earlier
[04июл.2026 11:23:05.292] [main/DEBUG] [net.neoforged.fml.loading.moddiscovery.ModDiscoverer/]: Skipping C:\Users\Kostya\.gradle\caches\modules-2\files-2.1\org.lwjgl\lwjgl-glfw\3.3.3\efa1eb78c5ccd840e9f329717109b5e892d72f8e\lwjgl-glfw-3.3.3.jar because it was already located earlier
[04июл.2026 11:23:05.294] [main/DEBUG] [net.neoforged.fml.loading.moddiscovery.ModDiscoverer/]: Skipping C:\Users\Kostya\.gradle\caches\modules-2\files-2.1\org.lwjgl\lwjgl-glfw\3.3.3\32334f3fd5270a59bad9939a93115acb6de36dcf\lwjgl-glfw-3.3.3-natives-windows-x86.jar because it was already located earlier
[04июл.2026 11:23:05.294] [main/DEBUG] [net.neoforged.fml.loading.moddiscovery.ModDiscoverer/]: Skipping C:\Users\Kostya\.gradle\caches\modules-2\files-2.1\org.lwjgl\lwjgl-jemalloc\3.3.3\b543467b7ff3c6920539a88ee602d34098628be5\lwjgl-jemalloc-3.3.3.jar because it was already located earlier
[04июл.2026 11:23:05.294] [main/DEBUG] [net.neoforged.fml.loading.moddiscovery.ModDiscoverer/]: Skipping C:\Users\Kostya\.gradle\caches\modules-2\files-2.1\org.lwjgl\lwjgl-jemalloc\3.3.3\426222fc027602a5f21b9c0fe79cde6a4c7a011f\lwjgl-jemalloc-3.3.3-natives-windows.jar because it was already located earlier
[04июл.2026 11:23:05.296] [main/DEBUG] [net.neoforged.fml.loading.moddiscovery.ModDiscoverer/]: Skipping C:\Users\Kostya\.gradle\caches\modules-2\files-2.1\org.lwjgl\lwjgl-openal\3.3.3\daada81ceb5fc0c291fbfdd4433cb8d9423577f2\lwjgl-openal-3.3.3.jar because it was already located earlier
[04июл.2026 11:23:05.298] [main/DEBUG] [net.neoforged.fml.loading.moddiscovery.ModDiscoverer/]: Skipping C:\Users\Kostya\.gradle\caches\modules-2\files-2.1\org.lwjgl\lwjgl-openal\3.3.3\87b8d5050e3adb46bb58fe1cb2669a4a48fce10d\lwjgl-openal-3.3.3-natives-windows-x86.jar because it was already located earlier
[04июл.2026 11:23:05.298] [main/DEBUG] [net.neoforged.fml.loading.moddiscovery.ModDiscoverer/]: Skipping C:\Users\Kostya\.gradle\caches\modules-2\files-2.1\org.lwjgl\lwjgl-opengl\3.3.3\2f6b0147078396a58979125a4c947664e98293a\lwjgl-opengl-3.3.3.jar because it was already located earlier
[04июл.2026 11:23:05.299] [main/DEBUG] [net.neoforged.fml.loading.moddiscovery.ModDiscoverer/]: Skipping C:\Users\Kostya\.gradle\caches\modules-2\files-2.1\org.lwjgl\lwjgl-opengl\3.3.3\65e956d3735a1abdc82eff4baec1b61174697d4b\lwjgl-opengl-3.3.3-natives-windows-arm64.jar because it was already located earlier
[04июл.2026 11:23:05.301] [main/DEBUG] [net.neoforged.fml.loading.moddiscovery.ModDiscoverer/]: Skipping C:\Users\Kostya\.gradle\caches\modules-2\files-2.1\org.lwjgl\lwjgl-stb\3.3.3\25dd6161988d7e65f71d5065c99902402ee32746\lwjgl-stb-3.3.3.jar because it was already located earlier
[04июл.2026 11:23:05.301] [main/DEBUG] [net.neoforged.fml.loading.moddiscovery.ModDiscoverer/]: Skipping C:\Users\Kostya\.gradle\caches\modules-2\files-2.1\org.lwjgl\lwjgl-stb\3.3.3\1d9facdf6541de114b0f963be33505b7679c78cb\lwjgl-stb-3.3.3-natives-windows.jar because it was already located earlier
[04июл.2026 11:23:05.305] [main/DEBUG] [net.neoforged.fml.loading.moddiscovery.ModDiscoverer/]: Skipping C:\Users\Kostya\.gradle\caches\modules-2\files-2.1\org.lwjgl\lwjgl-tinyfd\3.3.3\82d755ca94b102e9ca77283b9e2dc46d1b15fbe5\lwjgl-tinyfd-3.3.3.jar because it was already located earlier
[04июл.2026 11:23:05.305] [main/DEBUG] [net.neoforged.fml.loading.moddiscovery.ModDiscoverer/]: Skipping C:\Users\Kostya\.gradle\caches\modules-2\files-2.1\org.lwjgl\lwjgl-tinyfd\3.3.3\a6697981b0449a5087c1d546fc08b4f73e8f98c9\lwjgl-tinyfd-3.3.3-natives-windows.jar because it was already located earlier
[04июл.2026 11:23:05.307] [main/DEBUG] [net.neoforged.fml.loading.moddiscovery.ModDiscoverer/]: Skipping C:\Users\Kostya\.gradle\caches\modules-2\files-2.1\org.lwjgl\lwjgl\3.3.3\29589b5f87ed335a6c7e7ee6a5775f81f97ecb84\lwjgl-3.3.3.jar because it was already located earlier
[04июл.2026 11:23:05.310] [main/DEBUG] [net.neoforged.fml.loading.moddiscovery.ModDiscoverer/]: Skipping C:\Users\Kostya\.gradle\caches\modules-2\files-2.1\org.lwjgl\lwjgl\3.3.3\9e670718e050aeaeea0c2d5b907cffb142f2e58f\lwjgl-3.3.3-natives-windows-x86.jar because it was already located earlier
[04июл.2026 11:23:05.310] [main/DEBUG] [net.neoforged.fml.loading.moddiscovery.ModDiscoverer/]: Skipping C:\Users\Kostya\.gradle\caches\modules-2\files-2.1\org.lz4\lz4-java\1.8.0\4b986a99445e49ea5fbf5d149c4b63f6ed6c6780\lz4-java-1.8.0.jar because it was already located earlier
[04июл.2026 11:23:05.310] [main/DEBUG] [net.neoforged.fml.loading.moddiscovery.ModDiscoverer/]: Skipping C:\Users\Kostya\.gradle\caches\modules-2\files-2.1\net.neoforged\accesstransformers\10.0.1\fd83b5725f76eae9115e9355fa1c456a6a441400\accesstransformers-10.0.1.jar because it was already located earlier
[04июл.2026 11:23:05.311] [main/DEBUG] [net.neoforged.fml.loading.moddiscovery.ModDiscoverer/]: Skipping C:\Users\Kostya\.gradle\caches\modules-2\files-2.1\com.machinezoo.noexception\noexception\1.7.1\b65330c98e38a1f915fa54a6e5eca496505e3f0a\noexception-1.7.1.jar because it was already located earlier
[04июл.2026 11:23:05.311] [main/DEBUG] [net.neoforged.fml.loading.moddiscovery.ModDiscoverer/]: Skipping C:\Users\Kostya\.gradle\caches\modules-2\files-2.1\org.slf4j\slf4j-api\2.0.9\7cf2726fdcfbc8610f9a71fb3ed639871f315340\slf4j-api-2.0.9.jar because it was already located earlier
[04июл.2026 11:23:05.311] [main/DEBUG] [net.neoforged.fml.loading.moddiscovery.ModDiscoverer/]: Skipping C:\Users\Kostya\.gradle\caches\modules-2\files-2.1\com.google.code.findbugs\jsr305\3.0.2\25ea2e8b0c338a877313bd4672d3fe056ea78f0d\jsr305-3.0.2.jar because it was already located earlier
[04июл.2026 11:23:05.311] [main/DEBUG] [net.neoforged.fml.loading.moddiscovery.ModDiscoverer/]: Skipping C:\Users\Kostya\.gradle\caches\modules-2\files-2.1\org.jetbrains\annotations\24.1.0\7af6a669488450c4a07c2c3254e2151df42d7d04\annotations-24.1.0.jar because it was already located earlier
[04июл.2026 11:23:05.311] [main/DEBUG] [net.neoforged.fml.loading.moddiscovery.ModDiscoverer/]: Skipping C:\Users\Kostya\.gradle\caches\modules-2\files-2.1\com.electronwill.night-config\toml\3.8.3\90b2fd6efcb4a7d5b9810cf78f9d824994d717f2\toml-3.8.3.jar because it was already located earlier
[04июл.2026 11:23:05.311] [main/DEBUG] [net.neoforged.fml.loading.moddiscovery.ModDiscoverer/]: Skipping C:\Users\Kostya\.gradle\caches\modules-2\files-2.1\com.electronwill.night-config\core\3.8.3\b442a95f09e349927f5a945ecb594455870fcf4f\core-3.8.3.jar because it was already located earlier
[04июл.2026 11:23:05.311] [main/DEBUG] [net.neoforged.fml.loading.moddiscovery.ModDiscoverer/]: Skipping C:\Users\Kostya\.gradle\caches\modules-2\files-2.1\net.jodah\typetools\0.6.3\a01aaa6ddaea9ec07ec4f209487b7a46a526283a\typetools-0.6.3.jar because it was already located earlier
[04июл.2026 11:23:05.311] [main/DEBUG] [net.neoforged.fml.loading.moddiscovery.ModDiscoverer/]: Skipping C:\Users\Kostya\.gradle\caches\modules-2\files-2.1\org.openjdk.nashorn\nashorn-core\15.4\f67f5ffaa5f5130cf6fb9b133da00c7df3b532a5\nashorn-core-15.4.jar because it was already located earlier
[04июл.2026 11:23:05.312] [main/DEBUG] [net.neoforged.fml.loading.moddiscovery.readers.JarModsDotTomlModFileReader/SCAN]: Found META-INF/MANIFEST.MF mod of type GAMELIBRARY: C:\Users\Kostya\.gradle\caches\modules-2\files-2.1\io.github.llamalad7\mixinextras-neoforge\0.5.3\a0919957808de97707c5fb4ce073e66aeef3e187\mixinextras-neoforge-0.5.3.jar
[04июл.2026 11:23:05.316] [main/INFO] [net.neoforged.fml.loading.moddiscovery.ModDiscoverer/SCAN]: Found gamelibrary file "mixinextras-neoforge-0.5.3.jar" [locator: userdev mods and services, reader: mod manifest]
[04июл.2026 11:23:05.316] [main/DEBUG] [net.neoforged.fml.loading.moddiscovery.ModDiscoverer/]: Skipping C:\Users\Kostya\.gradle\caches\modules-2\files-2.1\org.antlr\antlr4-runtime\4.13.1\17125bae1d965624e265ef49552f6465a2bfa307\antlr4-runtime-4.13.1.jar because it was already located earlier
[04июл.2026 11:23:05.316] [main/DEBUG] [net.neoforged.fml.loading.moddiscovery.ModDiscoverer/]: Skipping C:\Users\Kostya\.gradle\caches\modules-2\files-2.1\org.jline\jline-reader\3.20.0\8f15415b022a25b473e8e16c28ae913186ffb9c4\jline-reader-3.20.0.jar because it was already located earlier
[04июл.2026 11:23:05.316] [main/DEBUG] [net.neoforged.fml.loading.moddiscovery.ModDiscoverer/]: Skipping C:\Users\Kostya\.gradle\caches\modules-2\files-2.1\org.jline\jline-terminal\3.20.0\d0ddcc708ddf527a3454c941b7b9225cc83a15ff\jline-terminal-3.20.0.jar because it was already located earlier
[04июл.2026 11:23:05.316] [main/DEBUG] [net.neoforged.fml.loading.moddiscovery.ModDiscoverer/]: Skipping C:\Users\Kostya\.gradle\caches\modules-2\files-2.1\net.minecraftforge\srgutils\0.4.15\ca408b131759478f164e010fae0d73997e125fb5\srgutils-0.4.15.jar because it was already located earlier
[04июл.2026 11:23:05.316] [main/DEBUG] [net.neoforged.fml.loading.moddiscovery.ModDiscoverer/]: Skipping C:\Users\Kostya\.gradle\caches\modules-2\files-2.1\com.google.guava\listenablefuture\9999.0-empty-to-avoid-conflict-with-guava\b421526c5f297295adef1c886e5246c39d4ac629\listenablefuture-9999.0-empty-to-avoid-conflict-with-guava.jar because it was already located earlier
[04июл.2026 11:23:05.316] [main/DEBUG] [net.neoforged.fml.loading.moddiscovery.ModDiscoverer/]: Skipping C:\Users\Kostya\.gradle\caches\modules-2\files-2.1\org.checkerframework\checker-qual\3.33.0\de2b60b62da487644fc11f734e73c8b0b431238f\checker-qual-3.33.0.jar because it was already located earlier
[04июл.2026 11:23:05.316] [main/DEBUG] [net.neoforged.fml.loading.moddiscovery.ModDiscoverer/]: Skipping C:\Users\Kostya\.gradle\caches\modules-2\files-2.1\com.google.errorprone\error_prone_annotations\2.18.0\89b684257096f548fa39a7df9fdaa409d4d4df91\error_prone_annotations-2.18.0.jar because it was already located earlier
[04июл.2026 11:23:05.316] [main/DEBUG] [net.neoforged.fml.loading.moddiscovery.ModDiscoverer/]: Skipping C:\Users\Kostya\.gradle\caches\modules-2\files-2.1\com.google.j2objc\j2objc-annotations\2.8\c85270e307e7b822f1086b93689124b89768e273\j2objc-annotations-2.8.jar because it was already located earlier
[04июл.2026 11:23:05.316] [main/DEBUG] [net.neoforged.fml.loading.moddiscovery.ModDiscoverer/]: Skipping C:\Users\Kostya\.gradle\caches\modules-2\files-2.1\org.codehaus.plexus\plexus-utils\3.3.0\cf43b5391de623b36fe066a21127baef82c64022\plexus-utils-3.3.0.jar because it was already located earlier
[04июл.2026 11:23:05.316] [main/DEBUG] [net.neoforged.fml.loading.moddiscovery.ModDiscoverer/]: Skipping C:\Users\Kostya\Documents\GitHub\create_AES\.gradle\repositories\ng_dummy_ng\net\minecraft\client\1.21.1\client-1.21.1-client-extra.jar because it was already located earlier
[04июл.2026 11:23:05.316] [main/DEBUG] [net.neoforged.fml.loading.moddiscovery.ModDiscoverer/SCAN]: Locator userdev mods and services found 8 mods, 0 warnings, 0 errors and skipped 85 candidates
[04июл.2026 11:23:05.317] [main/DEBUG] [net.neoforged.fml.loading.UniqueModListBuilder/]: Found 2 mods for first modid neoforge, selecting most recent based on version data
[04июл.2026 11:23:05.318] [main/DEBUG] [net.neoforged.fml.loading.UniqueModListBuilder/]: Selected file neoforge-21.1.227.jar for modid neoforge with version 21.1.227
[04июл.2026 11:23:05.323] [main/DEBUG] [net.neoforged.fml.loading.moddiscovery.ModDiscoverer/SCAN]: Successfully Loaded 10 mods. Attempting to load dependencies...
[04июл.2026 11:23:05.323] [main/DEBUG] [net.neoforged.fml.loading.moddiscovery.ModDiscoverer/SCAN]: Trying locator jarinjar
[04июл.2026 11:23:05.327] [main/TRACE] [net.neoforged.fml.loading.moddiscovery.locators.JarInJarDependencyLocator/]: Failed to load resource META-INF\jarjar\metadata.json from neoforge-21.1.227.jar, it does not contain dependency information.
[04июл.2026 11:23:05.327] [main/TRACE] [net.neoforged.fml.loading.moddiscovery.locators.JarInJarDependencyLocator/]: Failed to load resource META-INF\jarjar\metadata.json from mixinextras-neoforge-0.5.3.jar, it does not contain dependency information.
[04июл.2026 11:23:05.327] [main/TRACE] [net.neoforged.fml.loading.moddiscovery.locators.JarInJarDependencyLocator/]: Failed to load resource META-INF\jarjar\metadata.json from main, it does not contain dependency information.
[04июл.2026 11:23:05.327] [main/TRACE] [net.neoforged.fml.loading.moddiscovery.locators.JarInJarDependencyLocator/]: Failed to load resource META-INF\jarjar\metadata.json from ponder-neoforge-1.0.82+mc1.21.1.jar, it does not contain dependency information.
[04июл.2026 11:23:05.327] [main/TRACE] [net.neoforged.fml.loading.moddiscovery.locators.JarInJarDependencyLocator/]: Failed to load resource META-INF\jarjar\metadata.json from jei-1.21.1-neoforge-19.27.0.340.jar, it does not contain dependency information.
[04июл.2026 11:23:05.375] [main/DEBUG] [net.neoforged.fml.loading.moddiscovery.readers.JarModsDotTomlModFileReader/SCAN]: Found META-INF/neoforge.mods.toml mod of type null: 
[04июл.2026 11:23:05.375] [main/DEBUG] [net.neoforged.fml.loading.moddiscovery.ModFileParser/LOADING]: Considering mod file candidate 
[04июл.2026 11:23:05.376] [main/DEBUG] [net.neoforged.fml.loading.moddiscovery.ModFileInfo/LOADING]: Found valid mod file sable-companion-common-1.21.1-1.6.0.jar with {sablecompanion} mods - versions {1.6.0}
[04июл.2026 11:23:05.379] [main/DEBUG] [net.neoforged.fml.loading.moddiscovery.readers.JarModsDotTomlModFileReader/SCAN]: Found META-INF/MANIFEST.MF mod of type GAMELIBRARY: 
[04июл.2026 11:23:05.388] [main/DEBUG] [net.neoforged.fml.loading.moddiscovery.readers.JarModsDotTomlModFileReader/SCAN]: Found META-INF/neoforge.mods.toml mod of type null: 
[04июл.2026 11:23:05.388] [main/DEBUG] [net.neoforged.fml.loading.moddiscovery.ModFileParser/LOADING]: Considering mod file candidate 
[04июл.2026 11:23:05.389] [main/DEBUG] [net.neoforged.fml.loading.moddiscovery.ModFileInfo/LOADING]: Found valid mod file flywheel-neoforge-1.21.1-1.0.6.jar with {flywheel} mods - versions {1.0.6}
[04июл.2026 11:23:05.398] [main/DEBUG] [net.neoforged.fml.loading.moddiscovery.readers.JarModsDotTomlModFileReader/SCAN]: Found META-INF/neoforge.mods.toml mod of type null: 
[04июл.2026 11:23:05.398] [main/DEBUG] [net.neoforged.fml.loading.moddiscovery.ModFileParser/LOADING]: Considering mod file candidate 
[04июл.2026 11:23:05.399] [main/DEBUG] [net.neoforged.fml.loading.moddiscovery.ModFileInfo/LOADING]: Found valid mod file ponder-neoforge-1.0.82+mc1.21.1.jar with {ponder} mods - versions {1.0.82+mc1.21.1}
[04июл.2026 11:23:05.407] [main/DEBUG] [net.neoforged.fml.loading.moddiscovery.readers.JarModsDotTomlModFileReader/SCAN]: Found META-INF/MANIFEST.MF mod of type GAMELIBRARY: 
[04июл.2026 11:23:05.409] [main/DEBUG] [net.neoforged.fml.loading.moddiscovery.readers.JarModsDotTomlModFileReader/SCAN]: Found META-INF/MANIFEST.MF mod of type LIBRARY: 
[04июл.2026 11:23:05.477] [main/DEBUG] [net.neoforged.fml.loading.moddiscovery.readers.JarModsDotTomlModFileReader/SCAN]: Found META-INF/neoforge.mods.toml mod of type null: 
[04июл.2026 11:23:05.477] [main/DEBUG] [net.neoforged.fml.loading.moddiscovery.ModFileParser/LOADING]: Considering mod file candidate 
[04июл.2026 11:23:05.478] [main/DEBUG] [net.neoforged.fml.loading.moddiscovery.ModFileInfo/LOADING]: Found valid mod file dev.eriksonn.aeronautics.aeronautics-neoforge-1.21.1-1.2.1.jar with {aeronautics} mods - versions {1.2.1}
[04июл.2026 11:23:05.483] [main/DEBUG] [net.neoforged.fml.loading.moddiscovery.readers.JarModsDotTomlModFileReader/SCAN]: Found META-INF/neoforge.mods.toml mod of type null: 
[04июл.2026 11:23:05.483] [main/DEBUG] [net.neoforged.fml.loading.moddiscovery.ModFileParser/LOADING]: Considering mod file candidate 
[04июл.2026 11:23:05.484] [main/DEBUG] [net.neoforged.fml.loading.moddiscovery.ModFileInfo/LOADING]: Found valid mod file dev.ryanhcode.offroad.offroad-neoforge-1.21.1-1.2.1.jar with {offroad} mods - versions {1.2.1}
[04июл.2026 11:23:05.527] [main/DEBUG] [net.neoforged.fml.loading.moddiscovery.readers.JarModsDotTomlModFileReader/SCAN]: Found META-INF/neoforge.mods.toml mod of type null: 
[04июл.2026 11:23:05.528] [main/DEBUG] [net.neoforged.fml.loading.moddiscovery.ModFileParser/LOADING]: Considering mod file candidate 
[04июл.2026 11:23:05.528] [main/DEBUG] [net.neoforged.fml.loading.moddiscovery.ModFileInfo/LOADING]: Found valid mod file dev.simulated_team.simulated.simulated-neoforge-1.21.1-1.2.1.jar with {simulated} mods - versions {1.2.1}
[04июл.2026 11:23:05.529] [main/DEBUG] [net.neoforged.fml.loading.moddiscovery.readers.JarModsDotTomlModFileReader/SCAN]: Found META-INF/neoforge.mods.toml mod of type null: 
[04июл.2026 11:23:05.529] [main/DEBUG] [net.neoforged.fml.loading.moddiscovery.ModFileParser/LOADING]: Considering mod file candidate 
[04июл.2026 11:23:05.530] [main/DEBUG] [net.neoforged.fml.loading.moddiscovery.ModFileInfo/LOADING]: Found valid mod file sable-companion-common-1.21.1-1.6.0.jar with {sablecompanion} mods - versions {1.6.0}
[04июл.2026 11:23:05.555] [main/DEBUG] [net.neoforged.fml.loading.moddiscovery.readers.JarModsDotTomlModFileReader/SCAN]: Found META-INF/neoforge.mods.toml mod of type null: 
[04июл.2026 11:23:05.555] [main/DEBUG] [net.neoforged.fml.loading.moddiscovery.ModFileParser/LOADING]: Considering mod file candidate 
[04июл.2026 11:23:05.558] [main/DEBUG] [net.neoforged.fml.loading.moddiscovery.ModFileInfo/LOADING]: Found valid mod file veil-neoforge-1.21.1-4.0.0.jar with {veil} mods - versions {4.0.0}
[04июл.2026 11:23:05.558] [main/TRACE] [net.neoforged.fml.loading.moddiscovery.locators.JarInJarDependencyLocator/]: Failed to load resource META-INF\jarjar\metadata.json from sable-companion-common-1.21.1-1.6.0.jar, it does not contain dependency information.
[04июл.2026 11:23:05.558] [main/TRACE] [net.neoforged.fml.loading.moddiscovery.locators.JarInJarDependencyLocator/]: Failed to load resource META-INF\jarjar\metadata.json from Registrate-MC1.21-1.3.0+67.jar, it does not contain dependency information.
[04июл.2026 11:23:05.558] [main/TRACE] [net.neoforged.fml.loading.moddiscovery.locators.JarInJarDependencyLocator/]: Failed to load resource META-INF\jarjar\metadata.json from flywheel-neoforge-1.21.1-1.0.6.jar, it does not contain dependency information.
[04июл.2026 11:23:05.558] [main/TRACE] [net.neoforged.fml.loading.moddiscovery.locators.JarInJarDependencyLocator/]: Failed to load resource META-INF\jarjar\metadata.json from ponder-neoforge-1.0.82+mc1.21.1.jar, it does not contain dependency information.
[04июл.2026 11:23:05.558] [main/TRACE] [net.neoforged.fml.loading.moddiscovery.locators.JarInJarDependencyLocator/]: Failed to load resource META-INF\jarjar\metadata.json from mixinextras-neoforge-0.5.3.jar, it does not contain dependency information.
[04июл.2026 11:23:05.558] [main/TRACE] [net.neoforged.fml.loading.moddiscovery.locators.JarInJarDependencyLocator/]: Failed to load resource META-INF\jarjar\metadata.json from net.neoforged.neoforge-coremods-21.1.227.jar, it does not contain dependency information.
[04июл.2026 11:23:05.558] [main/TRACE] [net.neoforged.fml.loading.moddiscovery.locators.JarInJarDependencyLocator/]: Failed to load resource META-INF\jarjar\metadata.json from dev.eriksonn.aeronautics.aeronautics-neoforge-1.21.1-1.2.1.jar, it does not contain dependency information.
[04июл.2026 11:23:05.558] [main/TRACE] [net.neoforged.fml.loading.moddiscovery.locators.JarInJarDependencyLocator/]: Failed to load resource META-INF\jarjar\metadata.json from dev.ryanhcode.offroad.offroad-neoforge-1.21.1-1.2.1.jar, it does not contain dependency information.
[04июл.2026 11:23:05.558] [main/TRACE] [net.neoforged.fml.loading.moddiscovery.locators.JarInJarDependencyLocator/]: Failed to load resource META-INF\jarjar\metadata.json from dev.simulated_team.simulated.simulated-neoforge-1.21.1-1.2.1.jar, it does not contain dependency information.
[04июл.2026 11:23:05.558] [main/TRACE] [net.neoforged.fml.loading.moddiscovery.locators.JarInJarDependencyLocator/]: Failed to load resource META-INF\jarjar\metadata.json from sable-companion-common-1.21.1-1.6.0.jar, it does not contain dependency information.
[04июл.2026 11:23:05.563] [main/TRACE] [net.neoforged.fml.loading.moddiscovery.locators.JarInJarDependencyLocator/]: Failed to load resource META-INF\jarjar\metadata.json from molang-compiler-3.1.1.19.jar, it does not contain dependency information.
[04июл.2026 11:23:05.563] [main/TRACE] [net.neoforged.fml.loading.moddiscovery.locators.JarInJarDependencyLocator/]: Failed to load resource META-INF\jarjar\metadata.json from glsl-processor-0.2.3.jar, it does not contain dependency information.
[04июл.2026 11:23:05.600] [main/DEBUG] [net.neoforged.fml.loading.moddiscovery.readers.JarModsDotTomlModFileReader/SCAN]: Found META-INF/neoforge.mods.toml mod of type null: 
[04июл.2026 11:23:05.600] [main/DEBUG] [net.neoforged.fml.loading.moddiscovery.ModFileParser/LOADING]: Considering mod file candidate 
[04июл.2026 11:23:05.601] [main/DEBUG] [net.neoforged.fml.loading.moddiscovery.ModFileInfo/LOADING]: Found valid mod file veil-neoforge-1.21.1-4.0.0.jar with {veil} mods - versions {4.0.0}
[04июл.2026 11:23:05.606] [main/DEBUG] [net.neoforged.fml.loading.moddiscovery.readers.JarModsDotTomlModFileReader/SCAN]: Found META-INF/MANIFEST.MF mod of type GAMELIBRARY: 
[04июл.2026 11:23:05.608] [main/DEBUG] [net.neoforged.fml.loading.moddiscovery.readers.JarModsDotTomlModFileReader/SCAN]: Found META-INF/MANIFEST.MF mod of type LIBRARY: 
[04июл.2026 11:23:05.613] [main/DEBUG] [net.neoforged.fml.loading.moddiscovery.readers.JarModsDotTomlModFileReader/SCAN]: Found META-INF/neoforge.mods.toml mod of type null: 
[04июл.2026 11:23:05.613] [main/DEBUG] [net.neoforged.fml.loading.moddiscovery.ModFileParser/LOADING]: Considering mod file candidate 
[04июл.2026 11:23:05.614] [main/DEBUG] [net.neoforged.fml.loading.moddiscovery.ModFileInfo/LOADING]: Found valid mod file flywheel-neoforge-1.21.1-1.0.6.jar with {flywheel} mods - versions {1.0.6}
[04июл.2026 11:23:05.616] [main/DEBUG] [net.neoforged.fml.loading.moddiscovery.readers.JarModsDotTomlModFileReader/SCAN]: Found META-INF/MANIFEST.MF mod of type GAMELIBRARY: 
[04июл.2026 11:23:05.617] [main/DEBUG] [net.neoforged.fml.loading.moddiscovery.readers.JarModsDotTomlModFileReader/SCAN]: Found META-INF/neoforge.mods.toml mod of type null: 
[04июл.2026 11:23:05.617] [main/DEBUG] [net.neoforged.fml.loading.moddiscovery.ModFileParser/LOADING]: Considering mod file candidate 
[04июл.2026 11:23:05.617] [main/DEBUG] [net.neoforged.fml.loading.moddiscovery.ModFileInfo/LOADING]: Found valid mod file sable-companion-common-1.21.1-1.6.0.jar with {sablecompanion} mods - versions {1.6.0}
[04июл.2026 11:23:05.642] [main/DEBUG] [net.neoforged.fml.loading.moddiscovery.readers.JarModsDotTomlModFileReader/SCAN]: Found META-INF/neoforge.mods.toml mod of type null: 
[04июл.2026 11:23:05.642] [main/DEBUG] [net.neoforged.fml.loading.moddiscovery.ModFileParser/LOADING]: Considering mod file candidate 
[04июл.2026 11:23:05.643] [main/DEBUG] [net.neoforged.fml.loading.moddiscovery.ModFileInfo/LOADING]: Found valid mod file dev.simulated_team.simulated.simulated-neoforge-1.21.1-1.2.1.jar with {simulated} mods - versions {1.2.1}
[04июл.2026 11:23:05.646] [main/DEBUG] [net.neoforged.fml.loading.moddiscovery.readers.JarModsDotTomlModFileReader/SCAN]: Found META-INF/neoforge.mods.toml mod of type null: 
[04июл.2026 11:23:05.646] [main/DEBUG] [net.neoforged.fml.loading.moddiscovery.ModFileParser/LOADING]: Considering mod file candidate 
[04июл.2026 11:23:05.647] [main/DEBUG] [net.neoforged.fml.loading.moddiscovery.ModFileInfo/LOADING]: Found valid mod file dev.ryanhcode.offroad.offroad-neoforge-1.21.1-1.2.1.jar with {offroad} mods - versions {1.2.1}
[04июл.2026 11:23:05.652] [main/DEBUG] [net.neoforged.fml.loading.moddiscovery.readers.JarModsDotTomlModFileReader/SCAN]: Found META-INF/neoforge.mods.toml mod of type null: 
[04июл.2026 11:23:05.653] [main/DEBUG] [net.neoforged.fml.loading.moddiscovery.ModFileParser/LOADING]: Considering mod file candidate 
[04июл.2026 11:23:05.653] [main/DEBUG] [net.neoforged.fml.loading.moddiscovery.ModFileInfo/LOADING]: Found valid mod file ponder-neoforge-1.0.82+mc1.21.1.jar with {ponder} mods - versions {1.0.82+mc1.21.1}
[04июл.2026 11:23:05.694] [main/DEBUG] [net.neoforged.fml.loading.moddiscovery.readers.JarModsDotTomlModFileReader/SCAN]: Found META-INF/neoforge.mods.toml mod of type null: 
[04июл.2026 11:23:05.694] [main/DEBUG] [net.neoforged.fml.loading.moddiscovery.ModFileParser/LOADING]: Considering mod file candidate 
[04июл.2026 11:23:05.694] [main/DEBUG] [net.neoforged.fml.loading.moddiscovery.ModFileInfo/LOADING]: Found valid mod file dev.eriksonn.aeronautics.aeronautics-neoforge-1.21.1-1.2.1.jar with {aeronautics} mods - versions {1.2.1}
[04июл.2026 11:23:05.695] [main/WARN] [net.neoforged.jarjar.selection.JarSelector/]: Attempted to select a dependency jar for JarJar which was passed in as source: library:mixinextras.neoforge. Using Mod File: C:\Users\Kostya\.gradle\caches\modules-2\files-2.1\io.github.llamalad7\mixinextras-neoforge\0.5.3\a0919957808de97707c5fb4ce073e66aeef3e187\mixinextras-neoforge-0.5.3.jar
[04июл.2026 11:23:05.695] [main/WARN] [net.neoforged.jarjar.selection.JarSelector/]: Attempted to select a dependency jar for JarJar which was passed in as source: ponder. Using Mod File: C:\Users\Kostya\Documents\GitHub\create_AES\libs\ponder-neoforge-1.0.82+mc1.21.1.jar
[04июл.2026 11:23:05.695] [main/INFO] [net.neoforged.fml.loading.moddiscovery.locators.JarInJarDependencyLocator/]: Found 10 dependencies adding them to mods collection
[04июл.2026 11:23:05.695] [main/INFO] [net.neoforged.fml.loading.moddiscovery.ModDiscoverer/SCAN]: Found mod file "dev.eriksonn.aeronautics.aeronautics-neoforge-1.21.1-1.2.1.jar" [parent: create-aeronautics-bundled-1.21.1-1.2.1 (1).jar, locator: jarinjar, reader: mod manifest]
[04июл.2026 11:23:05.695] [main/INFO] [net.neoforged.fml.loading.moddiscovery.ModDiscoverer/SCAN]: Found library file "molang-compiler-3.1.1.19.jar" [parent: veil-neoforge-1.21.1-4.0.0.jar, locator: jarinjar]
[04июл.2026 11:23:05.696] [main/INFO] [net.neoforged.fml.loading.moddiscovery.ModDiscoverer/SCAN]: Found gamelibrary file "Registrate-MC1.21-1.3.0+67.jar" [parent: create-1.21.1-6.0.10 (1).jar, locator: jarinjar, reader: mod manifest]
[04июл.2026 11:23:05.696] [main/INFO] [net.neoforged.fml.loading.moddiscovery.ModDiscoverer/SCAN]: Found mod file "veil-neoforge-1.21.1-4.0.0.jar" [parent: sable-neoforge-1.21.1-1.2.2 (1).jar, locator: jarinjar, reader: mod manifest]
[04июл.2026 11:23:05.696] [main/INFO] [net.neoforged.fml.loading.moddiscovery.ModDiscoverer/SCAN]: Found mod file "dev.simulated_team.simulated.simulated-neoforge-1.21.1-1.2.1.jar" [parent: create-aeronautics-bundled-1.21.1-1.2.1 (1).jar, locator: jarinjar, reader: mod manifest]
[04июл.2026 11:23:05.696] [main/INFO] [net.neoforged.fml.loading.moddiscovery.ModDiscoverer/SCAN]: Found mod file "sable-companion-common-1.21.1-1.6.0.jar" [parent: createdieselgenerators-1.21.1-1.3.13.jar, locator: jarinjar, reader: mod manifest]
[04июл.2026 11:23:05.696] [main/INFO] [net.neoforged.fml.loading.moddiscovery.ModDiscoverer/SCAN]: Found mod file "flywheel-neoforge-1.21.1-1.0.6.jar" [parent: create-1.21.1-6.0.10 (1).jar, locator: jarinjar, reader: mod manifest]
[04июл.2026 11:23:05.696] [main/INFO] [net.neoforged.fml.loading.moddiscovery.ModDiscoverer/SCAN]: Found library file "glsl-processor-0.2.3.jar" [parent: veil-neoforge-1.21.1-4.0.0.jar, locator: jarinjar]
[04июл.2026 11:23:05.696] [main/INFO] [net.neoforged.fml.loading.moddiscovery.ModDiscoverer/SCAN]: Found mod file "dev.ryanhcode.offroad.offroad-neoforge-1.21.1-1.2.1.jar" [parent: create-aeronautics-bundled-1.21.1-1.2.1 (1).jar, locator: jarinjar, reader: mod manifest]
[04июл.2026 11:23:05.696] [main/INFO] [net.neoforged.fml.loading.moddiscovery.ModDiscoverer/SCAN]: Found library file "net.neoforged.neoforge-coremods-21.1.227.jar" [parent: neoforge-21.1.227.jar, locator: jarinjar, reader: mod manifest]
[04июл.2026 11:23:05.698] [main/INFO] [net.neoforged.fml.loading.moddiscovery.ModDiscoverer/]: 
     Mod List:
		Name Version (Mod Id)

		Create 6.0.10 (create)
		Create Aeronautics 1.2.1 (aeronautics)
		Create Aeronautics 1.2.1 (aeronautics_bundled)
		Create Diesel Generators 1.21.1-1.3.13 (createdieselgenerators)
		Create Offroad 1.2.1 (offroad)
		Create Simulated 1.2.1 (simulated)
		Create: Additional Energy Sources 1.0.0 (create_additional_energy_sourses)
		Flywheel 1.0.6 (flywheel)
		Just Enough Items 19.27.0.340 (jei)
		Minecraft 1.21.1 (minecraft)
		NeoForge 21.1.227 (neoforge)
		Ponder 1.0.82+mc1.21.1 (ponder)
		Sable 1.2.2 (sable)
		Sable Companion 1.6.0 (sablecompanion)
		Veil 4.0.0 (veil)
[04июл.2026 11:23:05.699] [main/DEBUG] [net.neoforged.fml.loading.moddiscovery.ModFileInfo/LOADING]: Found valid mod file neoforge-21.1.227.jar with {minecraft} mods - versions {1.21.1}
[04июл.2026 11:23:05.700] [main/DEBUG] [net.neoforged.fml.loading.moddiscovery.ModFile/LOADING]: Loading mod file C:\Users\Kostya\Documents\GitHub\create_AES\.gradle\repositories\ng_dummy_ng\net\neoforged\neoforge\21.1.227\neoforge-21.1.227.jar with languages [LanguageSpec[languageName=minecraft, acceptedVersions=1]]
[04июл.2026 11:23:05.701] [main/DEBUG] [net.neoforged.fml.loading.moddiscovery.ModFileParser/LOADING]: Considering mod file candidate 
[04июл.2026 11:23:05.702] [main/DEBUG] [net.neoforged.fml.loading.moddiscovery.ModFileInfo/LOADING]: Found valid mod file veil-neoforge-1.21.1-4.0.0.jar with {veil} mods - versions {4.0.0}
[04июл.2026 11:23:05.702] [main/DEBUG] [net.neoforged.fml.loading.moddiscovery.ModFile/LOADING]: Loading mod file  with languages [LanguageSpec[languageName=javafml, acceptedVersions=[4,)]]
[04июл.2026 11:23:05.702] [main/DEBUG] [net.neoforged.fml.loading.moddiscovery.ModFile/LOADING]: Found mixin config MixinConfig[config=veil.command.mixins.json, requiredMods=[]]
[04июл.2026 11:23:05.703] [main/DEBUG] [net.neoforged.fml.loading.moddiscovery.ModFile/LOADING]: Found mixin config MixinConfig[config=veil.debug.mixins.json, requiredMods=[]]
[04июл.2026 11:23:05.703] [main/DEBUG] [net.neoforged.fml.loading.moddiscovery.ModFile/LOADING]: Found mixin config MixinConfig[config=veil.dynamicbuffer.mixins.json, requiredMods=[]]
[04июл.2026 11:23:05.703] [main/DEBUG] [net.neoforged.fml.loading.moddiscovery.ModFile/LOADING]: Found mixin config MixinConfig[config=veil.fix.mixins.json, requiredMods=[]]
[04июл.2026 11:23:05.703] [main/DEBUG] [net.neoforged.fml.loading.moddiscovery.ModFile/LOADING]: Found mixin config MixinConfig[config=veil.framebuffer.mixins.json, requiredMods=[]]
[04июл.2026 11:23:05.703] [main/DEBUG] [net.neoforged.fml.loading.moddiscovery.ModFile/LOADING]: Found mixin config MixinConfig[config=veil.necromancer.mixins.json, requiredMods=[]]
[04июл.2026 11:23:05.703] [main/DEBUG] [net.neoforged.fml.loading.moddiscovery.ModFile/LOADING]: Found mixin config MixinConfig[config=veil.network.mixins.json, requiredMods=[]]
[04июл.2026 11:23:05.703] [main/DEBUG] [net.neoforged.fml.loading.moddiscovery.ModFile/LOADING]: Found mixin config MixinConfig[config=veil.performance.mixins.json, requiredMods=[]]
[04июл.2026 11:23:05.703] [main/DEBUG] [net.neoforged.fml.loading.moddiscovery.ModFile/LOADING]: Found mixin config MixinConfig[config=veil.perspective.mixins.json, requiredMods=[]]
[04июл.2026 11:23:05.703] [main/DEBUG] [net.neoforged.fml.loading.moddiscovery.ModFile/LOADING]: Found mixin config MixinConfig[config=veil.pipeline.mixins.json, requiredMods=[]]
[04июл.2026 11:23:05.703] [main/DEBUG] [net.neoforged.fml.loading.moddiscovery.ModFile/LOADING]: Found mixin config MixinConfig[config=veil.quasar.mixins.json, requiredMods=[]]
[04июл.2026 11:23:05.703] [main/DEBUG] [net.neoforged.fml.loading.moddiscovery.ModFile/LOADING]: Found mixin config MixinConfig[config=veil.registry.mixins.json, requiredMods=[]]
[04июл.2026 11:23:05.703] [main/DEBUG] [net.neoforged.fml.loading.moddiscovery.ModFile/LOADING]: Found mixin config MixinConfig[config=veil.rendertype.mixins.json, requiredMods=[]]
[04июл.2026 11:23:05.703] [main/DEBUG] [net.neoforged.fml.loading.moddiscovery.ModFile/LOADING]: Found mixin config MixinConfig[config=veil.resource.mixins.json, requiredMods=[]]
[04июл.2026 11:23:05.703] [main/DEBUG] [net.neoforged.fml.loading.moddiscovery.ModFile/LOADING]: Found mixin config MixinConfig[config=veil.scheduler.mixins.json, requiredMods=[]]
[04июл.2026 11:23:05.703] [main/DEBUG] [net.neoforged.fml.loading.moddiscovery.ModFile/LOADING]: Found mixin config MixinConfig[config=veil.shader.mixins.json, requiredMods=[]]
[04июл.2026 11:23:05.703] [main/DEBUG] [net.neoforged.fml.loading.moddiscovery.ModFile/LOADING]: Found mixin config MixinConfig[config=veil.neoforge.mixins.json, requiredMods=[]]
[04июл.2026 11:23:05.704] [main/DEBUG] [net.neoforged.fml.loading.moddiscovery.ModFileParser/LOADING]: Considering mod file candidate 
[04июл.2026 11:23:05.705] [main/DEBUG] [net.neoforged.fml.loading.moddiscovery.ModFileInfo/LOADING]: Found valid mod file dev.simulated_team.simulated.simulated-neoforge-1.21.1-1.2.1.jar with {simulated} mods - versions {1.2.1}
[04июл.2026 11:23:05.705] [main/DEBUG] [net.neoforged.fml.loading.moddiscovery.ModFile/LOADING]: Loading mod file  with languages [LanguageSpec[languageName=javafml, acceptedVersions=[4,)]]
[04июл.2026 11:23:05.705] [main/DEBUG] [net.neoforged.fml.loading.moddiscovery.ModFile/LOADING]: Found mixin config MixinConfig[config=simulated.mixins.json, requiredMods=[]]
[04июл.2026 11:23:05.705] [main/DEBUG] [net.neoforged.fml.loading.moddiscovery.ModFile/LOADING]: Found mixin config MixinConfig[config=simulated-neoforge.mixins.json, requiredMods=[]]
[04июл.2026 11:23:05.705] [main/DEBUG] [net.neoforged.fml.loading.moddiscovery.ModFileParser/LOADING]: Considering mod file candidate C:\Users\Kostya\Documents\GitHub\create_AES\libs\createdieselgenerators-1.21.1-1.3.13.jar
[04июл.2026 11:23:05.705] [main/DEBUG] [net.neoforged.fml.loading.moddiscovery.ModFileInfo/LOADING]: Found valid mod file createdieselgenerators-1.21.1-1.3.13.jar with {createdieselgenerators} mods - versions {1.21.1-1.3.13}
[04июл.2026 11:23:05.705] [main/DEBUG] [net.neoforged.fml.loading.moddiscovery.ModFile/LOADING]: Loading mod file C:\Users\Kostya\Documents\GitHub\create_AES\libs\createdieselgenerators-1.21.1-1.3.13.jar with languages [LanguageSpec[languageName=javafml, acceptedVersions=[1,)]]
[04июл.2026 11:23:05.705] [main/DEBUG] [net.neoforged.fml.loading.moddiscovery.ModFile/LOADING]: Found mixin config MixinConfig[config=createdieselgenerators.mixins.json, requiredMods=[]]
[04июл.2026 11:23:05.705] [main/DEBUG] [net.neoforged.fml.loading.moddiscovery.ModFileParser/LOADING]: Considering mod file candidate C:\Users\Kostya\Documents\GitHub\create_AES\libs\ponder-neoforge-1.0.82+mc1.21.1.jar
[04июл.2026 11:23:05.707] [main/DEBUG] [net.neoforged.fml.loading.moddiscovery.ModFileInfo/LOADING]: Found valid mod file ponder-neoforge-1.0.82+mc1.21.1.jar with {ponder} mods - versions {1.0.82+mc1.21.1}
[04июл.2026 11:23:05.707] [main/DEBUG] [net.neoforged.fml.loading.moddiscovery.ModFile/LOADING]: Loading mod file C:\Users\Kostya\Documents\GitHub\create_AES\libs\ponder-neoforge-1.0.82+mc1.21.1.jar with languages [LanguageSpec[languageName=javafml, acceptedVersions=[0,)]]
[04июл.2026 11:23:05.707] [main/DEBUG] [net.neoforged.fml.loading.moddiscovery.ModFile/LOADING]: Found mixin config MixinConfig[config=ponder.mixins.json, requiredMods=[]]
[04июл.2026 11:23:05.707] [main/DEBUG] [net.neoforged.fml.loading.moddiscovery.ModFile/LOADING]: Found mixin config MixinConfig[config=ponder-common.mixins.json, requiredMods=[]]
[04июл.2026 11:23:05.707] [main/DEBUG] [net.neoforged.fml.loading.moddiscovery.ModFileParser/LOADING]: Considering mod file candidate C:\Users\Kostya\Documents\GitHub\create_AES\runs\client\mods\jei-1.21.1-neoforge-19.27.0.340.jar
[04июл.2026 11:23:05.707] [main/DEBUG] [net.neoforged.fml.loading.moddiscovery.ModFileInfo/LOADING]: Found valid mod file jei-1.21.1-neoforge-19.27.0.340.jar with {jei} mods - versions {19.27.0.340}
[04июл.2026 11:23:05.707] [main/DEBUG] [net.neoforged.fml.loading.moddiscovery.ModFile/LOADING]: Loading mod file C:\Users\Kostya\Documents\GitHub\create_AES\runs\client\mods\jei-1.21.1-neoforge-19.27.0.340.jar with languages [LanguageSpec[languageName=javafml, acceptedVersions=[4,)]]
[04июл.2026 11:23:05.707] [main/DEBUG] [net.neoforged.fml.loading.moddiscovery.ModFileParser/LOADING]: Considering mod file candidate C:\Users\Kostya\Documents\GitHub\create_AES\libs\sable-neoforge-1.21.1-1.2.2 (1).jar
[04июл.2026 11:23:05.709] [main/DEBUG] [net.neoforged.fml.loading.moddiscovery.ModFileInfo/LOADING]: Found valid mod file sable-neoforge-1.21.1-1.2.2 (1).jar with {sable} mods - versions {1.2.2}
[04июл.2026 11:23:05.709] [main/DEBUG] [net.neoforged.fml.loading.moddiscovery.ModFile/LOADING]: Loading mod file C:\Users\Kostya\Documents\GitHub\create_AES\libs\sable-neoforge-1.21.1-1.2.2 (1).jar with languages [LanguageSpec[languageName=javafml, acceptedVersions=[4,)]]
[04июл.2026 11:23:05.709] [main/DEBUG] [net.neoforged.fml.loading.moddiscovery.ModFile/LOADING]: Found mixin config MixinConfig[config=sable.mixins.json, requiredMods=[]]
[04июл.2026 11:23:05.709] [main/DEBUG] [net.neoforged.fml.loading.moddiscovery.ModFile/LOADING]: Found mixin config MixinConfig[config=sable-neoforge.mixins.json, requiredMods=[]]
[04июл.2026 11:23:05.709] [main/DEBUG] [net.neoforged.fml.loading.moddiscovery.ModFileParser/LOADING]: Considering mod file candidate 
[04июл.2026 11:23:05.709] [main/DEBUG] [net.neoforged.fml.loading.moddiscovery.ModFileInfo/LOADING]: Found valid mod file dev.eriksonn.aeronautics.aeronautics-neoforge-1.21.1-1.2.1.jar with {aeronautics} mods - versions {1.2.1}
[04июл.2026 11:23:05.709] [main/DEBUG] [net.neoforged.fml.loading.moddiscovery.ModFile/LOADING]: Loading mod file  with languages [LanguageSpec[languageName=javafml, acceptedVersions=[4,)]]
[04июл.2026 11:23:05.709] [main/DEBUG] [net.neoforged.fml.loading.moddiscovery.ModFile/LOADING]: Found mixin config MixinConfig[config=aeronautics.mixins.json, requiredMods=[]]
[04июл.2026 11:23:05.709] [main/DEBUG] [net.neoforged.fml.loading.moddiscovery.ModFile/LOADING]: Found mixin config MixinConfig[config=aeronautics.neoforge.mixins.json, requiredMods=[]]
[04июл.2026 11:23:05.709] [main/DEBUG] [net.neoforged.fml.loading.moddiscovery.ModFileParser/LOADING]: Considering mod file candidate C:\Users\Kostya\Documents\GitHub\create_AES\libs\create-aeronautics-bundled-1.21.1-1.2.1 (1).jar
[04июл.2026 11:23:05.711] [main/DEBUG] [net.neoforged.fml.loading.moddiscovery.ModFileInfo/LOADING]: Found valid mod file create-aeronautics-bundled-1.21.1-1.2.1 (1).jar with {aeronautics_bundled} mods - versions {1.2.1}
[04июл.2026 11:23:05.711] [main/DEBUG] [net.neoforged.fml.loading.moddiscovery.ModFile/LOADING]: Loading mod file C:\Users\Kostya\Documents\GitHub\create_AES\libs\create-aeronautics-bundled-1.21.1-1.2.1 (1).jar with languages [LanguageSpec[languageName=lowcodefml, acceptedVersions=[4,)]]
[04июл.2026 11:23:05.711] [main/DEBUG] [net.neoforged.fml.loading.moddiscovery.ModFileParser/LOADING]: Considering mod file candidate C:\Users\Kostya\Documents\GitHub\create_AES\build\resources\main
[04июл.2026 11:23:05.711] [main/DEBUG] [net.neoforged.fml.loading.moddiscovery.ModFileInfo/LOADING]: Found valid mod file main with {create_additional_energy_sourses} mods - versions {1.0.0}
[04июл.2026 11:23:05.711] [main/DEBUG] [net.neoforged.fml.loading.moddiscovery.ModFile/LOADING]: Loading mod file C:\Users\Kostya\Documents\GitHub\create_AES\build\resources\main with languages [LanguageSpec[languageName=javafml, acceptedVersions=[4,)]]
[04июл.2026 11:23:05.711] [main/DEBUG] [net.neoforged.fml.loading.moddiscovery.ModFileParser/LOADING]: Considering mod file candidate 
[04июл.2026 11:23:05.712] [main/DEBUG] [net.neoforged.fml.loading.moddiscovery.ModFileInfo/LOADING]: Found valid mod file flywheel-neoforge-1.21.1-1.0.6.jar with {flywheel} mods - versions {1.0.6}
[04июл.2026 11:23:05.712] [main/DEBUG] [net.neoforged.fml.loading.moddiscovery.ModFile/LOADING]: Loading mod file  with languages [LanguageSpec[languageName=javafml, acceptedVersions=[0,)]]
[04июл.2026 11:23:05.712] [main/DEBUG] [net.neoforged.fml.loading.moddiscovery.ModFile/LOADING]: Found mixin config MixinConfig[config=flywheel.backend.mixins.json, requiredMods=[]]
[04июл.2026 11:23:05.712] [main/DEBUG] [net.neoforged.fml.loading.moddiscovery.ModFile/LOADING]: Found mixin config MixinConfig[config=flywheel.impl.mixins.json, requiredMods=[]]
[04июл.2026 11:23:05.712] [main/DEBUG] [net.neoforged.fml.loading.moddiscovery.ModFile/LOADING]: Found mixin config MixinConfig[config=flywheel.impl.neoforge.mixins.json, requiredMods=[]]
[04июл.2026 11:23:05.712] [main/DEBUG] [net.neoforged.fml.loading.moddiscovery.ModFileParser/LOADING]: Considering mod file candidate 
[04июл.2026 11:23:05.713] [main/DEBUG] [net.neoforged.fml.loading.moddiscovery.ModFileInfo/LOADING]: Found valid mod file sable-companion-common-1.21.1-1.6.0.jar with {sablecompanion} mods - versions {1.6.0}
[04июл.2026 11:23:05.713] [main/DEBUG] [net.neoforged.fml.loading.moddiscovery.ModFile/LOADING]: Loading mod file  with languages [LanguageSpec[languageName=javafml, acceptedVersions=[4,)]]
[04июл.2026 11:23:05.713] [main/DEBUG] [net.neoforged.fml.loading.moddiscovery.ModFileParser/LOADING]: Considering mod file candidate C:\Users\Kostya\Documents\GitHub\create_AES\libs\create-1.21.1-6.0.10 (1).jar
[04июл.2026 11:23:05.714] [main/DEBUG] [net.neoforged.fml.loading.moddiscovery.ModFileInfo/LOADING]: Found valid mod file create-1.21.1-6.0.10 (1).jar with {create} mods - versions {6.0.10}
[04июл.2026 11:23:05.714] [main/DEBUG] [net.neoforged.fml.loading.moddiscovery.ModFile/LOADING]: Loading mod file C:\Users\Kostya\Documents\GitHub\create_AES\libs\create-1.21.1-6.0.10 (1).jar with languages [LanguageSpec[languageName=javafml, acceptedVersions=[0,)]]
[04июл.2026 11:23:05.714] [main/DEBUG] [net.neoforged.fml.loading.moddiscovery.ModFile/LOADING]: Found mixin config MixinConfig[config=create.mixins.json, requiredMods=[]]
[04июл.2026 11:23:05.714] [main/DEBUG] [net.neoforged.fml.loading.moddiscovery.ModFileParser/LOADING]: Considering mod file candidate 
[04июл.2026 11:23:05.714] [main/DEBUG] [net.neoforged.fml.loading.moddiscovery.ModFileInfo/LOADING]: Found valid mod file dev.ryanhcode.offroad.offroad-neoforge-1.21.1-1.2.1.jar with {offroad} mods - versions {1.2.1}
[04июл.2026 11:23:05.715] [main/DEBUG] [net.neoforged.fml.loading.moddiscovery.ModFile/LOADING]: Loading mod file  with languages [LanguageSpec[languageName=javafml, acceptedVersions=[4,)]]
[04июл.2026 11:23:05.715] [main/DEBUG] [net.neoforged.fml.loading.moddiscovery.ModFile/LOADING]: Found mixin config MixinConfig[config=offroad.mixins.json, requiredMods=[]]
[04июл.2026 11:23:05.715] [main/DEBUG] [net.neoforged.fml.loading.moddiscovery.ModFile/LOADING]: Found mixin config MixinConfig[config=offroad.neoforge.mixins.json, requiredMods=[]]
[04июл.2026 11:23:05.715] [main/DEBUG] [net.neoforged.fml.loading.moddiscovery.ModFileParser/LOADING]: Considering mod file candidate C:\Users\Kostya\Documents\GitHub\create_AES\.gradle\repositories\ng_dummy_ng\net\neoforged\neoforge\21.1.227\neoforge-21.1.227.jar
[04июл.2026 11:23:05.715] [main/DEBUG] [net.neoforged.fml.loading.moddiscovery.ModFileInfo/LOADING]: Found valid mod file neoforge-21.1.227.jar with {neoforge} mods - versions {21.1.227}
[04июл.2026 11:23:05.715] [main/DEBUG] [net.neoforged.fml.loading.moddiscovery.ModFile/LOADING]: Loading mod file C:\Users\Kostya\Documents\GitHub\create_AES\.gradle\repositories\ng_dummy_ng\net\neoforged\neoforge\21.1.227\neoforge-21.1.227.jar with languages [LanguageSpec[languageName=javafml, acceptedVersions=[3,]]]
[04июл.2026 11:23:05.715] [main/DEBUG] [net.neoforged.fml.loading.moddiscovery.ModFile/LOADING]: Found mixin config MixinConfig[config=neoforge.mixins.json, requiredMods=[]]
[04июл.2026 11:23:05.715] [main/DEBUG] [net.neoforged.fml.loading.moddiscovery.ModFile/LOADING]: Loading mod file  with languages []
[04июл.2026 11:23:05.715] [main/DEBUG] [net.neoforged.fml.loading.moddiscovery.ModFile/LOADING]: Loading mod file C:\Users\Kostya\.gradle\caches\modules-2\files-2.1\io.github.llamalad7\mixinextras-neoforge\0.5.3\a0919957808de97707c5fb4ce073e66aeef3e187\mixinextras-neoforge-0.5.3.jar with languages []
[04июл.2026 11:23:05.715] [main/DEBUG] [net.neoforged.fml.loading.moddiscovery.ModValidator/SCAN]: Found 17 mod files with 15 mods
[04июл.2026 11:23:05.715] [main/DEBUG] [cpw.mods.modlauncher.TransformationServiceDecorator/MODLAUNCHER]: End scan trigger - transformation service fml
[04июл.2026 11:23:05.734] [main/DEBUG] [net.neoforged.fml.util.ServiceLoaderUtil/CORE]: Found 3 implementations of IModLanguageLoader:
[04июл.2026 11:23:05.734] [main/DEBUG] [net.neoforged.fml.util.ServiceLoaderUtil/CORE]: 	net.neoforged.fml.javafmlmod.FMLJavaModLanguageProvider from loader-4.0.42.jar
[04июл.2026 11:23:05.734] [main/DEBUG] [net.neoforged.fml.util.ServiceLoaderUtil/CORE]: 	net.neoforged.fml.lowcodemod.LowCodeModLanguageProvider from loader-4.0.42.jar
[04июл.2026 11:23:05.734] [main/DEBUG] [net.neoforged.fml.util.ServiceLoaderUtil/CORE]: 	net.neoforged.fml.mclanguageprovider.MinecraftModLanguageProvider from loader-4.0.42.jar
[04июл.2026 11:23:05.734] [main/DEBUG] [net.neoforged.fml.loading.LanguageProviderLoader/CORE]: Found language provider javafml, version 4.0.42
[04июл.2026 11:23:05.734] [main/DEBUG] [net.neoforged.fml.loading.LanguageProviderLoader/CORE]: Found language provider lowcodefml, version 4.0.42
[04июл.2026 11:23:05.734] [main/DEBUG] [net.neoforged.fml.loading.LanguageProviderLoader/CORE]: Found language provider minecraft, version 4.0.42
[04июл.2026 11:23:05.737] [main/DEBUG] [net.neoforged.fml.loading.ModSorter/]: Configured system mods: [minecraft, neoforge]
[04июл.2026 11:23:05.737] [main/DEBUG] [net.neoforged.fml.loading.ModSorter/]: Found system mod: minecraft
[04июл.2026 11:23:05.737] [main/DEBUG] [net.neoforged.fml.loading.ModSorter/]: Found system mod: neoforge
[04июл.2026 11:23:05.737] [main/DEBUG] [net.neoforged.fml.loading.ModSorter/LOADING]: Found 55 mod requirements (39 mandatory, 16 optional)
[04июл.2026 11:23:05.739] [main/DEBUG] [net.neoforged.fml.loading.ModSorter/LOADING]: Found 0 mod requirements missing (0 mandatory, 0 optional)
[04июл.2026 11:23:05.748] [main/DEBUG] [net.neoforged.fml.loading.FMLLoader/SCAN]: Adding Access Transformer in 
[04июл.2026 11:23:05.751] [main/DEBUG] [AXFORM/AXFORM]: Loading access transformer accesstransformer.cfg
[04июл.2026 11:23:05.792] [main/DEBUG] [AXFORM/AXFORM]: Loaded access transformer accesstransformer.cfg
[04июл.2026 11:23:05.792] [main/DEBUG] [net.neoforged.fml.loading.FMLLoader/SCAN]: Adding Access Transformer in 
[04июл.2026 11:23:05.792] [main/DEBUG] [AXFORM/AXFORM]: Loading access transformer accesstransformer.cfg
[04июл.2026 11:23:05.794] [main/DEBUG] [AXFORM/AXFORM]: Loaded access transformer accesstransformer.cfg
[04июл.2026 11:23:05.794] [main/DEBUG] [net.neoforged.fml.loading.FMLLoader/SCAN]: Adding Access Transformer in C:\Users\Kostya\Documents\GitHub\create_AES\runs\client\mods\jei-1.21.1-neoforge-19.27.0.340.jar
[04июл.2026 11:23:05.795] [main/DEBUG] [AXFORM/AXFORM]: Loading access transformer accesstransformer.cfg
[04июл.2026 11:23:05.796] [main/DEBUG] [AXFORM/AXFORM]: Loaded access transformer accesstransformer.cfg
[04июл.2026 11:23:05.796] [main/DEBUG] [net.neoforged.fml.loading.FMLLoader/SCAN]: Adding Access Transformer in 
[04июл.2026 11:23:05.796] [main/DEBUG] [AXFORM/AXFORM]: Loading access transformer accesstransformer.cfg
[04июл.2026 11:23:05.796] [main/DEBUG] [AXFORM/AXFORM]: Loaded access transformer accesstransformer.cfg
[04июл.2026 11:23:05.796] [main/DEBUG] [net.neoforged.fml.loading.FMLLoader/SCAN]: Adding Access Transformer in C:\Users\Kostya\Documents\GitHub\create_AES\libs\ponder-neoforge-1.0.82+mc1.21.1.jar
[04июл.2026 11:23:05.797] [main/DEBUG] [AXFORM/AXFORM]: Loading access transformer accesstransformer.cfg
[04июл.2026 11:23:05.797] [main/DEBUG] [AXFORM/AXFORM]: Loaded access transformer accesstransformer.cfg
[04июл.2026 11:23:05.797] [main/DEBUG] [net.neoforged.fml.loading.FMLLoader/SCAN]: Adding Access Transformer in C:\Users\Kostya\Documents\GitHub\create_AES\libs\create-1.21.1-6.0.10 (1).jar
[04июл.2026 11:23:05.797] [main/DEBUG] [AXFORM/AXFORM]: Loading access transformer accesstransformer.cfg
[04июл.2026 11:23:05.798] [main/DEBUG] [AXFORM/AXFORM]: Loaded access transformer accesstransformer.cfg
[04июл.2026 11:23:05.798] [main/DEBUG] [net.neoforged.fml.loading.FMLLoader/SCAN]: Adding Access Transformer in C:\Users\Kostya\Documents\GitHub\create_AES\libs\sable-neoforge-1.21.1-1.2.2 (1).jar
[04июл.2026 11:23:05.798] [main/DEBUG] [AXFORM/AXFORM]: Loading access transformer accesstransformer.cfg
[04июл.2026 11:23:05.801] [main/DEBUG] [AXFORM/AXFORM]: Loaded access transformer accesstransformer.cfg
[04июл.2026 11:23:05.801] [main/DEBUG] [net.neoforged.fml.loading.FMLLoader/SCAN]: Adding Access Transformer in 
[04июл.2026 11:23:05.801] [main/DEBUG] [AXFORM/AXFORM]: Loading access transformer accesstransformer.cfg
[04июл.2026 11:23:05.801] [main/DEBUG] [AXFORM/AXFORM]: Loaded access transformer accesstransformer.cfg
[04июл.2026 11:23:05.801] [main/DEBUG] [net.neoforged.fml.loading.FMLLoader/SCAN]: Adding Access Transformer in C:\Users\Kostya\Documents\GitHub\create_AES\.gradle\repositories\ng_dummy_ng\net\neoforged\neoforge\21.1.227\neoforge-21.1.227.jar
[04июл.2026 11:23:05.803] [main/DEBUG] [AXFORM/AXFORM]: Loading access transformer accesstransformer.cfg
[04июл.2026 11:23:05.813] [main/DEBUG] [AXFORM/AXFORM]: Loaded access transformer accesstransformer.cfg
[04июл.2026 11:23:05.814] [main/DEBUG] [mixin/]: Adding mixin platform agents for container net.neoforged.fml.loading.mixin.FMLMixinContainerHandle@7ae9a33a
[04июл.2026 11:23:05.815] [main/DEBUG] [mixin/]: Instancing new MixinPlatformAgentMinecraftForge for net.neoforged.fml.loading.mixin.FMLMixinContainerHandle@7ae9a33a
[04июл.2026 11:23:05.815] [main/DEBUG] [mixin/]: MixinPlatformAgentMinecraftForge rejected container net.neoforged.fml.loading.mixin.FMLMixinContainerHandle@7ae9a33a
[04июл.2026 11:23:05.815] [main/DEBUG] [mixin/]: Instancing new MixinPlatformAgentDefault for net.neoforged.fml.loading.mixin.FMLMixinContainerHandle@7ae9a33a
[04июл.2026 11:23:05.815] [main/DEBUG] [mixin/]: MixinPlatformAgentDefault accepted container net.neoforged.fml.loading.mixin.FMLMixinContainerHandle@7ae9a33a
[04июл.2026 11:23:05.815] [main/DEBUG] [mixin/]: Instancing new FMLMixinPlatformAgent for net.neoforged.fml.loading.mixin.FMLMixinContainerHandle@7ae9a33a
[04июл.2026 11:23:05.815] [main/DEBUG] [mixin/]: FMLMixinPlatformAgent accepted container net.neoforged.fml.loading.mixin.FMLMixinContainerHandle@7ae9a33a
[04июл.2026 11:23:05.826] [main/DEBUG] [cpw.mods.modlauncher.TransformationServicesHandler/MODLAUNCHER]: Transformation services loading transformers
[04июл.2026 11:23:05.828] [main/DEBUG] [cpw.mods.modlauncher.TransformationServiceDecorator/MODLAUNCHER]: Initializing transformers for transformation service mixin
[04июл.2026 11:23:05.829] [main/DEBUG] [cpw.mods.modlauncher.TransformationServiceDecorator/MODLAUNCHER]: Initialized transformers for transformation service mixin
[04июл.2026 11:23:05.829] [main/DEBUG] [cpw.mods.modlauncher.TransformationServiceDecorator/MODLAUNCHER]: Initializing transformers for transformation service fml
[04июл.2026 11:23:05.829] [main/DEBUG] [net.neoforged.fml.loading.FMLServiceProvider/LOADING]: Loading coremod transformers
[04июл.2026 11:23:05.829] [main/DEBUG] [net.neoforged.fml.loading.FMLServiceProvider/CORE]: Not loading coremod script-engine since no mod requested it
[04июл.2026 11:23:05.831] [main/DEBUG] [net.neoforged.fml.util.ServiceLoaderUtil/CORE]: Found 1 implementations of ICoreMod:
[04июл.2026 11:23:05.831] [main/DEBUG] [net.neoforged.fml.util.ServiceLoaderUtil/CORE]: 	net.neoforged.neoforge.coremods.NeoForgeCoreMod from neoforge-21.1.227.jar > net.neoforged.neoforge-coremods-21.1.227.jar
[04июл.2026 11:23:05.850] [main/DEBUG] [net.neoforged.fml.loading.FMLServiceProvider/CORE]: Adding [Target[className=net.minecraft.world.level.biome.Biome, elementName=, elementDescriptor=, targetType=cpw.mods.modlauncher.api.TargetType@112f364d]] transformer from core-mod net.neoforged.neoforge.coremods.NeoForgeCoreMod@26a262d6 in neoforge-21.1.227.jar > net.neoforged.neoforge-coremods-21.1.227.jar
[04июл.2026 11:23:05.850] [main/DEBUG] [net.neoforged.fml.loading.FMLServiceProvider/CORE]: Adding [Target[className=net.minecraft.world.level.levelgen.structure.Structure, elementName=, elementDescriptor=, targetType=cpw.mods.modlauncher.api.TargetType@112f364d]] transformer from core-mod net.neoforged.neoforge.coremods.NeoForgeCoreMod@26a262d6 in neoforge-21.1.227.jar > net.neoforged.neoforge-coremods-21.1.227.jar
[04июл.2026 11:23:05.850] [main/DEBUG] [net.neoforged.fml.loading.FMLServiceProvider/CORE]: Adding [Target[className=net.minecraft.world.level.block.FlowerPotBlock, elementName=, elementDescriptor=, targetType=cpw.mods.modlauncher.api.TargetType@112f364d]] transformer from core-mod net.neoforged.neoforge.coremods.NeoForgeCoreMod@26a262d6 in neoforge-21.1.227.jar > net.neoforged.neoforge-coremods-21.1.227.jar
[04июл.2026 11:23:05.851] [main/DEBUG] [net.neoforged.fml.loading.FMLServiceProvider/CORE]: Adding [Target[className=net/minecraft/world/entity/ai/village/VillageSiege, elementName=, elementDescriptor=, targetType=cpw.mods.modlauncher.api.TargetType@112f364d], Target[className=net/minecraft/world/level/NaturalSpawner, elementName=, elementDescriptor=, targetType=cpw.mods.modlauncher.api.TargetType@112f364d], Target[className=net/minecraft/world/entity/monster/ZombieVillager, elementName=, elementDescriptor=, targetType=cpw.mods.modlauncher.api.TargetType@112f364d], Target[className=net/minecraft/world/level/levelgen/PatrolSpawner, elementName=, elementDescriptor=, targetType=cpw.mods.modlauncher.api.TargetType@112f364d], Target[className=net/minecraft/world/entity/animal/frog/Tadpole, elementName=, elementDescriptor=, targetType=cpw.mods.modlauncher.api.TargetType@112f364d], Target[className=net/minecraft/world/entity/npc/Villager, elementName=, elementDescriptor=, targetType=cpw.mods.modlauncher.api.TargetType@112f364d], Target[className=net/minecraft/world/level/levelgen/PhantomSpawner, elementName=, elementDescriptor=, targetType=cpw.mods.modlauncher.api.TargetType@112f364d], Target[className=net/minecraft/world/entity/animal/horse/SkeletonTrapGoal, elementName=, elementDescriptor=, targetType=cpw.mods.modlauncher.api.TargetType@112f364d], Target[className=net/minecraft/world/entity/EntityType, elementName=, elementDescriptor=, targetType=cpw.mods.modlauncher.api.TargetType@112f364d], Target[className=net/minecraft/world/entity/monster/Strider, elementName=, elementDescriptor=, targetType=cpw.mods.modlauncher.api.TargetType@112f364d], Target[className=net/minecraft/world/level/levelgen/structure/structures/SwampHutPiece, elementName=, elementDescriptor=, targetType=cpw.mods.modlauncher.api.TargetType@112f364d], Target[className=net/minecraft/world/entity/raid/Raid, elementName=, elementDescriptor=, targetType=cpw.mods.modlauncher.api.TargetType@112f364d], Target[className=net/minecraft/world/level/levelgen/structure/structures/OceanRuinPieces$OceanRuinPiece, elementName=, elementDescriptor=, targetType=cpw.mods.modlauncher.api.TargetType@112f364d], Target[className=net/minecraft/world/entity/monster/Evoker$EvokerSummonSpellGoal, elementName=, elementDescriptor=, targetType=cpw.mods.modlauncher.api.TargetType@112f364d], Target[className=net/minecraft/world/entity/monster/Spider, elementName=, elementDescriptor=, targetType=cpw.mods.modlauncher.api.TargetType@112f364d], Target[className=net/minecraft/world/level/levelgen/structure/structures/OceanMonumentPieces$OceanMonumentPiece, elementName=, elementDescriptor=, targetType=cpw.mods.modlauncher.api.TargetType@112f364d], Target[className=net/minecraft/world/level/levelgen/structure/templatesystem/StructureTemplate, elementName=, elementDescriptor=, targetType=cpw.mods.modlauncher.api.TargetType@112f364d], Target[className=net/minecraft/server/commands/RaidCommand, elementName=, elementDescriptor=, targetType=cpw.mods.modlauncher.api.TargetType@112f364d], Target[className=net/minecraft/world/entity/npc/CatSpawner, elementName=, elementDescriptor=, targetType=cpw.mods.modlauncher.api.TargetType@112f364d], Target[className=net/minecraft/world/entity/monster/Zombie, elementName=, elementDescriptor=, targetType=cpw.mods.modlauncher.api.TargetType@112f364d], Target[className=net/minecraft/server/commands/SummonCommand, elementName=, elementDescriptor=, targetType=cpw.mods.modlauncher.api.TargetType@112f364d], Target[className=net/minecraft/world/level/levelgen/structure/structures/WoodlandMansionPieces$WoodlandMansionPiece, elementName=, elementDescriptor=, targetType=cpw.mods.modlauncher.api.TargetType@112f364d]] transformer from core-mod net.neoforged.neoforge.coremods.NeoForgeCoreMod@26a262d6 in neoforge-21.1.227.jar > net.neoforged.neoforge-coremods-21.1.227.jar
[04июл.2026 11:23:05.864] [main/DEBUG] [cpw.mods.modlauncher.TransformStore/MODLAUNCHER]: Adding transformer net.neoforged.neoforge.coremods.ReplaceFieldWithGetterAccess@60acd609 to Target : cpw.mods.modlauncher.api.TargetType@112f364d {Lnet/minecraft/world/level/biome/Biome;} {} {V}
[04июл.2026 11:23:05.870] [main/DEBUG] [cpw.mods.modlauncher.TransformStore/MODLAUNCHER]: Adding transformer net.neoforged.neoforge.coremods.ReplaceFieldWithGetterAccess@281ce6bb to Target : cpw.mods.modlauncher.api.TargetType@112f364d {Lnet/minecraft/world/level/levelgen/structure/Structure;} {} {V}
[04июл.2026 11:23:05.870] [main/DEBUG] [cpw.mods.modlauncher.TransformStore/MODLAUNCHER]: Adding transformer net.neoforged.neoforge.coremods.ReplaceFieldWithGetterAccess@30d25c03 to Target : cpw.mods.modlauncher.api.TargetType@112f364d {Lnet/minecraft/world/level/block/FlowerPotBlock;} {} {V}
[04июл.2026 11:23:05.871] [main/DEBUG] [cpw.mods.modlauncher.TransformStore/MODLAUNCHER]: Adding transformer net.neoforged.neoforge.coremods.MethodRedirector@7a1f8def to Target : cpw.mods.modlauncher.api.TargetType@112f364d {Lnet/minecraft/world/entity/ai/village/VillageSiege;} {} {V}
[04июл.2026 11:23:05.871] [main/DEBUG] [cpw.mods.modlauncher.TransformStore/MODLAUNCHER]: Adding transformer net.neoforged.neoforge.coremods.MethodRedirector@7a1f8def to Target : cpw.mods.modlauncher.api.TargetType@112f364d {Lnet/minecraft/world/level/NaturalSpawner;} {} {V}
[04июл.2026 11:23:05.871] [main/DEBUG] [cpw.mods.modlauncher.TransformStore/MODLAUNCHER]: Adding transformer net.neoforged.neoforge.coremods.MethodRedirector@7a1f8def to Target : cpw.mods.modlauncher.api.TargetType@112f364d {Lnet/minecraft/world/entity/monster/ZombieVillager;} {} {V}
[04июл.2026 11:23:05.871] [main/DEBUG] [cpw.mods.modlauncher.TransformStore/MODLAUNCHER]: Adding transformer net.neoforged.neoforge.coremods.MethodRedirector@7a1f8def to Target : cpw.mods.modlauncher.api.TargetType@112f364d {Lnet/minecraft/world/level/levelgen/PatrolSpawner;} {} {V}
[04июл.2026 11:23:05.871] [main/DEBUG] [cpw.mods.modlauncher.TransformStore/MODLAUNCHER]: Adding transformer net.neoforged.neoforge.coremods.MethodRedirector@7a1f8def to Target : cpw.mods.modlauncher.api.TargetType@112f364d {Lnet/minecraft/world/entity/animal/frog/Tadpole;} {} {V}
[04июл.2026 11:23:05.871] [main/DEBUG] [cpw.mods.modlauncher.TransformStore/MODLAUNCHER]: Adding transformer net.neoforged.neoforge.coremods.MethodRedirector@7a1f8def to Target : cpw.mods.modlauncher.api.TargetType@112f364d {Lnet/minecraft/world/entity/npc/Villager;} {} {V}
[04июл.2026 11:23:05.871] [main/DEBUG] [cpw.mods.modlauncher.TransformStore/MODLAUNCHER]: Adding transformer net.neoforged.neoforge.coremods.MethodRedirector@7a1f8def to Target : cpw.mods.modlauncher.api.TargetType@112f364d {Lnet/minecraft/world/level/levelgen/PhantomSpawner;} {} {V}
[04июл.2026 11:23:05.871] [main/DEBUG] [cpw.mods.modlauncher.TransformStore/MODLAUNCHER]: Adding transformer net.neoforged.neoforge.coremods.MethodRedirector@7a1f8def to Target : cpw.mods.modlauncher.api.TargetType@112f364d {Lnet/minecraft/world/entity/animal/horse/SkeletonTrapGoal;} {} {V}
[04июл.2026 11:23:05.871] [main/DEBUG] [cpw.mods.modlauncher.TransformStore/MODLAUNCHER]: Adding transformer net.neoforged.neoforge.coremods.MethodRedirector@7a1f8def to Target : cpw.mods.modlauncher.api.TargetType@112f364d {Lnet/minecraft/world/entity/EntityType;} {} {V}
[04июл.2026 11:23:05.871] [main/DEBUG] [cpw.mods.modlauncher.TransformStore/MODLAUNCHER]: Adding transformer net.neoforged.neoforge.coremods.MethodRedirector@7a1f8def to Target : cpw.mods.modlauncher.api.TargetType@112f364d {Lnet/minecraft/world/entity/monster/Strider;} {} {V}
[04июл.2026 11:23:05.871] [main/DEBUG] [cpw.mods.modlauncher.TransformStore/MODLAUNCHER]: Adding transformer net.neoforged.neoforge.coremods.MethodRedirector@7a1f8def to Target : cpw.mods.modlauncher.api.TargetType@112f364d {Lnet/minecraft/world/level/levelgen/structure/structures/SwampHutPiece;} {} {V}
[04июл.2026 11:23:05.871] [main/DEBUG] [cpw.mods.modlauncher.TransformStore/MODLAUNCHER]: Adding transformer net.neoforged.neoforge.coremods.MethodRedirector@7a1f8def to Target : cpw.mods.modlauncher.api.TargetType@112f364d {Lnet/minecraft/world/entity/raid/Raid;} {} {V}
[04июл.2026 11:23:05.871] [main/DEBUG] [cpw.mods.modlauncher.TransformStore/MODLAUNCHER]: Adding transformer net.neoforged.neoforge.coremods.MethodRedirector@7a1f8def to Target : cpw.mods.modlauncher.api.TargetType@112f364d {Lnet/minecraft/world/level/levelgen/structure/structures/OceanRuinPieces$OceanRuinPiece;} {} {V}
[04июл.2026 11:23:05.871] [main/DEBUG] [cpw.mods.modlauncher.TransformStore/MODLAUNCHER]: Adding transformer net.neoforged.neoforge.coremods.MethodRedirector@7a1f8def to Target : cpw.mods.modlauncher.api.TargetType@112f364d {Lnet/minecraft/world/entity/monster/Evoker$EvokerSummonSpellGoal;} {} {V}
[04июл.2026 11:23:05.871] [main/DEBUG] [cpw.mods.modlauncher.TransformStore/MODLAUNCHER]: Adding transformer net.neoforged.neoforge.coremods.MethodRedirector@7a1f8def to Target : cpw.mods.modlauncher.api.TargetType@112f364d {Lnet/minecraft/world/entity/monster/Spider;} {} {V}
[04июл.2026 11:23:05.871] [main/DEBUG] [cpw.mods.modlauncher.TransformStore/MODLAUNCHER]: Adding transformer net.neoforged.neoforge.coremods.MethodRedirector@7a1f8def to Target : cpw.mods.modlauncher.api.TargetType@112f364d {Lnet/minecraft/world/level/levelgen/structure/structures/OceanMonumentPieces$OceanMonumentPiece;} {} {V}
[04июл.2026 11:23:05.872] [main/DEBUG] [cpw.mods.modlauncher.TransformStore/MODLAUNCHER]: Adding transformer net.neoforged.neoforge.coremods.MethodRedirector@7a1f8def to Target : cpw.mods.modlauncher.api.TargetType@112f364d {Lnet/minecraft/world/level/levelgen/structure/templatesystem/StructureTemplate;} {} {V}
[04июл.2026 11:23:05.872] [main/DEBUG] [cpw.mods.modlauncher.TransformStore/MODLAUNCHER]: Adding transformer net.neoforged.neoforge.coremods.MethodRedirector@7a1f8def to Target : cpw.mods.modlauncher.api.TargetType@112f364d {Lnet/minecraft/server/commands/RaidCommand;} {} {V}
[04июл.2026 11:23:05.872] [main/DEBUG] [cpw.mods.modlauncher.TransformStore/MODLAUNCHER]: Adding transformer net.neoforged.neoforge.coremods.MethodRedirector@7a1f8def to Target : cpw.mods.modlauncher.api.TargetType@112f364d {Lnet/minecraft/world/entity/npc/CatSpawner;} {} {V}
[04июл.2026 11:23:05.872] [main/DEBUG] [cpw.mods.modlauncher.TransformStore/MODLAUNCHER]: Adding transformer net.neoforged.neoforge.coremods.MethodRedirector@7a1f8def to Target : cpw.mods.modlauncher.api.TargetType@112f364d {Lnet/minecraft/world/entity/monster/Zombie;} {} {V}
[04июл.2026 11:23:05.872] [main/DEBUG] [cpw.mods.modlauncher.TransformStore/MODLAUNCHER]: Adding transformer net.neoforged.neoforge.coremods.MethodRedirector@7a1f8def to Target : cpw.mods.modlauncher.api.TargetType@112f364d {Lnet/minecraft/server/commands/SummonCommand;} {} {V}
[04июл.2026 11:23:05.872] [main/DEBUG] [cpw.mods.modlauncher.TransformStore/MODLAUNCHER]: Adding transformer net.neoforged.neoforge.coremods.MethodRedirector@7a1f8def to Target : cpw.mods.modlauncher.api.TargetType@112f364d {Lnet/minecraft/world/level/levelgen/structure/structures/WoodlandMansionPieces$WoodlandMansionPiece;} {} {V}
[04июл.2026 11:23:05.872] [main/DEBUG] [cpw.mods.modlauncher.TransformationServiceDecorator/MODLAUNCHER]: Initialized transformers for transformation service fml
[04июл.2026 11:23:06.063] [main/DEBUG] [mixin/]: Processing prepare() for PlatformAgent[MixinPlatformAgentDefault:ModLauncher Root Container(ModLauncher:4f56a0a2)]
[04июл.2026 11:23:06.063] [main/DEBUG] [mixin/]: Processing prepare() for PlatformAgent[MixinPlatformAgentDefault:net.neoforged.fml.loading.mixin.FMLMixinContainerHandle@7ae9a33a]
[04июл.2026 11:23:06.063] [main/DEBUG] [mixin/]: Processing prepare() for PlatformAgent[FMLMixinPlatformAgent:null]
[04июл.2026 11:23:06.098] [main/DEBUG] [mixin/]: Compatibility level JAVA_21 specified by veil.command.mixins.json is higher than the maximum level supported by this version of mixin (JAVA_13).
[04июл.2026 11:23:06.102] [main/INFO] [mixin/]: Compatibility level set to JAVA_21
[04июл.2026 11:23:06.114] [main/DEBUG] [mixin/]: Compatibility level JAVA_17 specified by createdieselgenerators.mixins.json is higher than the maximum level supported by this version of mixin (JAVA_13).
[04июл.2026 11:23:06.115] [main/DEBUG] [mixin/]: Compatibility level JAVA_18 specified by aeronautics.mixins.json is higher than the maximum level supported by this version of mixin (JAVA_13).
[04июл.2026 11:23:06.117] [main/DEBUG] [mixin/]: Compatibility level JAVA_17 specified by flywheel.impl.neoforge.mixins.json is higher than the maximum level supported by this version of mixin (JAVA_13).
[04июл.2026 11:23:06.118] [main/DEBUG] [mixin/]: Compatibility level JAVA_17 specified by ponder.mixins.json is higher than the maximum level supported by this version of mixin (JAVA_13).
[04июл.2026 11:23:06.119] [main/DEBUG] [mixin/]: Compatibility level JAVA_17 specified by ponder-common.mixins.json is higher than the maximum level supported by this version of mixin (JAVA_13).
[04июл.2026 11:23:06.121] [main/DEBUG] [mixin/]: Compatibility level JAVA_18 specified by offroad.mixins.json is higher than the maximum level supported by this version of mixin (JAVA_13).
[04июл.2026 11:23:06.122] [main/DEBUG] [mixin/]: Processing launch tasks for PlatformAgent[MixinPlatformAgentDefault:ModLauncher Root Container(ModLauncher:4f56a0a2)]
[04июл.2026 11:23:06.122] [main/DEBUG] [mixin/]: Adding mixin platform agents for container SecureJarResource(mixin_synthetic)
[04июл.2026 11:23:06.122] [main/DEBUG] [mixin/]: Instancing new MixinPlatformAgentMinecraftForge for SecureJarResource(mixin_synthetic)
[04июл.2026 11:23:06.123] [main/DEBUG] [mixin/]: MixinPlatformAgentMinecraftForge rejected container SecureJarResource(mixin_synthetic)
[04июл.2026 11:23:06.123] [main/DEBUG] [mixin/]: Instancing new MixinPlatformAgentDefault for SecureJarResource(mixin_synthetic)
[04июл.2026 11:23:06.123] [main/DEBUG] [mixin/]: MixinPlatformAgentDefault accepted container SecureJarResource(mixin_synthetic)
[04июл.2026 11:23:06.123] [main/DEBUG] [mixin/]: Instancing new FMLMixinPlatformAgent for SecureJarResource(mixin_synthetic)
[04июл.2026 11:23:06.123] [main/DEBUG] [mixin/]: FMLMixinPlatformAgent rejected container SecureJarResource(mixin_synthetic)
[04июл.2026 11:23:06.123] [main/DEBUG] [mixin/]: Processing prepare() for PlatformAgent[MixinPlatformAgentDefault:SecureJarResource(mixin_synthetic)]
[04июл.2026 11:23:06.123] [main/DEBUG] [mixin/]: Adding mixin platform agents for container SecureJarResource(minecraft)
[04июл.2026 11:23:06.123] [main/DEBUG] [mixin/]: Instancing new MixinPlatformAgentMinecraftForge for SecureJarResource(minecraft)
[04июл.2026 11:23:06.123] [main/DEBUG] [mixin/]: MixinPlatformAgentMinecraftForge rejected container SecureJarResource(minecraft)
[04июл.2026 11:23:06.123] [main/DEBUG] [mixin/]: Instancing new MixinPlatformAgentDefault for SecureJarResource(minecraft)
[04июл.2026 11:23:06.123] [main/DEBUG] [mixin/]: MixinPlatformAgentDefault accepted container SecureJarResource(minecraft)
[04июл.2026 11:23:06.123] [main/DEBUG] [mixin/]: Instancing new FMLMixinPlatformAgent for SecureJarResource(minecraft)
[04июл.2026 11:23:06.123] [main/DEBUG] [mixin/]: FMLMixinPlatformAgent rejected container SecureJarResource(minecraft)
[04июл.2026 11:23:06.123] [main/DEBUG] [mixin/]: Processing prepare() for PlatformAgent[MixinPlatformAgentDefault:SecureJarResource(minecraft)]
[04июл.2026 11:23:06.123] [main/DEBUG] [mixin/]: Adding mixin platform agents for container SecureJarResource(veil)
[04июл.2026 11:23:06.123] [main/DEBUG] [mixin/]: Instancing new MixinPlatformAgentMinecraftForge for SecureJarResource(veil)
[04июл.2026 11:23:06.123] [main/DEBUG] [mixin/]: MixinPlatformAgentMinecraftForge rejected container SecureJarResource(veil)
[04июл.2026 11:23:06.123] [main/DEBUG] [mixin/]: Instancing new MixinPlatformAgentDefault for SecureJarResource(veil)
[04июл.2026 11:23:06.123] [main/DEBUG] [mixin/]: MixinPlatformAgentDefault accepted container SecureJarResource(veil)
[04июл.2026 11:23:06.123] [main/DEBUG] [mixin/]: Instancing new FMLMixinPlatformAgent for SecureJarResource(veil)
[04июл.2026 11:23:06.123] [main/DEBUG] [mixin/]: FMLMixinPlatformAgent rejected container SecureJarResource(veil)
[04июл.2026 11:23:06.123] [main/DEBUG] [mixin/]: Processing prepare() for PlatformAgent[MixinPlatformAgentDefault:SecureJarResource(veil)]
[04июл.2026 11:23:06.123] [main/DEBUG] [mixin/]: Adding mixin platform agents for container SecureJarResource(simulated)
[04июл.2026 11:23:06.123] [main/DEBUG] [mixin/]: Instancing new MixinPlatformAgentMinecraftForge for SecureJarResource(simulated)
[04июл.2026 11:23:06.123] [main/DEBUG] [mixin/]: MixinPlatformAgentMinecraftForge rejected container SecureJarResource(simulated)
[04июл.2026 11:23:06.123] [main/DEBUG] [mixin/]: Instancing new MixinPlatformAgentDefault for SecureJarResource(simulated)
[04июл.2026 11:23:06.123] [main/DEBUG] [mixin/]: MixinPlatformAgentDefault accepted container SecureJarResource(simulated)
[04июл.2026 11:23:06.123] [main/DEBUG] [mixin/]: Instancing new FMLMixinPlatformAgent for SecureJarResource(simulated)
[04июл.2026 11:23:06.123] [main/DEBUG] [mixin/]: FMLMixinPlatformAgent rejected container SecureJarResource(simulated)
[04июл.2026 11:23:06.123] [main/DEBUG] [mixin/]: Processing prepare() for PlatformAgent[MixinPlatformAgentDefault:SecureJarResource(simulated)]
[04июл.2026 11:23:06.123] [main/DEBUG] [mixin/]: Adding mixin platform agents for container SecureJarResource(createdieselgenerators)
[04июл.2026 11:23:06.123] [main/DEBUG] [mixin/]: Instancing new MixinPlatformAgentMinecraftForge for SecureJarResource(createdieselgenerators)
[04июл.2026 11:23:06.123] [main/DEBUG] [mixin/]: MixinPlatformAgentMinecraftForge rejected container SecureJarResource(createdieselgenerators)
[04июл.2026 11:23:06.123] [main/DEBUG] [mixin/]: Instancing new MixinPlatformAgentDefault for SecureJarResource(createdieselgenerators)
[04июл.2026 11:23:06.123] [main/DEBUG] [mixin/]: MixinPlatformAgentDefault accepted container SecureJarResource(createdieselgenerators)
[04июл.2026 11:23:06.123] [main/DEBUG] [mixin/]: Instancing new FMLMixinPlatformAgent for SecureJarResource(createdieselgenerators)
[04июл.2026 11:23:06.123] [main/DEBUG] [mixin/]: FMLMixinPlatformAgent rejected container SecureJarResource(createdieselgenerators)
[04июл.2026 11:23:06.123] [main/DEBUG] [mixin/]: Processing prepare() for PlatformAgent[MixinPlatformAgentDefault:SecureJarResource(createdieselgenerators)]
[04июл.2026 11:23:06.123] [main/DEBUG] [mixin/]: Registering mixin config: createdieselgenerators.mixins.json source=SecureJarResource(createdieselgenerators)
[04июл.2026 11:23:06.123] [main/DEBUG] [mixin/]: Registering mixin config: createdieselgenerators.sable.mixins.json source=SecureJarResource(createdieselgenerators)
[04июл.2026 11:23:06.125] [main/DEBUG] [mixin/]: Mixin config createdieselgenerators.sable.mixins.json does not specify "minVersion" or "requiredFeatures" property
[04июл.2026 11:23:06.125] [main/DEBUG] [mixin/]: Adding mixin platform agents for container SecureJarResource(jei)
[04июл.2026 11:23:06.125] [main/DEBUG] [mixin/]: Instancing new MixinPlatformAgentMinecraftForge for SecureJarResource(jei)
[04июл.2026 11:23:06.125] [main/DEBUG] [mixin/]: MixinPlatformAgentMinecraftForge rejected container SecureJarResource(jei)
[04июл.2026 11:23:06.125] [main/DEBUG] [mixin/]: Instancing new MixinPlatformAgentDefault for SecureJarResource(jei)
[04июл.2026 11:23:06.125] [main/DEBUG] [mixin/]: MixinPlatformAgentDefault accepted container SecureJarResource(jei)
[04июл.2026 11:23:06.125] [main/DEBUG] [mixin/]: Instancing new FMLMixinPlatformAgent for SecureJarResource(jei)
[04июл.2026 11:23:06.125] [main/DEBUG] [mixin/]: FMLMixinPlatformAgent rejected container SecureJarResource(jei)
[04июл.2026 11:23:06.125] [main/DEBUG] [mixin/]: Processing prepare() for PlatformAgent[MixinPlatformAgentDefault:SecureJarResource(jei)]
[04июл.2026 11:23:06.125] [main/DEBUG] [mixin/]: Adding mixin platform agents for container SecureJarResource(aeronautics)
[04июл.2026 11:23:06.125] [main/DEBUG] [mixin/]: Instancing new MixinPlatformAgentMinecraftForge for SecureJarResource(aeronautics)
[04июл.2026 11:23:06.125] [main/DEBUG] [mixin/]: MixinPlatformAgentMinecraftForge rejected container SecureJarResource(aeronautics)
[04июл.2026 11:23:06.125] [main/DEBUG] [mixin/]: Instancing new MixinPlatformAgentDefault for SecureJarResource(aeronautics)
[04июл.2026 11:23:06.125] [main/DEBUG] [mixin/]: MixinPlatformAgentDefault accepted container SecureJarResource(aeronautics)
[04июл.2026 11:23:06.125] [main/DEBUG] [mixin/]: Instancing new FMLMixinPlatformAgent for SecureJarResource(aeronautics)
[04июл.2026 11:23:06.125] [main/DEBUG] [mixin/]: FMLMixinPlatformAgent rejected container SecureJarResource(aeronautics)
[04июл.2026 11:23:06.125] [main/DEBUG] [mixin/]: Processing prepare() for PlatformAgent[MixinPlatformAgentDefault:SecureJarResource(aeronautics)]
[04июл.2026 11:23:06.125] [main/DEBUG] [mixin/]: Adding mixin platform agents for container SecureJarResource(aeronautics_bundled)
[04июл.2026 11:23:06.125] [main/DEBUG] [mixin/]: Instancing new MixinPlatformAgentMinecraftForge for SecureJarResource(aeronautics_bundled)
[04июл.2026 11:23:06.125] [main/DEBUG] [mixin/]: MixinPlatformAgentMinecraftForge rejected container SecureJarResource(aeronautics_bundled)
[04июл.2026 11:23:06.125] [main/DEBUG] [mixin/]: Instancing new MixinPlatformAgentDefault for SecureJarResource(aeronautics_bundled)
[04июл.2026 11:23:06.125] [main/DEBUG] [mixin/]: MixinPlatformAgentDefault accepted container SecureJarResource(aeronautics_bundled)
[04июл.2026 11:23:06.125] [main/DEBUG] [mixin/]: Instancing new FMLMixinPlatformAgent for SecureJarResource(aeronautics_bundled)
[04июл.2026 11:23:06.125] [main/DEBUG] [mixin/]: FMLMixinPlatformAgent rejected container SecureJarResource(aeronautics_bundled)
[04июл.2026 11:23:06.125] [main/DEBUG] [mixin/]: Processing prepare() for PlatformAgent[MixinPlatformAgentDefault:SecureJarResource(aeronautics_bundled)]
[04июл.2026 11:23:06.125] [main/DEBUG] [mixin/]: Adding mixin platform agents for container SecureJarResource(create_additional_energy_sourses)
[04июл.2026 11:23:06.125] [main/DEBUG] [mixin/]: Instancing new MixinPlatformAgentMinecraftForge for SecureJarResource(create_additional_energy_sourses)
[04июл.2026 11:23:06.125] [main/DEBUG] [mixin/]: MixinPlatformAgentMinecraftForge rejected container SecureJarResource(create_additional_energy_sourses)
[04июл.2026 11:23:06.125] [main/DEBUG] [mixin/]: Instancing new MixinPlatformAgentDefault for SecureJarResource(create_additional_energy_sourses)
[04июл.2026 11:23:06.125] [main/DEBUG] [mixin/]: MixinPlatformAgentDefault accepted container SecureJarResource(create_additional_energy_sourses)
[04июл.2026 11:23:06.125] [main/DEBUG] [mixin/]: Instancing new FMLMixinPlatformAgent for SecureJarResource(create_additional_energy_sourses)
[04июл.2026 11:23:06.125] [main/DEBUG] [mixin/]: FMLMixinPlatformAgent rejected container SecureJarResource(create_additional_energy_sourses)
[04июл.2026 11:23:06.125] [main/DEBUG] [mixin/]: Processing prepare() for PlatformAgent[MixinPlatformAgentDefault:SecureJarResource(create_additional_energy_sourses)]
[04июл.2026 11:23:06.125] [main/DEBUG] [mixin/]: Adding mixin platform agents for container SecureJarResource(sablecompanion)
[04июл.2026 11:23:06.125] [main/DEBUG] [mixin/]: Instancing new MixinPlatformAgentMinecraftForge for SecureJarResource(sablecompanion)
[04июл.2026 11:23:06.125] [main/DEBUG] [mixin/]: MixinPlatformAgentMinecraftForge rejected container SecureJarResource(sablecompanion)
[04июл.2026 11:23:06.125] [main/DEBUG] [mixin/]: Instancing new MixinPlatformAgentDefault for SecureJarResource(sablecompanion)
[04июл.2026 11:23:06.125] [main/DEBUG] [mixin/]: MixinPlatformAgentDefault accepted container SecureJarResource(sablecompanion)
[04июл.2026 11:23:06.125] [main/DEBUG] [mixin/]: Instancing new FMLMixinPlatformAgent for SecureJarResource(sablecompanion)
[04июл.2026 11:23:06.125] [main/DEBUG] [mixin/]: FMLMixinPlatformAgent rejected container SecureJarResource(sablecompanion)
[04июл.2026 11:23:06.125] [main/DEBUG] [mixin/]: Processing prepare() for PlatformAgent[MixinPlatformAgentDefault:SecureJarResource(sablecompanion)]
[04июл.2026 11:23:06.125] [main/DEBUG] [mixin/]: Adding mixin platform agents for container SecureJarResource(flywheel)
[04июл.2026 11:23:06.125] [main/DEBUG] [mixin/]: Instancing new MixinPlatformAgentMinecraftForge for SecureJarResource(flywheel)
[04июл.2026 11:23:06.125] [main/DEBUG] [mixin/]: MixinPlatformAgentMinecraftForge rejected container SecureJarResource(flywheel)
[04июл.2026 11:23:06.125] [main/DEBUG] [mixin/]: Instancing new MixinPlatformAgentDefault for SecureJarResource(flywheel)
[04июл.2026 11:23:06.125] [main/DEBUG] [mixin/]: MixinPlatformAgentDefault accepted container SecureJarResource(flywheel)
[04июл.2026 11:23:06.125] [main/DEBUG] [mixin/]: Instancing new FMLMixinPlatformAgent for SecureJarResource(flywheel)
[04июл.2026 11:23:06.125] [main/DEBUG] [mixin/]: FMLMixinPlatformAgent rejected container SecureJarResource(flywheel)
[04июл.2026 11:23:06.125] [main/DEBUG] [mixin/]: Processing prepare() for PlatformAgent[MixinPlatformAgentDefault:SecureJarResource(flywheel)]
[04июл.2026 11:23:06.125] [main/DEBUG] [mixin/]: Adding mixin platform agents for container SecureJarResource(ponder)
[04июл.2026 11:23:06.125] [main/DEBUG] [mixin/]: Instancing new MixinPlatformAgentMinecraftForge for SecureJarResource(ponder)
[04июл.2026 11:23:06.125] [main/DEBUG] [mixin/]: MixinPlatformAgentMinecraftForge rejected container SecureJarResource(ponder)
[04июл.2026 11:23:06.125] [main/DEBUG] [mixin/]: Instancing new MixinPlatformAgentDefault for SecureJarResource(ponder)
[04июл.2026 11:23:06.125] [main/DEBUG] [mixin/]: MixinPlatformAgentDefault accepted container SecureJarResource(ponder)
[04июл.2026 11:23:06.125] [main/DEBUG] [mixin/]: Instancing new FMLMixinPlatformAgent for SecureJarResource(ponder)
[04июл.2026 11:23:06.125] [main/DEBUG] [mixin/]: FMLMixinPlatformAgent rejected container SecureJarResource(ponder)
[04июл.2026 11:23:06.125] [main/DEBUG] [mixin/]: Processing prepare() for PlatformAgent[MixinPlatformAgentDefault:SecureJarResource(ponder)]
[04июл.2026 11:23:06.125] [main/DEBUG] [mixin/]: Adding mixin platform agents for container SecureJarResource(create)
[04июл.2026 11:23:06.125] [main/DEBUG] [mixin/]: Instancing new MixinPlatformAgentMinecraftForge for SecureJarResource(create)
[04июл.2026 11:23:06.125] [main/DEBUG] [mixin/]: MixinPlatformAgentMinecraftForge rejected container SecureJarResource(create)
[04июл.2026 11:23:06.125] [main/DEBUG] [mixin/]: Instancing new MixinPlatformAgentDefault for SecureJarResource(create)
[04июл.2026 11:23:06.125] [main/DEBUG] [mixin/]: MixinPlatformAgentDefault accepted container SecureJarResource(create)
[04июл.2026 11:23:06.125] [main/DEBUG] [mixin/]: Instancing new FMLMixinPlatformAgent for SecureJarResource(create)
[04июл.2026 11:23:06.125] [main/DEBUG] [mixin/]: FMLMixinPlatformAgent rejected container SecureJarResource(create)
[04июл.2026 11:23:06.125] [main/DEBUG] [mixin/]: Processing prepare() for PlatformAgent[MixinPlatformAgentDefault:SecureJarResource(create)]
[04июл.2026 11:23:06.125] [main/DEBUG] [mixin/]: Registering mixin config: create.mixins.json source=SecureJarResource(create)
[04июл.2026 11:23:06.125] [main/DEBUG] [mixin/]: Adding mixin platform agents for container SecureJarResource(sable)
[04июл.2026 11:23:06.125] [main/DEBUG] [mixin/]: Instancing new MixinPlatformAgentMinecraftForge for SecureJarResource(sable)
[04июл.2026 11:23:06.125] [main/DEBUG] [mixin/]: MixinPlatformAgentMinecraftForge rejected container SecureJarResource(sable)
[04июл.2026 11:23:06.125] [main/DEBUG] [mixin/]: Instancing new MixinPlatformAgentDefault for SecureJarResource(sable)
[04июл.2026 11:23:06.125] [main/DEBUG] [mixin/]: MixinPlatformAgentDefault accepted container SecureJarResource(sable)
[04июл.2026 11:23:06.125] [main/DEBUG] [mixin/]: Instancing new FMLMixinPlatformAgent for SecureJarResource(sable)
[04июл.2026 11:23:06.125] [main/DEBUG] [mixin/]: FMLMixinPlatformAgent rejected container SecureJarResource(sable)
[04июл.2026 11:23:06.125] [main/DEBUG] [mixin/]: Processing prepare() for PlatformAgent[MixinPlatformAgentDefault:SecureJarResource(sable)]
[04июл.2026 11:23:06.125] [main/DEBUG] [mixin/]: Adding mixin platform agents for container SecureJarResource(offroad)
[04июл.2026 11:23:06.125] [main/DEBUG] [mixin/]: Instancing new MixinPlatformAgentMinecraftForge for SecureJarResource(offroad)
[04июл.2026 11:23:06.125] [main/DEBUG] [mixin/]: MixinPlatformAgentMinecraftForge rejected container SecureJarResource(offroad)
[04июл.2026 11:23:06.125] [main/DEBUG] [mixin/]: Instancing new MixinPlatformAgentDefault for SecureJarResource(offroad)
[04июл.2026 11:23:06.126] [main/DEBUG] [mixin/]: MixinPlatformAgentDefault accepted container SecureJarResource(offroad)
[04июл.2026 11:23:06.126] [main/DEBUG] [mixin/]: Instancing new FMLMixinPlatformAgent for SecureJarResource(offroad)
[04июл.2026 11:23:06.126] [main/DEBUG] [mixin/]: FMLMixinPlatformAgent rejected container SecureJarResource(offroad)
[04июл.2026 11:23:06.126] [main/DEBUG] [mixin/]: Processing prepare() for PlatformAgent[MixinPlatformAgentDefault:SecureJarResource(offroad)]
[04июл.2026 11:23:06.126] [main/DEBUG] [mixin/]: Adding mixin platform agents for container SecureJarResource(Registrate.MC1._21._67)
[04июл.2026 11:23:06.126] [main/DEBUG] [mixin/]: Instancing new MixinPlatformAgentMinecraftForge for SecureJarResource(Registrate.MC1._21._67)
[04июл.2026 11:23:06.126] [main/DEBUG] [mixin/]: MixinPlatformAgentMinecraftForge rejected container SecureJarResource(Registrate.MC1._21._67)
[04июл.2026 11:23:06.126] [main/DEBUG] [mixin/]: Instancing new MixinPlatformAgentDefault for SecureJarResource(Registrate.MC1._21._67)
[04июл.2026 11:23:06.126] [main/DEBUG] [mixin/]: MixinPlatformAgentDefault accepted container SecureJarResource(Registrate.MC1._21._67)
[04июл.2026 11:23:06.126] [main/DEBUG] [mixin/]: Instancing new FMLMixinPlatformAgent for SecureJarResource(Registrate.MC1._21._67)
[04июл.2026 11:23:06.126] [main/DEBUG] [mixin/]: FMLMixinPlatformAgent rejected container SecureJarResource(Registrate.MC1._21._67)
[04июл.2026 11:23:06.126] [main/DEBUG] [mixin/]: Processing prepare() for PlatformAgent[MixinPlatformAgentDefault:SecureJarResource(Registrate.MC1._21._67)]
[04июл.2026 11:23:06.126] [main/DEBUG] [mixin/]: Adding mixin platform agents for container SecureJarResource(mixinextras.neoforge)
[04июл.2026 11:23:06.126] [main/DEBUG] [mixin/]: Instancing new MixinPlatformAgentMinecraftForge for SecureJarResource(mixinextras.neoforge)
[04июл.2026 11:23:06.126] [main/DEBUG] [mixin/]: MixinPlatformAgentMinecraftForge rejected container SecureJarResource(mixinextras.neoforge)
[04июл.2026 11:23:06.126] [main/DEBUG] [mixin/]: Instancing new MixinPlatformAgentDefault for SecureJarResource(mixinextras.neoforge)
[04июл.2026 11:23:06.126] [main/DEBUG] [mixin/]: MixinPlatformAgentDefault accepted container SecureJarResource(mixinextras.neoforge)
[04июл.2026 11:23:06.126] [main/DEBUG] [mixin/]: Instancing new FMLMixinPlatformAgent for SecureJarResource(mixinextras.neoforge)
[04июл.2026 11:23:06.126] [main/DEBUG] [mixin/]: FMLMixinPlatformAgent rejected container SecureJarResource(mixinextras.neoforge)
[04июл.2026 11:23:06.126] [main/DEBUG] [mixin/]: Processing prepare() for PlatformAgent[MixinPlatformAgentDefault:SecureJarResource(mixinextras.neoforge)]
[04июл.2026 11:23:06.126] [main/DEBUG] [mixin/]: Registering mixin config: mixinextras.init.mixins.json source=SecureJarResource(mixinextras.neoforge)
[04июл.2026 11:23:06.126] [main/DEBUG] [mixin/]: inject() running with 19 agents
[04июл.2026 11:23:06.127] [main/DEBUG] [mixin/]: Processing inject() for PlatformAgent[MixinPlatformAgentDefault:ModLauncher Root Container(ModLauncher:4f56a0a2)]
[04июл.2026 11:23:06.127] [main/DEBUG] [mixin/]: Processing inject() for PlatformAgent[MixinPlatformAgentDefault:net.neoforged.fml.loading.mixin.FMLMixinContainerHandle@7ae9a33a]
[04июл.2026 11:23:06.127] [main/DEBUG] [mixin/]: Processing inject() for PlatformAgent[FMLMixinPlatformAgent:null]
[04июл.2026 11:23:06.127] [main/DEBUG] [mixin/]: Processing inject() for PlatformAgent[MixinPlatformAgentDefault:SecureJarResource(mixin_synthetic)]
[04июл.2026 11:23:06.127] [main/DEBUG] [mixin/]: Processing inject() for PlatformAgent[MixinPlatformAgentDefault:SecureJarResource(minecraft)]
[04июл.2026 11:23:06.127] [main/DEBUG] [mixin/]: Processing inject() for PlatformAgent[MixinPlatformAgentDefault:SecureJarResource(veil)]
[04июл.2026 11:23:06.127] [main/DEBUG] [mixin/]: Processing inject() for PlatformAgent[MixinPlatformAgentDefault:SecureJarResource(simulated)]
[04июл.2026 11:23:06.127] [main/DEBUG] [mixin/]: Processing inject() for PlatformAgent[MixinPlatformAgentDefault:SecureJarResource(createdieselgenerators)]
[04июл.2026 11:23:06.127] [main/DEBUG] [mixin/]: Processing inject() for PlatformAgent[MixinPlatformAgentDefault:SecureJarResource(jei)]
[04июл.2026 11:23:06.127] [main/DEBUG] [mixin/]: Processing inject() for PlatformAgent[MixinPlatformAgentDefault:SecureJarResource(aeronautics)]
[04июл.2026 11:23:06.127] [main/DEBUG] [mixin/]: Processing inject() for PlatformAgent[MixinPlatformAgentDefault:SecureJarResource(aeronautics_bundled)]
[04июл.2026 11:23:06.127] [main/DEBUG] [mixin/]: Processing inject() for PlatformAgent[MixinPlatformAgentDefault:SecureJarResource(create_additional_energy_sourses)]
[04июл.2026 11:23:06.127] [main/DEBUG] [mixin/]: Processing inject() for PlatformAgent[MixinPlatformAgentDefault:SecureJarResource(sablecompanion)]
[04июл.2026 11:23:06.127] [main/DEBUG] [mixin/]: Processing inject() for PlatformAgent[MixinPlatformAgentDefault:SecureJarResource(flywheel)]
[04июл.2026 11:23:06.127] [main/DEBUG] [mixin/]: Processing inject() for PlatformAgent[MixinPlatformAgentDefault:SecureJarResource(ponder)]
[04июл.2026 11:23:06.127] [main/DEBUG] [mixin/]: Processing inject() for PlatformAgent[MixinPlatformAgentDefault:SecureJarResource(create)]
[04июл.2026 11:23:06.127] [main/DEBUG] [mixin/]: Processing inject() for PlatformAgent[MixinPlatformAgentDefault:SecureJarResource(sable)]
[04июл.2026 11:23:06.127] [main/DEBUG] [mixin/]: Processing inject() for PlatformAgent[MixinPlatformAgentDefault:SecureJarResource(offroad)]
[04июл.2026 11:23:06.127] [main/DEBUG] [mixin/]: Processing inject() for PlatformAgent[MixinPlatformAgentDefault:SecureJarResource(Registrate.MC1._21._67)]
[04июл.2026 11:23:06.127] [main/DEBUG] [mixin/]: Processing inject() for PlatformAgent[MixinPlatformAgentDefault:SecureJarResource(mixinextras.neoforge)]
[04июл.2026 11:23:06.127] [main/INFO] [cpw.mods.modlauncher.LaunchServiceHandler/MODLAUNCHER]: Launching target 'forgeclientdev' with arguments [--version, 21.1.227, --gameDir, ., --assetsDir, C:\Users\Kostya\.gradle\caches\minecraft\assets, --assetIndex, asset-index]
[04июл.2026 11:23:06.171] [main/DEBUG] [mixin/]: Preparing mixins for MixinEnvironment[DEFAULT]
[04июл.2026 11:23:06.171] [main/DEBUG] [mixin/]: Selecting config veil.command.mixins.json
[04июл.2026 11:23:06.197] [main/WARN] [mixin/]: Reference map 'veil.refmap.json' for veil.command.mixins.json could not be read. If this is a development environment you can ignore this message
[04июл.2026 11:23:06.197] [main/DEBUG] [mixin/]: Selecting config veil.debug.mixins.json
[04июл.2026 11:23:06.197] [main/WARN] [mixin/]: Reference map 'veil.refmap.json' for veil.debug.mixins.json could not be read. If this is a development environment you can ignore this message
[04июл.2026 11:23:06.197] [main/DEBUG] [mixin/]: Selecting config veil.dynamicbuffer.mixins.json
[04июл.2026 11:23:06.197] [main/WARN] [mixin/]: Reference map 'veil.refmap.json' for veil.dynamicbuffer.mixins.json could not be read. If this is a development environment you can ignore this message
[04июл.2026 11:23:06.197] [main/DEBUG] [mixin/]: Selecting config veil.fix.mixins.json
[04июл.2026 11:23:06.198] [main/WARN] [mixin/]: Reference map 'veil.refmap.json' for veil.fix.mixins.json could not be read. If this is a development environment you can ignore this message
[04июл.2026 11:23:06.198] [main/DEBUG] [mixin/]: Selecting config veil.framebuffer.mixins.json
[04июл.2026 11:23:06.198] [main/WARN] [mixin/]: Reference map 'veil.refmap.json' for veil.framebuffer.mixins.json could not be read. If this is a development environment you can ignore this message
[04июл.2026 11:23:06.198] [main/DEBUG] [mixin/]: Selecting config veil.necromancer.mixins.json
[04июл.2026 11:23:06.198] [main/WARN] [mixin/]: Reference map 'veil.refmap.json' for veil.necromancer.mixins.json could not be read. If this is a development environment you can ignore this message
[04июл.2026 11:23:06.198] [main/DEBUG] [mixin/]: Selecting config veil.network.mixins.json
[04июл.2026 11:23:06.198] [main/WARN] [mixin/]: Reference map 'veil.refmap.json' for veil.network.mixins.json could not be read. If this is a development environment you can ignore this message
[04июл.2026 11:23:06.198] [main/DEBUG] [mixin/]: Selecting config veil.performance.mixins.json
[04июл.2026 11:23:06.198] [main/WARN] [mixin/]: Reference map 'veil.refmap.json' for veil.performance.mixins.json could not be read. If this is a development environment you can ignore this message
[04июл.2026 11:23:06.198] [main/DEBUG] [mixin/]: Selecting config veil.perspective.mixins.json
[04июл.2026 11:23:06.198] [main/WARN] [mixin/]: Reference map 'veil.refmap.json' for veil.perspective.mixins.json could not be read. If this is a development environment you can ignore this message
[04июл.2026 11:23:06.198] [main/DEBUG] [mixin/]: Selecting config veil.pipeline.mixins.json
[04июл.2026 11:23:06.198] [main/WARN] [mixin/]: Reference map 'veil.refmap.json' for veil.pipeline.mixins.json could not be read. If this is a development environment you can ignore this message
[04июл.2026 11:23:06.198] [main/DEBUG] [mixin/]: Selecting config veil.quasar.mixins.json
[04июл.2026 11:23:06.198] [main/WARN] [mixin/]: Reference map 'veil.refmap.json' for veil.quasar.mixins.json could not be read. If this is a development environment you can ignore this message
[04июл.2026 11:23:06.198] [main/DEBUG] [mixin/]: Selecting config veil.registry.mixins.json
[04июл.2026 11:23:06.199] [main/WARN] [mixin/]: Reference map 'veil.refmap.json' for veil.registry.mixins.json could not be read. If this is a development environment you can ignore this message
[04июл.2026 11:23:06.199] [main/DEBUG] [mixin/]: Selecting config veil.rendertype.mixins.json
[04июл.2026 11:23:06.199] [main/WARN] [mixin/]: Reference map 'veil.refmap.json' for veil.rendertype.mixins.json could not be read. If this is a development environment you can ignore this message
[04июл.2026 11:23:06.199] [main/DEBUG] [mixin/]: Selecting config veil.resource.mixins.json
[04июл.2026 11:23:06.199] [main/WARN] [mixin/]: Reference map 'veil.refmap.json' for veil.resource.mixins.json could not be read. If this is a development environment you can ignore this message
[04июл.2026 11:23:06.199] [main/DEBUG] [mixin/]: Selecting config veil.scheduler.mixins.json
[04июл.2026 11:23:06.199] [main/WARN] [mixin/]: Reference map 'veil.refmap.json' for veil.scheduler.mixins.json could not be read. If this is a development environment you can ignore this message
[04июл.2026 11:23:06.199] [main/DEBUG] [mixin/]: Selecting config veil.shader.mixins.json
[04июл.2026 11:23:06.199] [main/WARN] [mixin/]: Reference map 'veil.refmap.json' for veil.shader.mixins.json could not be read. If this is a development environment you can ignore this message
[04июл.2026 11:23:06.199] [main/DEBUG] [mixin/]: Selecting config veil.neoforge.mixins.json
[04июл.2026 11:23:06.199] [main/WARN] [mixin/]: Reference map 'veil.refmap.json' for veil.neoforge.mixins.json could not be read. If this is a development environment you can ignore this message
[04июл.2026 11:23:06.199] [main/DEBUG] [mixin/]: Selecting config simulated.mixins.json
[04июл.2026 11:23:06.199] [main/WARN] [mixin/]: Reference map 'simulated.refmap.json' for simulated.mixins.json could not be read. If this is a development environment you can ignore this message
[04июл.2026 11:23:06.199] [main/DEBUG] [mixin/]: Selecting config simulated-neoforge.mixins.json
[04июл.2026 11:23:06.200] [main/DEBUG] [mixin/]: Selecting config createdieselgenerators.mixins.json
[04июл.2026 11:23:06.200] [main/WARN] [mixin/]: Reference map 'createdieselgenerators.refmap.json' for createdieselgenerators.mixins.json could not be read. If this is a development environment you can ignore this message
[04июл.2026 11:23:06.200] [main/DEBUG] [mixin/]: Selecting config aeronautics.mixins.json
[04июл.2026 11:23:06.202] [main/WARN] [mixin/]: Reference map 'aeronautics.refmap.json' for aeronautics.mixins.json could not be read. If this is a development environment you can ignore this message
[04июл.2026 11:23:06.202] [main/DEBUG] [mixin/]: Selecting config aeronautics.neoforge.mixins.json
[04июл.2026 11:23:06.202] [main/DEBUG] [mixin/]: Selecting config flywheel.backend.mixins.json
[04июл.2026 11:23:06.206] [main/DEBUG] [mixin/]: Selecting config flywheel.impl.mixins.json
[04июл.2026 11:23:06.207] [main/DEBUG] [mixin/]: Selecting config flywheel.impl.neoforge.mixins.json
[04июл.2026 11:23:06.207] [main/DEBUG] [mixin/]: Selecting config ponder.mixins.json
[04июл.2026 11:23:06.207] [main/DEBUG] [mixin/]: Selecting config ponder-common.mixins.json
[04июл.2026 11:23:06.207] [main/WARN] [mixin/]: Reference map 'ponder.refmap.json' for ponder-common.mixins.json could not be read. If this is a development environment you can ignore this message
[04июл.2026 11:23:06.207] [main/DEBUG] [mixin/]: Selecting config create.mixins.json
[04июл.2026 11:23:06.209] [main/DEBUG] [mixin/]: Selecting config sable.mixins.json
[04июл.2026 11:23:06.218] [main/INFO] [dev.ryanhcode.sable.mixin.AbstractSableMixinPlugin/]: Using Vanilla renderer mixins
[04июл.2026 11:23:06.218] [main/DEBUG] [mixin/]: Selecting config sable-neoforge.mixins.json
[04июл.2026 11:23:06.218] [main/INFO] [dev.ryanhcode.sable.mixin.AbstractSableMixinPlugin/]: Using Vanilla renderer mixins
[04июл.2026 11:23:06.218] [main/DEBUG] [mixin/]: Selecting config offroad.mixins.json
[04июл.2026 11:23:06.219] [main/WARN] [mixin/]: Reference map 'offroad.refmap.json' for offroad.mixins.json could not be read. If this is a development environment you can ignore this message
[04июл.2026 11:23:06.219] [main/DEBUG] [mixin/]: Selecting config offroad.neoforge.mixins.json
[04июл.2026 11:23:06.219] [main/DEBUG] [mixin/]: Selecting config neoforge.mixins.json
[04июл.2026 11:23:06.219] [main/DEBUG] [mixin/]: Selecting config createdieselgenerators.sable.mixins.json
[04июл.2026 11:23:06.219] [main/DEBUG] [mixin/]: Selecting config mixinextras.init.mixins.json
[04июл.2026 11:23:06.259] [main/DEBUG] [MixinExtras|Service/]: com.llamalad7.mixinextras.service.MixinExtrasServiceImpl(version=0.5.3) is taking over from null
[04июл.2026 11:23:06.294] [main/DEBUG] [mixin/]: Registering new injector for @Inject with org.spongepowered.asm.mixin.injection.struct.CallbackInjectionInfo
[04июл.2026 11:23:06.295] [main/DEBUG] [mixin/]: Registering new injector for @ModifyArg with org.spongepowered.asm.mixin.injection.struct.ModifyArgInjectionInfo
[04июл.2026 11:23:06.295] [main/DEBUG] [mixin/]: Registering new injector for @ModifyArgs with org.spongepowered.asm.mixin.injection.struct.ModifyArgsInjectionInfo
[04июл.2026 11:23:06.296] [main/DEBUG] [mixin/]: Registering new injector for @Redirect with org.spongepowered.asm.mixin.injection.struct.RedirectInjectionInfo
[04июл.2026 11:23:06.297] [main/DEBUG] [mixin/]: Registering new injector for @ModifyVariable with org.spongepowered.asm.mixin.injection.struct.ModifyVariableInjectionInfo
[04июл.2026 11:23:06.298] [main/DEBUG] [mixin/]: Registering new injector for @ModifyConstant with org.spongepowered.asm.mixin.injection.struct.ModifyConstantInjectionInfo
[04июл.2026 11:23:06.308] [main/DEBUG] [mixin/]: Preparing veil.command.mixins.json (1)
[04июл.2026 11:23:06.323] [main/DEBUG] [net.neoforged.fml.common.asm.RuntimeDistCleaner/DISTXFORM]: Removing Class Annotation: net/minecraft/client/multiplayer/ClientSuggestionProvider @Lnet/neoforged/api/distmarker/OnlyIn;
[04июл.2026 11:23:06.338] [main/TRACE] [mixin/]: Added class metadata for net/minecraft/client/multiplayer/ClientSuggestionProvider to metadata cache
[04июл.2026 11:23:06.340] [main/DEBUG] [mixin/]: Preparing veil.debug.mixins.json (14)
[04июл.2026 11:23:06.341] [main/TRACE] [mixin/]: Added class metadata for net/minecraft/server/packs/resources/SimpleReloadInstance to metadata cache
[04июл.2026 11:23:06.347] [main/DEBUG] [net.neoforged.accesstransformer.AccessTransformer/AXFORM]: Transforming net.minecraft.client.renderer.GameRenderer METHOD loadEffect(Lnet/minecraft/resources/ResourceLocation;)V to access PUBLIC and LEAVE
[04июл.2026 11:23:06.348] [main/DEBUG] [net.neoforged.accesstransformer.AccessTransformer/AXFORM]: Transforming net.minecraft.client.renderer.GameRenderer METHOD getFov(Lnet/minecraft/client/Camera;FZ)D to access PUBLIC and LEAVE
[04июл.2026 11:23:06.350] [main/DEBUG] [net.neoforged.fml.common.asm.RuntimeDistCleaner/DISTXFORM]: Removing Class Annotation: net/minecraft/client/renderer/GameRenderer @Lnet/neoforged/api/distmarker/OnlyIn;
[04июл.2026 11:23:06.355] [main/TRACE] [mixin/]: Added class metadata for net/minecraft/client/renderer/GameRenderer to metadata cache
[04июл.2026 11:23:06.359] [main/DEBUG] [net.neoforged.accesstransformer.AccessTransformer/AXFORM]: Transforming net.minecraft.client.renderer.LevelRenderer FIELD cullingFrustum to access PUBLIC and LEAVE
[04июл.2026 11:23:06.359] [main/DEBUG] [net.neoforged.accesstransformer.AccessTransformer/AXFORM]: Transforming net.minecraft.client.renderer.LevelRenderer METHOD shouldShowEntityOutlines()Z to access PUBLIC and LEAVE
[04июл.2026 11:23:06.359] [main/DEBUG] [net.neoforged.accesstransformer.AccessTransformer/AXFORM]: Transforming net.minecraft.client.renderer.LevelRenderer METHOD renderEntity(Lnet/minecraft/world/entity/Entity;DDDFLcom/mojang/blaze3d/vertex/PoseStack;Lnet/minecraft/client/renderer/MultiBufferSource;)V to access PUBLIC and REMOVEFINAL
[04июл.2026 11:23:06.360] [main/DEBUG] [net.neoforged.fml.common.asm.RuntimeDistCleaner/DISTXFORM]: Removing Class Annotation: net/minecraft/client/renderer/LevelRenderer @Lnet/neoforged/api/distmarker/OnlyIn;
[04июл.2026 11:23:06.369] [main/TRACE] [mixin/]: Added class metadata for net/minecraft/client/renderer/LevelRenderer to metadata cache
[04июл.2026 11:23:06.370] [main/DEBUG] [net.neoforged.fml.common.asm.RuntimeDistCleaner/DISTXFORM]: Removing Class Annotation: net/minecraft/client/renderer/PostChain @Lnet/neoforged/api/distmarker/OnlyIn;
[04июл.2026 11:23:06.371] [main/TRACE] [mixin/]: Added class metadata for net/minecraft/client/renderer/PostChain to metadata cache
[04июл.2026 11:23:06.371] [main/DEBUG] [net.neoforged.fml.common.asm.RuntimeDistCleaner/DISTXFORM]: Removing Class Annotation: com/mojang/blaze3d/systems/RenderSystem$AutoStorageIndexBuffer @Lnet/neoforged/api/distmarker/OnlyIn;
[04июл.2026 11:23:06.371] [main/TRACE] [mixin/]: Added class metadata for com/mojang/blaze3d/systems/RenderSystem$AutoStorageIndexBuffer to metadata cache
[04июл.2026 11:23:06.372] [main/DEBUG] [net.neoforged.fml.common.asm.RuntimeDistCleaner/DISTXFORM]: Removing Class Annotation: com/mojang/blaze3d/platform/GlDebug @Lnet/neoforged/api/distmarker/OnlyIn;
[04июл.2026 11:23:06.372] [main/TRACE] [mixin/]: Added class metadata for com/mojang/blaze3d/platform/GlDebug to metadata cache
[04июл.2026 11:23:06.373] [main/DEBUG] [net.neoforged.fml.common.asm.RuntimeDistCleaner/DISTXFORM]: Removing Class Annotation: net/minecraft/client/KeyboardHandler @Lnet/neoforged/api/distmarker/OnlyIn;
[04июл.2026 11:23:06.375] [main/TRACE] [mixin/]: Added class metadata for net/minecraft/client/KeyboardHandler to metadata cache
[04июл.2026 11:23:06.375] [main/DEBUG] [net.neoforged.fml.common.asm.RuntimeDistCleaner/DISTXFORM]: Removing Class Annotation: net/minecraft/client/main/Main @Lnet/neoforged/api/distmarker/OnlyIn;
[04июл.2026 11:23:06.375] [main/TRACE] [mixin/]: Added class metadata for net/minecraft/client/main/Main to metadata cache
[04июл.2026 11:23:06.379] [main/DEBUG] [net.neoforged.accesstransformer.AccessTransformer/AXFORM]: Transforming net.minecraft.client.Minecraft FIELD pendingConnection to access PUBLIC and LEAVE
[04июл.2026 11:23:06.379] [main/DEBUG] [net.neoforged.fml.common.asm.RuntimeDistCleaner/DISTXFORM]: Removing Class Annotation: net/minecraft/client/Minecraft @Lnet/neoforged/api/distmarker/OnlyIn;
[04июл.2026 11:23:06.384] [main/TRACE] [mixin/]: Added class metadata for net/minecraft/client/Minecraft to metadata cache
[04июл.2026 11:23:06.384] [main/DEBUG] [net.neoforged.fml.common.asm.RuntimeDistCleaner/DISTXFORM]: Removing Class Annotation: net/minecraft/client/renderer/texture/TextureManager @Lnet/neoforged/api/distmarker/OnlyIn;
[04июл.2026 11:23:06.385] [main/TRACE] [mixin/]: Added class metadata for net/minecraft/client/renderer/texture/TextureManager to metadata cache
[04июл.2026 11:23:06.386] [main/DEBUG] [net.neoforged.fml.common.asm.RuntimeDistCleaner/DISTXFORM]: Removing Class Annotation: com/mojang/blaze3d/vertex/VertexBuffer @Lnet/neoforged/api/distmarker/OnlyIn;
[04июл.2026 11:23:06.386] [main/TRACE] [mixin/]: Added class metadata for com/mojang/blaze3d/vertex/VertexBuffer to metadata cache
[04июл.2026 11:23:06.387] [main/DEBUG] [net.neoforged.fml.common.asm.RuntimeDistCleaner/DISTXFORM]: Removing Class Annotation: com/mojang/blaze3d/vertex/VertexFormat @Lnet/neoforged/api/distmarker/OnlyIn;
[04июл.2026 11:23:06.387] [main/TRACE] [mixin/]: Added class metadata for com/mojang/blaze3d/vertex/VertexFormat to metadata cache
[04июл.2026 11:23:06.387] [main/DEBUG] [mixin/]: Preparing veil.dynamicbuffer.mixins.json (5)
[04июл.2026 11:23:06.388] [main/DEBUG] [net.neoforged.accesstransformer.AccessTransformer/AXFORM]: Transforming com.mojang.blaze3d.shaders.Program METHOD <init>(Lcom/mojang/blaze3d/shaders/Program$Type;ILjava/lang/String;)V to access PUBLIC and LEAVE
[04июл.2026 11:23:06.388] [main/DEBUG] [net.neoforged.fml.common.asm.RuntimeDistCleaner/DISTXFORM]: Removing Class Annotation: com/mojang/blaze3d/shaders/Program @Lnet/neoforged/api/distmarker/OnlyIn;
[04июл.2026 11:23:06.389] [main/TRACE] [mixin/]: Added class metadata for com/mojang/blaze3d/shaders/Program to metadata cache
[04июл.2026 11:23:06.390] [main/DEBUG] [net.neoforged.accesstransformer.AccessTransformer/AXFORM]: Transforming net.minecraft.client.renderer.ShaderInstance FIELD lastProgramId to access PUBLIC and LEAVE
[04июл.2026 11:23:06.390] [main/DEBUG] [net.neoforged.accesstransformer.AccessTransformer/AXFORM]: Transforming net.minecraft.client.renderer.ShaderInstance FIELD samplerLocations to access PUBLIC and LEAVE
[04июл.2026 11:23:06.390] [main/DEBUG] [net.neoforged.accesstransformer.AccessTransformer/AXFORM]: Transforming net.minecraft.client.renderer.ShaderInstance FIELD uniformMap to access PUBLIC and LEAVE
[04июл.2026 11:23:06.390] [main/DEBUG] [net.neoforged.fml.common.asm.RuntimeDistCleaner/DISTXFORM]: Removing Class Annotation: net/minecraft/client/renderer/ShaderInstance @Lnet/neoforged/api/distmarker/OnlyIn;
[04июл.2026 11:23:06.390] [main/TRACE] [mixin/]: Added class metadata for net/minecraft/client/renderer/ShaderInstance to metadata cache
[04июл.2026 11:23:06.390] [main/DEBUG] [mixin/]: Preparing veil.fix.mixins.json (3)
[04июл.2026 11:23:06.394] [main/TRACE] [mixin/]: Added class metadata for org/joml/MemUtil$MemUtilUnsafe to metadata cache
[04июл.2026 11:23:06.395] [main/TRACE] [mixin/]: Added class metadata for org/joml/MemUtil to metadata cache
[04июл.2026 11:23:06.395] [main/DEBUG] [net.neoforged.fml.common.asm.RuntimeDistCleaner/DISTXFORM]: Removing Class Annotation: com/mojang/blaze3d/platform/NativeImage @Lnet/neoforged/api/distmarker/OnlyIn;
[04июл.2026 11:23:06.398] [main/TRACE] [mixin/]: Added class metadata for com/mojang/blaze3d/platform/NativeImage to metadata cache
[04июл.2026 11:23:06.398] [main/DEBUG] [net.neoforged.fml.common.asm.RuntimeDistCleaner/DISTXFORM]: Removing Class Annotation: com/mojang/blaze3d/platform/Window @Lnet/neoforged/api/distmarker/OnlyIn;
[04июл.2026 11:23:06.399] [main/TRACE] [mixin/]: Added class metadata for com/mojang/blaze3d/platform/Window to metadata cache
[04июл.2026 11:23:06.399] [main/DEBUG] [mixin/]: Preparing veil.framebuffer.mixins.json (1)
[04июл.2026 11:23:06.399] [main/DEBUG] [net.neoforged.fml.common.asm.RuntimeDistCleaner/DISTXFORM]: Removing Class Annotation: com/mojang/blaze3d/pipeline/RenderTarget @Lnet/neoforged/api/distmarker/OnlyIn;
[04июл.2026 11:23:06.400] [main/TRACE] [mixin/]: Added class metadata for com/mojang/blaze3d/pipeline/RenderTarget to metadata cache
[04июл.2026 11:23:06.400] [main/DEBUG] [mixin/]: Preparing veil.necromancer.mixins.json (2)
[04июл.2026 11:23:06.401] [main/DEBUG] [net.neoforged.fml.common.asm.RuntimeDistCleaner/DISTXFORM]: Removing Class Annotation: net/minecraft/client/multiplayer/ClientLevel @Lnet/neoforged/api/distmarker/OnlyIn;
[04июл.2026 11:23:06.402] [main/TRACE] [mixin/]: Added class metadata for net/minecraft/client/multiplayer/ClientLevel to metadata cache
[04июл.2026 11:23:06.402] [main/DEBUG] [mixin/]: Preparing veil.network.mixins.json (3)
[04июл.2026 11:23:06.404] [main/DEBUG] [net.neoforged.accesstransformer.AccessTransformer/AXFORM]: Transforming net.minecraft.server.MinecraftServer INNERCLASS ReloadableResources to access PUBLIC and LEAVE
[04июл.2026 11:23:06.405] [main/DEBUG] [net.neoforged.accesstransformer.AccessTransformer/AXFORM]: Transforming net.minecraft.server.MinecraftServer FIELD storageSource to access PUBLIC and LEAVE
[04июл.2026 11:23:06.405] [main/DEBUG] [net.neoforged.accesstransformer.AccessTransformer/AXFORM]: Transforming net.minecraft.server.MinecraftServer FIELD nextTickTimeNanos to access PROTECTED and LEAVE
[04июл.2026 11:23:06.412] [main/TRACE] [mixin/]: Added class metadata for net/minecraft/server/MinecraftServer to metadata cache
[04июл.2026 11:23:06.413] [main/DEBUG] [net.neoforged.accesstransformer.AccessTransformer/AXFORM]: Transforming net.minecraft.server.level.ServerLevel FIELD entityManager to access PUBLIC and LEAVE
[04июл.2026 11:23:06.413] [main/DEBUG] [net.neoforged.accesstransformer.AccessTransformer/AXFORM]: Transforming net.minecraft.server.level.ServerLevel METHOD getEntities()Lnet/minecraft/world/level/entity/LevelEntityGetter; to access PUBLIC and LEAVE
[04июл.2026 11:23:06.416] [main/TRACE] [mixin/]: Added class metadata for net/minecraft/server/level/ServerLevel to metadata cache
[04июл.2026 11:23:06.418] [main/DEBUG] [net.neoforged.accesstransformer.AccessTransformer/AXFORM]: Transforming net.minecraft.server.level.ServerPlayer INNERCLASS RespawnPosAngle to access PUBLIC and LEAVE
[04июл.2026 11:23:06.418] [main/DEBUG] [net.neoforged.accesstransformer.AccessTransformer/AXFORM]: Transforming net.minecraft.server.level.ServerPlayer METHOD findRespawnAndUseSpawnBlock(Lnet/minecraft/server/level/ServerLevel;Lnet/minecraft/core/BlockPos;FZZ)Ljava/util/Optional; to access PUBLIC and LEAVE
[04июл.2026 11:23:06.418] [main/DEBUG] [net.neoforged.accesstransformer.AccessTransformer/AXFORM]: Transforming net.minecraft.server.level.ServerPlayer METHOD checkRidingStatistics(DDD)V to access PUBLIC and LEAVE
[04июл.2026 11:23:06.420] [main/TRACE] [mixin/]: Added class metadata for net/minecraft/server/level/ServerPlayer to metadata cache
[04июл.2026 11:23:06.421] [main/DEBUG] [mixin/]: Preparing veil.performance.mixins.json (4)
[04июл.2026 11:23:06.422] [main/DEBUG] [net.neoforged.fml.common.asm.RuntimeDistCleaner/DISTXFORM]: Removing Class Annotation: net/minecraft/client/renderer/texture/AbstractTexture @Lnet/neoforged/api/distmarker/OnlyIn;
[04июл.2026 11:23:06.422] [main/TRACE] [mixin/]: Added class metadata for net/minecraft/client/renderer/texture/AbstractTexture to metadata cache
[04июл.2026 11:23:06.422] [main/DEBUG] [net.neoforged.fml.common.asm.RuntimeDistCleaner/DISTXFORM]: Removing Class Annotation: net/minecraft/client/renderer/ScreenEffectRenderer @Lnet/neoforged/api/distmarker/OnlyIn;
[04июл.2026 11:23:06.422] [main/TRACE] [mixin/]: Added class metadata for net/minecraft/client/renderer/ScreenEffectRenderer to metadata cache
[04июл.2026 11:23:06.423] [main/DEBUG] [mixin/]: Preparing veil.perspective.mixins.json (3)
[04июл.2026 11:23:06.423] [main/DEBUG] [net.neoforged.fml.common.asm.RuntimeDistCleaner/DISTXFORM]: Removing Class Annotation: net/minecraft/client/renderer/culling/Frustum @Lnet/neoforged/api/distmarker/OnlyIn;
[04июл.2026 11:23:06.423] [main/TRACE] [mixin/]: Added class metadata for net/minecraft/client/renderer/culling/Frustum to metadata cache
[04июл.2026 11:23:06.423] [main/DEBUG] [mixin/]: Preparing veil.pipeline.mixins.json (19)
[04июл.2026 11:23:06.426] [main/DEBUG] [net.neoforged.fml.common.asm.RuntimeDistCleaner/DISTXFORM]: Removing Class Annotation: net/minecraft/client/renderer/MultiBufferSource$BufferSource @Lnet/neoforged/api/distmarker/OnlyIn;
[04июл.2026 11:23:06.427] [main/TRACE] [mixin/]: Added class metadata for net/minecraft/client/renderer/MultiBufferSource$BufferSource to metadata cache
[04июл.2026 11:23:06.427] [main/TRACE] [mixin/]: Added class metadata for net/minecraft/server/packs/resources/ReloadableResourceManager to metadata cache
[04июл.2026 11:23:06.428] [main/DEBUG] [net.neoforged.fml.common.asm.RuntimeDistCleaner/DISTXFORM]: Removing Class Annotation: net/minecraft/client/gui/components/DebugScreenOverlay @Lnet/neoforged/api/distmarker/OnlyIn;
[04июл.2026 11:23:06.430] [main/TRACE] [mixin/]: Added class metadata for net/minecraft/client/gui/components/DebugScreenOverlay to metadata cache
[04июл.2026 11:23:06.430] [main/DEBUG] [net.neoforged.accesstransformer.AccessTransformer/AXFORM]: Transforming com.mojang.blaze3d.platform.GlStateManager INNERCLASS BlendState to access PUBLIC and LEAVE
[04июл.2026 11:23:06.430] [main/DEBUG] [net.neoforged.accesstransformer.AccessTransformer/AXFORM]: Transforming com.mojang.blaze3d.platform.GlStateManager INNERCLASS TextureState to access PUBLIC and LEAVE
[04июл.2026 11:23:06.430] [main/DEBUG] [net.neoforged.accesstransformer.AccessTransformer/AXFORM]: Transforming com.mojang.blaze3d.platform.GlStateManager FIELD BLEND to access PUBLIC and LEAVE
[04июл.2026 11:23:06.430] [main/DEBUG] [net.neoforged.accesstransformer.AccessTransformer/AXFORM]: Transforming com.mojang.blaze3d.platform.GlStateManager FIELD TEXTURES to access PUBLIC and LEAVE
[04июл.2026 11:23:06.430] [main/DEBUG] [net.neoforged.fml.common.asm.RuntimeDistCleaner/DISTXFORM]: Removing Class Annotation: com/mojang/blaze3d/platform/GlStateManager @Lnet/neoforged/api/distmarker/OnlyIn;
[04июл.2026 11:23:06.431] [main/TRACE] [mixin/]: Added class metadata for com/mojang/blaze3d/platform/GlStateManager to metadata cache
[04июл.2026 11:23:06.431] [main/TRACE] [mixin/]: Added class metadata for net/minecraft/client/particle/ParticleRenderType$1 to metadata cache
[04июл.2026 11:23:06.432] [main/TRACE] [mixin/]: Added class metadata for net/minecraft/client/particle/ParticleRenderType$3 to metadata cache
[04июл.2026 11:23:06.432] [main/DEBUG] [net.neoforged.fml.common.asm.RuntimeDistCleaner/DISTXFORM]: Removing Class Annotation: com/mojang/blaze3d/vertex/PoseStack @Lnet/neoforged/api/distmarker/OnlyIn;
[04июл.2026 11:23:06.432] [main/TRACE] [mixin/]: Added class metadata for com/mojang/blaze3d/vertex/PoseStack to metadata cache
[04июл.2026 11:23:06.432] [main/DEBUG] [net.neoforged.fml.common.asm.RuntimeDistCleaner/DISTXFORM]: Removing Class Annotation: com/mojang/blaze3d/systems/RenderSystem @Lnet/neoforged/api/distmarker/OnlyIn;
[04июл.2026 11:23:06.434] [main/TRACE] [mixin/]: Added class metadata for com/mojang/blaze3d/systems/RenderSystem to metadata cache
[04июл.2026 11:23:06.434] [main/DEBUG] [mixin/]: Preparing veil.quasar.mixins.json (2)
[04июл.2026 11:23:06.436] [main/DEBUG] [net.neoforged.accesstransformer.AccessTransformer/AXFORM]: Transforming net.minecraft.world.entity.Entity FIELD ENTITY_COUNTER to access PROTECTED and LEAVE
[04июл.2026 11:23:06.436] [main/DEBUG] [net.neoforged.accesstransformer.AccessTransformer/AXFORM]: Transforming net.minecraft.world.entity.Entity FIELD removalReason to access PUBLIC and LEAVE
[04июл.2026 11:23:06.436] [main/DEBUG] [net.neoforged.accesstransformer.AccessTransformer/AXFORM]: Transforming net.minecraft.world.entity.Entity FIELD levelCallback to access PUBLIC and LEAVE
[04июл.2026 11:23:06.436] [main/DEBUG] [net.neoforged.accesstransformer.AccessTransformer/AXFORM]: Transforming net.minecraft.world.entity.Entity METHOD getEyePosition(F)Lnet/minecraft/world/phys/Vec3; to access PUBLIC and REMOVEFINAL
[04июл.2026 11:23:06.436] [main/DEBUG] [net.neoforged.accesstransformer.AccessTransformer/AXFORM]: Transforming net.minecraft.world.entity.Entity METHOD getEncodeId()Ljava/lang/String; to access PUBLIC and LEAVE
[04июл.2026 11:23:06.436] [main/DEBUG] [net.neoforged.accesstransformer.AccessTransformer/AXFORM]: Transforming net.minecraft.world.entity.Entity METHOD setRemoved(Lnet/minecraft/world/entity/Entity$RemovalReason;)V to access PUBLIC and REMOVEFINAL
[04июл.2026 11:23:06.446] [main/TRACE] [mixin/]: Added class metadata for net/minecraft/world/entity/Entity to metadata cache
[04июл.2026 11:23:06.447] [main/DEBUG] [net.neoforged.accesstransformer.AccessTransformer/AXFORM]: Transforming net.minecraft.client.particle.ParticleEngine INNERCLASS SpriteParticleRegistration to access PUBLIC and LEAVE
[04июл.2026 11:23:06.447] [main/DEBUG] [net.neoforged.accesstransformer.AccessTransformer/AXFORM]: Transforming net.minecraft.client.particle.ParticleEngine METHOD register(Lnet/minecraft/core/particles/ParticleType;Lnet/minecraft/client/particle/ParticleProvider;)V to access PUBLIC and LEAVE
[04июл.2026 11:23:06.447] [main/DEBUG] [net.neoforged.accesstransformer.AccessTransformer/AXFORM]: Transforming net.minecraft.client.particle.ParticleEngine METHOD register(Lnet/minecraft/core/particles/ParticleType;Lnet/minecraft/client/particle/ParticleProvider$Sprite;)V to access PUBLIC and LEAVE
[04июл.2026 11:23:06.447] [main/DEBUG] [net.neoforged.accesstransformer.AccessTransformer/AXFORM]: Transforming net.minecraft.client.particle.ParticleEngine METHOD register(Lnet/minecraft/core/particles/ParticleType;Lnet/minecraft/client/particle/ParticleEngine$SpriteParticleRegistration;)V to access PUBLIC and LEAVE
[04июл.2026 11:23:06.447] [main/DEBUG] [net.neoforged.fml.common.asm.RuntimeDistCleaner/DISTXFORM]: Removing Class Annotation: net/minecraft/client/particle/ParticleEngine @Lnet/neoforged/api/distmarker/OnlyIn;
[04июл.2026 11:23:06.449] [main/TRACE] [mixin/]: Added class metadata for net/minecraft/client/particle/ParticleEngine to metadata cache
[04июл.2026 11:23:06.449] [main/DEBUG] [mixin/]: Preparing veil.registry.mixins.json (1)
[04июл.2026 11:23:06.449] [main/TRACE] [mixin/]: Added class metadata for net/minecraft/resources/RegistryDataLoader$RegistryData to metadata cache
[04июл.2026 11:23:06.449] [main/DEBUG] [mixin/]: Preparing veil.rendertype.mixins.json (6)
[04июл.2026 11:23:06.451] [main/DEBUG] [net.neoforged.accesstransformer.AccessTransformer/AXFORM]: Transforming net.minecraft.client.renderer.RenderStateShard INNERCLASS TextureStateShard to access PUBLIC and LEAVE
[04июл.2026 11:23:06.451] [main/DEBUG] [net.neoforged.accesstransformer.AccessTransformer/AXFORM]: Transforming net.minecraft.client.renderer.RenderStateShard INNERCLASS LayeringStateShard to access PUBLIC and LEAVE
[04июл.2026 11:23:06.451] [main/DEBUG] [net.neoforged.accesstransformer.AccessTransformer/AXFORM]: Transforming net.minecraft.client.renderer.RenderStateShard FIELDWILDCARD to access PUBLIC and LEAVE
[04июл.2026 11:23:06.451] [main/DEBUG] [net.neoforged.accesstransformer.AccessTransformer/AXFORM]: Transforming net.minecraft.client.renderer.RenderStateShard INNERCLASS LineStateShard to access PUBLIC and LEAVE
[04июл.2026 11:23:06.451] [main/DEBUG] [net.neoforged.accesstransformer.AccessTransformer/AXFORM]: Transforming net.minecraft.client.renderer.RenderStateShard INNERCLASS EmptyTextureStateShard to access PUBLIC and LEAVE
[04июл.2026 11:23:06.451] [main/DEBUG] [net.neoforged.accesstransformer.AccessTransformer/AXFORM]: Transforming net.minecraft.client.renderer.RenderStateShard INNERCLASS WriteMaskStateShard to access PUBLIC and LEAVE
[04июл.2026 11:23:06.451] [main/DEBUG] [net.neoforged.accesstransformer.AccessTransformer/AXFORM]: Transforming net.minecraft.client.renderer.RenderStateShard INNERCLASS TransparencyStateShard to access PUBLIC and LEAVE
[04июл.2026 11:23:06.451] [main/DEBUG] [net.neoforged.accesstransformer.AccessTransformer/AXFORM]: Transforming net.minecraft.client.renderer.RenderStateShard INNERCLASS OverlayStateShard to access PUBLIC and LEAVE
[04июл.2026 11:23:06.451] [main/DEBUG] [net.neoforged.accesstransformer.AccessTransformer/AXFORM]: Transforming net.minecraft.client.renderer.RenderStateShard INNERCLASS OutputStateShard to access PUBLIC and LEAVE
[04июл.2026 11:23:06.451] [main/DEBUG] [net.neoforged.accesstransformer.AccessTransformer/AXFORM]: Transforming net.minecraft.client.renderer.RenderStateShard INNERCLASS MultiTextureStateShard to access PUBLIC and LEAVE
[04июл.2026 11:23:06.451] [main/DEBUG] [net.neoforged.accesstransformer.AccessTransformer/AXFORM]: Transforming net.minecraft.client.renderer.RenderStateShard INNERCLASS CullStateShard to access PUBLIC and LEAVE
[04июл.2026 11:23:06.451] [main/DEBUG] [net.neoforged.accesstransformer.AccessTransformer/AXFORM]: Transforming net.minecraft.client.renderer.RenderStateShard INNERCLASS ShaderStateShard to access PUBLIC and LEAVE
[04июл.2026 11:23:06.451] [main/DEBUG] [net.neoforged.accesstransformer.AccessTransformer/AXFORM]: Transforming net.minecraft.client.renderer.RenderStateShard INNERCLASS LightmapStateShard to access PUBLIC and LEAVE
[04июл.2026 11:23:06.451] [main/DEBUG] [net.neoforged.accesstransformer.AccessTransformer/AXFORM]: Transforming net.minecraft.client.renderer.RenderStateShard INNERCLASS DepthTestStateShard to access PUBLIC and LEAVE
[04июл.2026 11:23:06.451] [main/DEBUG] [net.neoforged.accesstransformer.AccessTransformer/AXFORM]: Transforming net.minecraft.client.renderer.RenderStateShard INNERCLASS TexturingStateShard to access PUBLIC and LEAVE
[04июл.2026 11:23:06.451] [main/DEBUG] [net.neoforged.accesstransformer.AccessTransformer/AXFORM]: Transforming net.minecraft.client.renderer.RenderStateShard INNERCLASS OffsetTexturingStateShard to access PUBLIC and LEAVE
[04июл.2026 11:23:06.451] [main/DEBUG] [net.neoforged.accesstransformer.AccessTransformer/AXFORM]: Transforming net.minecraft.client.renderer.RenderStateShard INNERCLASS BooleanStateShard to access PUBLIC and LEAVE
[04июл.2026 11:23:06.451] [main/DEBUG] [net.neoforged.accesstransformer.AccessTransformer/AXFORM]: Transforming net.minecraft.client.renderer.RenderStateShard INNERCLASS ColorLogicStateShard to access PUBLIC and LEAVE
[04июл.2026 11:23:06.451] [main/DEBUG] [net.neoforged.accesstransformer.AccessTransformer/AXFORM]: Transforming net.minecraft.client.renderer.RenderStateShard FIELD name to access PUBLIC and LEAVE
[04июл.2026 11:23:06.451] [main/DEBUG] [net.neoforged.accesstransformer.AccessTransformer/AXFORM]: Transforming net.minecraft.client.renderer.RenderStateShard FIELD TRANSLUCENT_TRANSPARENCY to access PUBLIC and LEAVE
[04июл.2026 11:23:06.451] [main/DEBUG] [net.neoforged.accesstransformer.AccessTransformer/AXFORM]: Transforming net.minecraft.client.renderer.RenderStateShard FIELD RENDERTYPE_CUTOUT_SHADER to access PUBLIC and LEAVE
[04июл.2026 11:23:06.451] [main/DEBUG] [net.neoforged.accesstransformer.AccessTransformer/AXFORM]: Transforming net.minecraft.client.renderer.RenderStateShard FIELD BLOCK_SHEET_MIPPED to access PUBLIC and LEAVE
[04июл.2026 11:23:06.451] [main/DEBUG] [net.neoforged.accesstransformer.AccessTransformer/AXFORM]: Transforming net.minecraft.client.renderer.RenderStateShard FIELD LIGHTMAP to access PUBLIC and LEAVE
[04июл.2026 11:23:06.451] [main/DEBUG] [net.neoforged.accesstransformer.AccessTransformer/AXFORM]: Transforming net.minecraft.client.renderer.RenderStateShard FIELD NO_CULL to access PUBLIC and LEAVE
[04июл.2026 11:23:06.451] [main/DEBUG] [net.neoforged.accesstransformer.AccessTransformer/AXFORM]: Transforming net.minecraft.client.renderer.RenderStateShard FIELD COLOR_DEPTH_WRITE to access PUBLIC and LEAVE
[04июл.2026 11:23:06.451] [main/DEBUG] [net.neoforged.accesstransformer.AccessTransformer/AXFORM]: Transforming net.minecraft.client.renderer.RenderStateShard METHOD setupGlintTexturing(F)V to access PUBLIC and LEAVE
[04июл.2026 11:23:06.452] [main/DEBUG] [net.neoforged.fml.common.asm.RuntimeDistCleaner/DISTXFORM]: Removing Class Annotation: net/minecraft/client/renderer/RenderStateShard @Lnet/neoforged/api/distmarker/OnlyIn;
[04июл.2026 11:23:06.452] [main/TRACE] [mixin/]: Added class metadata for net/minecraft/client/renderer/RenderStateShard to metadata cache
[04июл.2026 11:23:06.453] [main/DEBUG] [net.neoforged.accesstransformer.AccessTransformer/AXFORM]: Transforming net.minecraft.client.renderer.RenderType FIELDWILDCARD to access PUBLIC and LEAVE
[04июл.2026 11:23:06.453] [main/DEBUG] [net.neoforged.accesstransformer.AccessTransformer/AXFORM]: Transforming net.minecraft.client.renderer.RenderType INNERCLASS CompositeRenderType to access PUBLIC and LEAVE
[04июл.2026 11:23:06.453] [main/DEBUG] [net.neoforged.accesstransformer.AccessTransformer/AXFORM]: Transforming net.minecraft.client.renderer.RenderType INNERCLASS CompositeState to access PUBLIC and LEAVE
[04июл.2026 11:23:06.453] [main/DEBUG] [net.neoforged.accesstransformer.AccessTransformer/AXFORM]: Transforming net.minecraft.client.renderer.RenderType INNERCLASS OutlineProperty to access PUBLIC and LEAVE
[04июл.2026 11:23:06.453] [main/DEBUG] [net.neoforged.accesstransformer.AccessTransformer/AXFORM]: Transforming net.minecraft.client.renderer.RenderType METHOD create(Ljava/lang/String;Lcom/mojang/blaze3d/vertex/VertexFormat;Lcom/mojang/blaze3d/vertex/VertexFormat$Mode;ILnet/minecraft/client/renderer/RenderType$CompositeState;)Lnet/minecraft/client/renderer/RenderType$CompositeRenderType; to access PUBLIC and LEAVE
[04июл.2026 11:23:06.453] [main/DEBUG] [net.neoforged.accesstransformer.AccessTransformer/AXFORM]: Transforming net.minecraft.client.renderer.RenderType METHOD create(Ljava/lang/String;Lcom/mojang/blaze3d/vertex/VertexFormat;Lcom/mojang/blaze3d/vertex/VertexFormat$Mode;IZZLnet/minecraft/client/renderer/RenderType$CompositeState;)Lnet/minecraft/client/renderer/RenderType$CompositeRenderType; to access PUBLIC and LEAVE
[04июл.2026 11:23:06.453] [main/DEBUG] [net.neoforged.fml.common.asm.RuntimeDistCleaner/DISTXFORM]: Removing Class Annotation: net/minecraft/client/renderer/RenderType @Lnet/neoforged/api/distmarker/OnlyIn;
[04июл.2026 11:23:06.454] [main/TRACE] [mixin/]: Added class metadata for net/minecraft/client/renderer/RenderType to metadata cache
[04июл.2026 11:23:06.454] [main/DEBUG] [net.neoforged.fml.common.asm.RuntimeDistCleaner/DISTXFORM]: Removing Class Annotation: net/minecraft/client/renderer/RenderType$CompositeState$CompositeStateBuilder @Lnet/neoforged/api/distmarker/OnlyIn;
[04июл.2026 11:23:06.454] [main/TRACE] [mixin/]: Added class metadata for net/minecraft/client/renderer/RenderType$CompositeState$CompositeStateBuilder to metadata cache
[04июл.2026 11:23:06.454] [main/DEBUG] [net.neoforged.accesstransformer.AccessTransformer/AXFORM]: Transforming net.minecraft.client.renderer.RenderType$CompositeState CLASS to access PUBLIC and LEAVE
[04июл.2026 11:23:06.456] [main/DEBUG] [net.neoforged.fml.common.asm.RuntimeDistCleaner/DISTXFORM]: Removing Class Annotation: net/minecraft/client/renderer/RenderType$CompositeState @Lnet/neoforged/api/distmarker/OnlyIn;
[04июл.2026 11:23:06.456] [main/TRACE] [mixin/]: Added class metadata for net/minecraft/client/renderer/RenderType$CompositeState to metadata cache
[04июл.2026 11:23:06.456] [main/DEBUG] [mixin/]: Preparing veil.resource.mixins.json (6)
[04июл.2026 11:23:06.457] [main/TRACE] [mixin/]: Added class metadata for net/minecraft/server/packs/VanillaPackResources to metadata cache
[04июл.2026 11:23:06.458] [main/DEBUG] [net.neoforged.accesstransformer.AccessTransformer/AXFORM]: Transforming net.minecraft.client.resources.model.AtlasSet INNERCLASS AtlasEntry to access PUBLIC and LEAVE
[04июл.2026 11:23:06.458] [main/DEBUG] [net.neoforged.fml.common.asm.RuntimeDistCleaner/DISTXFORM]: Removing Class Annotation: net/minecraft/client/resources/model/AtlasSet @Lnet/neoforged/api/distmarker/OnlyIn;
[04июл.2026 11:23:06.458] [main/TRACE] [mixin/]: Added class metadata for net/minecraft/client/resources/model/AtlasSet to metadata cache
[04июл.2026 11:23:06.458] [main/DEBUG] [net.neoforged.fml.common.asm.RuntimeDistCleaner/DISTXFORM]: Removing Class Annotation: net/minecraft/client/resources/model/ModelManager @Lnet/neoforged/api/distmarker/OnlyIn;
[04июл.2026 11:23:06.459] [main/TRACE] [mixin/]: Added class metadata for net/minecraft/client/resources/model/ModelManager to metadata cache
[04июл.2026 11:23:06.459] [main/DEBUG] [net.neoforged.fml.common.asm.RuntimeDistCleaner/DISTXFORM]: Removing Class Annotation: net/minecraft/client/renderer/texture/TextureAtlas @Lnet/neoforged/api/distmarker/OnlyIn;
[04июл.2026 11:23:06.459] [main/TRACE] [mixin/]: Added class metadata for net/minecraft/client/renderer/texture/TextureAtlas to metadata cache
[04июл.2026 11:23:06.460] [main/DEBUG] [net.neoforged.accesstransformer.AccessTransformer/AXFORM]: Transforming net.minecraft.client.resources.TextureAtlasHolder FIELD textureAtlas to access PROTECTED and LEAVE
[04июл.2026 11:23:06.460] [main/DEBUG] [net.neoforged.fml.common.asm.RuntimeDistCleaner/DISTXFORM]: Removing Class Annotation: net/minecraft/client/resources/TextureAtlasHolder @Lnet/neoforged/api/distmarker/OnlyIn;
[04июл.2026 11:23:06.460] [main/TRACE] [mixin/]: Added class metadata for net/minecraft/client/resources/TextureAtlasHolder to metadata cache
[04июл.2026 11:23:06.460] [main/DEBUG] [mixin/]: Preparing veil.scheduler.mixins.json (1)
[04июл.2026 11:23:06.460] [main/DEBUG] [mixin/]: Preparing veil.shader.mixins.json (4)
[04июл.2026 11:23:06.462] [main/DEBUG] [net.neoforged.accesstransformer.AccessTransformer/AXFORM]: Transforming net.minecraft.client.renderer.EffectInstance FIELD lastProgramId to access PUBLIC and LEAVE
[04июл.2026 11:23:06.462] [main/DEBUG] [net.neoforged.fml.common.asm.RuntimeDistCleaner/DISTXFORM]: Removing Class Annotation: net/minecraft/client/renderer/EffectInstance @Lnet/neoforged/api/distmarker/OnlyIn;
[04июл.2026 11:23:06.462] [main/TRACE] [mixin/]: Added class metadata for net/minecraft/client/renderer/EffectInstance to metadata cache
[04июл.2026 11:23:06.462] [main/DEBUG] [net.neoforged.fml.common.asm.RuntimeDistCleaner/DISTXFORM]: Removing Class Annotation: com/mojang/blaze3d/shaders/ProgramManager @Lnet/neoforged/api/distmarker/OnlyIn;
[04июл.2026 11:23:06.462] [main/TRACE] [mixin/]: Added class metadata for com/mojang/blaze3d/shaders/ProgramManager to metadata cache
[04июл.2026 11:23:06.462] [main/DEBUG] [mixin/]: Preparing veil.neoforge.mixins.json (30)
[04июл.2026 11:23:06.463] [main/TRACE] [mixin/]: Added class metadata for net/neoforged/neoforge/registries/DeferredRegister to metadata cache
[04июл.2026 11:23:06.464] [main/TRACE] [mixin/]: Added class metadata for net/minecraft/core/registries/Registries to metadata cache
[04июл.2026 11:23:06.464] [main/TRACE] [mixin/]: Added class metadata for net/minecraft/server/packs/PathPackResources to metadata cache
[04июл.2026 11:23:06.468] [main/DEBUG] [net.neoforged.fml.common.asm.RuntimeDistCleaner/DISTXFORM]: Removing Class Annotation: net/minecraft/client/renderer/RenderBuffers @Lnet/neoforged/api/distmarker/OnlyIn;
[04июл.2026 11:23:06.468] [main/TRACE] [mixin/]: Added class metadata for net/minecraft/client/renderer/RenderBuffers to metadata cache
[04июл.2026 11:23:06.468] [main/TRACE] [mixin/]: Added class metadata for net/neoforged/neoforge/client/ClientCommandSourceStack to metadata cache
[04июл.2026 11:23:06.468] [main/TRACE] [mixin/CATCHING]: Catching
java.lang.ClassNotFoundException: net.irisshaders.iris.pipeline.PipelineManager
	at cpw.mods.securejarhandler/cpw.mods.cl.ModuleClassLoader.getMaybeTransformedClassBytes(ModuleClassLoader.java:334) ~[securejarhandler-3.0.8.jar:?]
	at MC-BOOTSTRAP/cpw.mods.modlauncher@11.0.5/cpw.mods.modlauncher.TransformingClassLoader.buildTransformedClassNodeFor(TransformingClassLoader.java:65) ~[modlauncher-11.0.5.jar:?]
	at MC-BOOTSTRAP/cpw.mods.modlauncher@11.0.5/cpw.mods.modlauncher.LaunchPluginHandler.lambda$announceLaunch$10(LaunchPluginHandler.java:106) ~[modlauncher-11.0.5.jar:?]
	at MC-BOOTSTRAP/org.spongepowered.mixin/org.spongepowered.asm.launch.MixinLaunchPluginLegacy.getClassNode(MixinLaunchPluginLegacy.java:227) ~[sponge-mixin-0.15.2+mixin.0.8.7.jar:0.15.2+mixin.0.8.7]
	at MC-BOOTSTRAP/org.spongepowered.mixin/org.spongepowered.asm.mixin.transformer.ClassInfo.forName(ClassInfo.java:2029) ~[sponge-mixin-0.15.2+mixin.0.8.7.jar:0.15.2+mixin.0.8.7]
	at MC-BOOTSTRAP/org.spongepowered.mixin/org.spongepowered.asm.mixin.transformer.MixinInfo.getTargetClass(MixinInfo.java:1017) ~[sponge-mixin-0.15.2+mixin.0.8.7.jar:0.15.2+mixin.0.8.7]
	at MC-BOOTSTRAP/org.spongepowered.mixin/org.spongepowered.asm.mixin.transformer.MixinInfo.readTargetClasses(MixinInfo.java:1007) ~[sponge-mixin-0.15.2+mixin.0.8.7.jar:0.15.2+mixin.0.8.7]
	at MC-BOOTSTRAP/org.spongepowered.mixin/org.spongepowered.asm.mixin.transformer.MixinInfo.parseTargets(MixinInfo.java:895) ~[sponge-mixin-0.15.2+mixin.0.8.7.jar:0.15.2+mixin.0.8.7]
	at MC-BOOTSTRAP/org.spongepowered.mixin/org.spongepowered.asm.mixin.transformer.MixinConfig.prepareMixins(MixinConfig.java:950) ~[sponge-mixin-0.15.2+mixin.0.8.7.jar:0.15.2+mixin.0.8.7]
	at MC-BOOTSTRAP/org.spongepowered.mixin/org.spongepowered.asm.mixin.transformer.MixinConfig.prepare(MixinConfig.java:862) ~[sponge-mixin-0.15.2+mixin.0.8.7.jar:0.15.2+mixin.0.8.7]
	at MC-BOOTSTRAP/org.spongepowered.mixin/org.spongepowered.asm.mixin.transformer.MixinProcessor.prepareConfigs(MixinProcessor.java:540) ~[sponge-mixin-0.15.2+mixin.0.8.7.jar:0.15.2+mixin.0.8.7]
	at MC-BOOTSTRAP/org.spongepowered.mixin/org.spongepowered.asm.mixin.transformer.MixinProcessor.select(MixinProcessor.java:462) ~[sponge-mixin-0.15.2+mixin.0.8.7.jar:0.15.2+mixin.0.8.7]
	at MC-BOOTSTRAP/org.spongepowered.mixin/org.spongepowered.asm.mixin.transformer.MixinProcessor.checkSelect(MixinProcessor.java:438) ~[sponge-mixin-0.15.2+mixin.0.8.7.jar:0.15.2+mixin.0.8.7]
	at MC-BOOTSTRAP/org.spongepowered.mixin/org.spongepowered.asm.mixin.transformer.MixinProcessor.applyMixins(MixinProcessor.java:290) ~[sponge-mixin-0.15.2+mixin.0.8.7.jar:0.15.2+mixin.0.8.7]
	at MC-BOOTSTRAP/org.spongepowered.mixin/org.spongepowered.asm.mixin.transformer.MixinTransformer.transformClass(MixinTransformer.java:250) ~[sponge-mixin-0.15.2+mixin.0.8.7.jar:0.15.2+mixin.0.8.7]
	at MC-BOOTSTRAP/org.spongepowered.mixin/org.spongepowered.asm.service.modlauncher.MixinTransformationHandler.processClass(MixinTransformationHandler.java:131) ~[sponge-mixin-0.15.2+mixin.0.8.7.jar:0.15.2+mixin.0.8.7]
	at MC-BOOTSTRAP/org.spongepowered.mixin/org.spongepowered.asm.launch.MixinLaunchPluginLegacy.processClass(MixinLaunchPluginLegacy.java:131) ~[sponge-mixin-0.15.2+mixin.0.8.7.jar:0.15.2+mixin.0.8.7]
	at MC-BOOTSTRAP/cpw.mods.modlauncher@11.0.5/cpw.mods.modlauncher.serviceapi.ILaunchPluginService.processClassWithFlags(ILaunchPluginService.java:156) ~[modlauncher-11.0.5.jar:11.0.5+main.901c6ea8]
	at MC-BOOTSTRAP/cpw.mods.modlauncher@11.0.5/cpw.mods.modlauncher.LaunchPluginHandler.offerClassNodeToPlugins(LaunchPluginHandler.java:94) ~[modlauncher-11.0.5.jar:?]
	at MC-BOOTSTRAP/cpw.mods.modlauncher@11.0.5/cpw.mods.modlauncher.ClassTransformer.transform(ClassTransformer.java:120) ~[modlauncher-11.0.5.jar:?]
	at MC-BOOTSTRAP/cpw.mods.modlauncher@11.0.5/cpw.mods.modlauncher.TransformingClassLoader.maybeTransformClassBytes(TransformingClassLoader.java:57) ~[modlauncher-11.0.5.jar:?]
	at cpw.mods.securejarhandler/cpw.mods.cl.ModuleClassLoader.readerToClass(ModuleClassLoader.java:190) ~[securejarhandler-3.0.8.jar:?]
	at cpw.mods.securejarhandler/cpw.mods.cl.ModuleClassLoader.lambda$findClass$20(ModuleClassLoader.java:298) ~[securejarhandler-3.0.8.jar:?]
	at cpw.mods.securejarhandler/cpw.mods.cl.ModuleClassLoader.loadFromModule(ModuleClassLoader.java:311) [securejarhandler-3.0.8.jar:?]
	at cpw.mods.securejarhandler/cpw.mods.cl.ModuleClassLoader.findClass(ModuleClassLoader.java:298) [securejarhandler-3.0.8.jar:?]
	at java.base/java.lang.ClassLoader.loadClass(ClassLoader.java:638) [?:?]
	at java.base/java.lang.Class.forName(Class.java:625) [?:?]
	at java.base/java.lang.Class.forName(Class.java:600) [?:?]
	at MC-BOOTSTRAP/fml_earlydisplay@4.0.42/net.neoforged.fml.earlydisplay.DisplayWindow.updateModuleReads(DisplayWindow.java:605) [earlydisplay-4.0.42.jar%23149!/:4.0]
	at MC-BOOTSTRAP/fml_loader@4.0.42/net.neoforged.fml.loading.ImmediateWindowHandler.acceptGameLayer(ImmediateWindowHandler.java:94) [loader-4.0.42.jar%23150!/:4.0]
	at MC-BOOTSTRAP/fml_loader@4.0.42/net.neoforged.fml.loading.FMLLoader.beforeStart(FMLLoader.java:166) [loader-4.0.42.jar%23150!/:4.0]
	at MC-BOOTSTRAP/fml_loader@4.0.42/net.neoforged.fml.loading.targets.CommonLaunchHandler.launchService(CommonLaunchHandler.java:115) [loader-4.0.42.jar%23150!/:4.0]
	at MC-BOOTSTRAP/cpw.mods.modlauncher@11.0.5/cpw.mods.modlauncher.LaunchServiceHandlerDecorator.launch(LaunchServiceHandlerDecorator.java:30) [modlauncher-11.0.5.jar%23132!/:?]
	at MC-BOOTSTRAP/cpw.mods.modlauncher@11.0.5/cpw.mods.modlauncher.LaunchServiceHandler.launch(LaunchServiceHandler.java:53) [modlauncher-11.0.5.jar%23132!/:?]
	at MC-BOOTSTRAP/cpw.mods.modlauncher@11.0.5/cpw.mods.modlauncher.LaunchServiceHandler.launch(LaunchServiceHandler.java:71) [modlauncher-11.0.5.jar%23132!/:?]
	at MC-BOOTSTRAP/cpw.mods.modlauncher@11.0.5/cpw.mods.modlauncher.Launcher.run(Launcher.java:103) [modlauncher-11.0.5.jar%23132!/:?]
	at MC-BOOTSTRAP/cpw.mods.modlauncher@11.0.5/cpw.mods.modlauncher.Launcher.main(Launcher.java:74) [modlauncher-11.0.5.jar%23132!/:?]
	at MC-BOOTSTRAP/cpw.mods.modlauncher@11.0.5/cpw.mods.modlauncher.BootstrapLaunchConsumer.accept(BootstrapLaunchConsumer.java:26) [modlauncher-11.0.5.jar%23132!/:?]
	at MC-BOOTSTRAP/cpw.mods.modlauncher@11.0.5/cpw.mods.modlauncher.BootstrapLaunchConsumer.accept(BootstrapLaunchConsumer.java:23) [modlauncher-11.0.5.jar%23132!/:?]
	at cpw.mods.bootstraplauncher@2.0.2/cpw.mods.bootstraplauncher.BootstrapLauncher.run(BootstrapLauncher.java:210) [bootstraplauncher-2.0.2.jar:?]
	at cpw.mods.bootstraplauncher@2.0.2/cpw.mods.bootstraplauncher.BootstrapLauncher.main(BootstrapLauncher.java:69) [bootstraplauncher-2.0.2.jar:?]
[04июл.2026 11:23:06.486] [main/WARN] [mixin/]: Error loading class: net/irisshaders/iris/pipeline/PipelineManager (java.lang.ClassNotFoundException: net.irisshaders.iris.pipeline.PipelineManager)
[04июл.2026 11:23:06.486] [main/TRACE] [mixin/]: Added class metadata for net/irisshaders/iris/pipeline/PipelineManager to metadata cache
[04июл.2026 11:23:06.487] [main/WARN] [mixin/]: @Mixin target net.irisshaders.iris.pipeline.PipelineManager was not found veil.neoforge.mixins.json:client.perspective.iris.PipelineManagerMixin from mod veil
[04июл.2026 11:23:06.487] [main/DEBUG] [mixin/]: Preparing simulated.mixins.json (83)
[04июл.2026 11:23:06.493] [main/TRACE] [mixin/]: Added class metadata for net/minecraft/world/phys/AABB to metadata cache
[04июл.2026 11:23:06.494] [main/DEBUG] [net.neoforged.accesstransformer.AccessTransformer/AXFORM]: Transforming net.minecraft.world.level.block.state.BlockBehaviour METHOD propertiesCodec()Lcom/mojang/serialization/codecs/RecordCodecBuilder; to access PUBLIC and LEAVE
[04июл.2026 11:23:06.494] [main/TRACE] [mixin/]: Added class metadata for net/minecraft/world/level/block/state/BlockBehaviour to metadata cache
[04июл.2026 11:23:06.497] [main/TRACE] [mixin/]: Added class metadata for com/simibubi/create/content/contraptions/Contraption to metadata cache
[04июл.2026 11:23:06.497] [main/TRACE] [mixin/]: Added class metadata for com/simibubi/create/content/contraptions/ControlledContraptionEntity to metadata cache
[04июл.2026 11:23:06.497] [main/TRACE] [mixin/]: Added class metadata for com/simibubi/create/foundation/data/CreateBlockEntityBuilder to metadata cache
[04июл.2026 11:23:06.497] [main/TRACE] [mixin/]: Added class metadata for net/createmod/ponder/foundation/element/ParrotElementImpl to metadata cache
[04июл.2026 11:23:06.498] [main/TRACE] [mixin/]: Added class metadata for com/simibubi/create/content/redstone/link/RedstoneLinkBlockEntity to metadata cache
[04июл.2026 11:23:06.498] [main/TRACE] [mixin/]: Added class metadata for net/createmod/ponder/foundation/element/WorldSectionElementImpl to metadata cache
[04июл.2026 11:23:06.499] [main/TRACE] [mixin/]: Added class metadata for dev/ryanhcode/sable/sublevel/ServerSubLevel to metadata cache
[04июл.2026 11:23:06.499] [main/TRACE] [mixin/]: Added class metadata for com/simibubi/create/content/decoration/girder/GirderBlock to metadata cache
[04июл.2026 11:23:06.500] [main/TRACE] [mixin/]: Added class metadata for com/simibubi/create/content/redstone/displayLink/DisplayLinkBlockEntity to metadata cache
[04июл.2026 11:23:06.500] [main/TRACE] [mixin/]: Added class metadata for com/simibubi/create/content/contraptions/bearing/ClockworkBearingBlockEntity to metadata cache
[04июл.2026 11:23:06.501] [main/TRACE] [mixin/]: Added class metadata for com/simibubi/create/content/contraptions/elevator/ElevatorPulleyBlockEntity to metadata cache
[04июл.2026 11:23:06.501] [main/TRACE] [mixin/]: Added class metadata for com/simibubi/create/content/contraptions/piston/LinearActuatorBlockEntity to metadata cache
[04июл.2026 11:23:06.502] [main/TRACE] [mixin/]: Added class metadata for com/simibubi/create/content/contraptions/bearing/MechanicalBearingBlockEntity to metadata cache
[04июл.2026 11:23:06.502] [main/DEBUG] [net.neoforged.accesstransformer.AccessTransformer/AXFORM]: Transforming net.minecraft.world.item.CreativeModeTab INNERCLASS TabVisibility to access PUBLIC and LEAVE
[04июл.2026 11:23:06.502] [main/TRACE] [mixin/]: Added class metadata for net/minecraft/world/item/CreativeModeTab to metadata cache
[04июл.2026 11:23:06.503] [main/TRACE] [mixin/]: Added class metadata for com/simibubi/create/content/kinetics/fan/AirCurrent to metadata cache
[04июл.2026 11:23:06.503] [main/TRACE] [mixin/]: Added class metadata for com/simibubi/create/foundation/item/KineticStats to metadata cache
[04июл.2026 11:23:06.504] [main/TRACE] [mixin/]: Added class metadata for dev/ryanhcode/sable/sublevel/render/dispatcher/VanillaSubLevelRenderDispatcher to metadata cache
[04июл.2026 11:23:06.504] [main/TRACE] [mixin/]: Added class metadata for com/simibubi/create/content/equipment/extendoGrip/ExtendoGripItem to metadata cache
[04июл.2026 11:23:06.504] [main/TRACE] [mixin/]: Added class metadata for com/simibubi/create/content/kinetics/simpleRelays/encased/EncasedCogwheelBlock to metadata cache
[04июл.2026 11:23:06.504] [main/TRACE] [mixin/]: Added class metadata for com/simibubi/create/content/kinetics/base/GeneratingKineticBlockEntity to metadata cache
[04июл.2026 11:23:06.506] [main/TRACE] [mixin/]: Added class metadata for com/simibubi/create/content/kinetics/base/KineticBlockEntity to metadata cache
[04июл.2026 11:23:06.506] [main/TRACE] [mixin/]: Added class metadata for com/simibubi/create/content/kinetics/base/KineticBlock to metadata cache
[04июл.2026 11:23:06.507] [main/TRACE] [mixin/]: Added class metadata for com/simibubi/create/content/kinetics/KineticNetwork to metadata cache
[04июл.2026 11:23:06.507] [main/TRACE] [mixin/]: Added class metadata for com/simibubi/create/content/kinetics/RotationPropagator to metadata cache
[04июл.2026 11:23:06.507] [main/TRACE] [mixin/]: Added class metadata for com/simibubi/create/content/kinetics/base/HorizontalKineticBlock to metadata cache
[04июл.2026 11:23:06.508] [main/TRACE] [mixin/]: Added class metadata for com/simibubi/create/content/kinetics/base/DirectionalAxisKineticBlock to metadata cache
[04июл.2026 11:23:06.508] [main/TRACE] [mixin/]: Added class metadata for com/simibubi/create/content/kinetics/base/DirectionalKineticBlock to metadata cache
[04июл.2026 11:23:06.508] [main/TRACE] [mixin/]: Added class metadata for com/simibubi/create/content/kinetics/base/HorizontalAxisKineticBlock to metadata cache
[04июл.2026 11:23:06.508] [main/TRACE] [mixin/]: Added class metadata for com/simibubi/create/content/kinetics/base/RotatedPillarKineticBlock to metadata cache
[04июл.2026 11:23:06.508] [main/TRACE] [mixin/]: Added class metadata for net/minecraft/world/item/ArmorStandItem to metadata cache
[04июл.2026 11:23:06.508] [main/TRACE] [mixin/]: Added class metadata for com/simibubi/create/content/redstone/link/controller/LinkedControllerItem to metadata cache
[04июл.2026 11:23:06.509] [main/TRACE] [mixin/]: Added class metadata for net/minecraft/world/item/CompassItem to metadata cache
[04июл.2026 11:23:06.509] [main/TRACE] [mixin/]: Added class metadata for com/simibubi/create/content/redstone/nixieTube/NixieTubeBlock to metadata cache
[04июл.2026 11:23:06.510] [main/TRACE] [mixin/]: Added class metadata for com/simibubi/create/content/redstone/link/RedstoneLinkBlock to metadata cache
[04июл.2026 11:23:06.511] [main/DEBUG] [net.neoforged.accesstransformer.AccessTransformer/AXFORM]: Transforming net.minecraft.world.entity.player.Player METHOD closeContainer()V to access PUBLIC and LEAVE
[04июл.2026 11:23:06.513] [main/TRACE] [mixin/]: Added class metadata for net/minecraft/world/entity/player/Player to metadata cache
[04июл.2026 11:23:06.513] [main/TRACE] [mixin/]: Added class metadata for net/createmod/ponder/foundation/element/TextWindowElement to metadata cache
[04июл.2026 11:23:06.514] [main/TRACE] [mixin/]: Added class metadata for dev/ryanhcode/sable/SableCommonEvents to metadata cache
[04июл.2026 11:23:06.514] [main/TRACE] [mixin/]: Added class metadata for com/simibubi/create/content/schematics/SchematicPrinter to metadata cache
[04июл.2026 11:23:06.515] [main/TRACE] [mixin/]: Added class metadata for mezz/jei/library/plugins/vanilla/ingredients/ItemStackListFactory to metadata cache
[04июл.2026 11:23:06.515] [main/TRACE] [mixin/]: Added class metadata for net/minecraft/world/item/TooltipFlag$Default to metadata cache
[04июл.2026 11:23:06.516] [main/TRACE] [mixin/]: Added class metadata for net/minecraft/world/level/block/ComparatorBlock to metadata cache
[04июл.2026 11:23:06.517] [main/TRACE] [mixin/]: Added class metadata for net/minecraft/world/level/storage/PrimaryLevelData to metadata cache
[04июл.2026 11:23:06.520] [main/DEBUG] [net.neoforged.fml.common.asm.RuntimeDistCleaner/DISTXFORM]: Removing Class Annotation: net/minecraft/client/gui/screens/inventory/AbstractContainerScreen @Lnet/neoforged/api/distmarker/OnlyIn;
[04июл.2026 11:23:06.521] [main/TRACE] [mixin/]: Added class metadata for net/minecraft/client/gui/screens/inventory/AbstractContainerScreen to metadata cache
[04июл.2026 11:23:06.522] [main/DEBUG] [net.neoforged.accesstransformer.AccessTransformer/AXFORM]: Transforming net.minecraft.client.KeyMapping FIELD isDown to access DEFAULT and LEAVE
[04июл.2026 11:23:06.522] [main/DEBUG] [net.neoforged.fml.common.asm.RuntimeDistCleaner/DISTXFORM]: Removing Class Annotation: net/minecraft/client/KeyMapping @Lnet/neoforged/api/distmarker/OnlyIn;
[04июл.2026 11:23:06.522] [main/TRACE] [mixin/]: Added class metadata for net/minecraft/client/KeyMapping to metadata cache
[04июл.2026 11:23:06.523] [main/TRACE] [mixin/]: Added class metadata for com/simibubi/create/content/redstone/displayLink/DisplayLinkScreen to metadata cache
[04июл.2026 11:23:06.524] [main/DEBUG] [net.neoforged.fml.common.asm.RuntimeDistCleaner/DISTXFORM]: Removing Class Annotation: net/minecraft/client/gui/screens/inventory/CreativeModeInventoryScreen @Lnet/neoforged/api/distmarker/OnlyIn;
[04июл.2026 11:23:06.524] [main/TRACE] [mixin/]: Added class metadata for net/minecraft/client/gui/screens/inventory/CreativeModeInventoryScreen to metadata cache
[04июл.2026 11:23:06.524] [main/DEBUG] [net.neoforged.fml.common.asm.RuntimeDistCleaner/DISTXFORM]: Removing Class Annotation: net/minecraft/client/gui/screens/inventory/CreativeModeInventoryScreen$ItemPickerMenu @Lnet/neoforged/api/distmarker/OnlyIn;
[04июл.2026 11:23:06.525] [main/TRACE] [mixin/]: Added class metadata for net/minecraft/client/gui/screens/inventory/CreativeModeInventoryScreen$ItemPickerMenu to metadata cache
[04июл.2026 11:23:06.525] [main/DEBUG] [net.neoforged.accesstransformer.AccessTransformer/AXFORM]: Transforming net.minecraft.client.renderer.texture.SpriteContents INNERCLASS Ticker to access PUBLIC and LEAVE
[04июл.2026 11:23:06.525] [main/DEBUG] [net.neoforged.accesstransformer.AccessTransformer/AXFORM]: Transforming net.minecraft.client.renderer.texture.SpriteContents FIELD byMipLevel to access PUBLIC and LEAVE
[04июл.2026 11:23:06.525] [main/DEBUG] [net.neoforged.accesstransformer.AccessTransformer/AXFORM]: Transforming net.minecraft.client.renderer.texture.SpriteContents FIELD animatedTexture to access DEFAULT and LEAVE
[04июл.2026 11:23:06.525] [main/DEBUG] [net.neoforged.fml.common.asm.RuntimeDistCleaner/DISTXFORM]: Removing Class Annotation: net/minecraft/client/renderer/texture/SpriteContents @Lnet/neoforged/api/distmarker/OnlyIn;
[04июл.2026 11:23:06.525] [main/TRACE] [mixin/]: Added class metadata for net/minecraft/client/renderer/texture/SpriteContents to metadata cache
[04июл.2026 11:23:06.526] [main/DEBUG] [net.neoforged.accesstransformer.AccessTransformer/AXFORM]: Transforming net.minecraft.client.renderer.texture.SpriteContents$Ticker CLASS to access PUBLIC and LEAVE
[04июл.2026 11:23:06.526] [main/DEBUG] [net.neoforged.fml.common.asm.RuntimeDistCleaner/DISTXFORM]: Removing Class Annotation: net/minecraft/client/renderer/texture/SpriteContents$Ticker @Lnet/neoforged/api/distmarker/OnlyIn;
[04июл.2026 11:23:06.526] [main/TRACE] [mixin/]: Added class metadata for net/minecraft/client/renderer/texture/SpriteContents$Ticker to metadata cache
[04июл.2026 11:23:06.526] [main/DEBUG] [mixin/]: @Mixin target net.minecraft.client.renderer.texture.SpriteContents$Ticker is public in simulated.mixins.json:creative_tab_sections.SpriteContentsTickerMixin from mod simulated and should be specified in value
[04июл.2026 11:23:06.526] [main/DEBUG] [net.neoforged.fml.common.asm.RuntimeDistCleaner/DISTXFORM]: Removing Class Annotation: net/minecraft/client/renderer/LightTexture @Lnet/neoforged/api/distmarker/OnlyIn;
[04июл.2026 11:23:06.527] [main/TRACE] [mixin/]: Added class metadata for net/minecraft/client/renderer/LightTexture to metadata cache
[04июл.2026 11:23:06.527] [main/TRACE] [mixin/]: Added class metadata for com/simibubi/create/content/equipment/extendoGrip/ExtendoGripRenderHandler to metadata cache
[04июл.2026 11:23:06.527] [main/DEBUG] [net.neoforged.fml.common.asm.RuntimeDistCleaner/DISTXFORM]: Removing Class Annotation: net/minecraft/client/model/HumanoidModel @Lnet/neoforged/api/distmarker/OnlyIn;
[04июл.2026 11:23:06.528] [main/TRACE] [mixin/]: Added class metadata for net/minecraft/client/model/HumanoidModel to metadata cache
[04июл.2026 11:23:06.528] [main/DEBUG] [net.neoforged.accesstransformer.AccessTransformer/AXFORM]: Transforming net.minecraft.client.player.LocalPlayer METHOD getPermissionLevel()I to access PUBLIC and LEAVE
[04июл.2026 11:23:06.528] [main/DEBUG] [net.neoforged.fml.common.asm.RuntimeDistCleaner/DISTXFORM]: Removing Class Annotation: net/minecraft/client/player/LocalPlayer @Lnet/neoforged/api/distmarker/OnlyIn;
[04июл.2026 11:23:06.531] [main/TRACE] [mixin/]: Added class metadata for net/minecraft/client/player/LocalPlayer to metadata cache
[04июл.2026 11:23:06.531] [main/TRACE] [mixin/]: Added class metadata for com/simibubi/create/content/equipment/goggles/GoggleOverlayRenderer to metadata cache
[04июл.2026 11:23:06.531] [main/DEBUG] [net.neoforged.fml.common.asm.RuntimeDistCleaner/DISTXFORM]: Removing Class Annotation: net/minecraft/client/MouseHandler @Lnet/neoforged/api/distmarker/OnlyIn;
[04июл.2026 11:23:06.531] [main/TRACE] [mixin/]: Added class metadata for net/minecraft/client/MouseHandler to metadata cache
[04июл.2026 11:23:06.532] [main/TRACE] [mixin/]: Added class metadata for net/createmod/ponder/foundation/PonderTooltipHandler to metadata cache
[04июл.2026 11:23:06.532] [main/DEBUG] [net.neoforged.fml.common.asm.RuntimeDistCleaner/DISTXFORM]: Removing Class Annotation: net/minecraft/client/renderer/item/CompassItemPropertyFunction @Lnet/neoforged/api/distmarker/OnlyIn;
[04июл.2026 11:23:06.532] [main/TRACE] [mixin/]: Added class metadata for net/minecraft/client/renderer/item/CompassItemPropertyFunction to metadata cache
[04июл.2026 11:23:06.532] [main/TRACE] [mixin/]: Added class metadata for net/createmod/ponder/foundation/registration/PonderSceneRegistry to metadata cache
[04июл.2026 11:23:06.534] [main/TRACE] [mixin/]: Added class metadata for net/createmod/ponder/foundation/ui/PonderUI to metadata cache
[04июл.2026 11:23:06.534] [main/DEBUG] [net.neoforged.fml.common.asm.RuntimeDistCleaner/DISTXFORM]: Removing Class Annotation: net/minecraft/client/gui/GuiGraphics @Lnet/neoforged/api/distmarker/OnlyIn;
[04июл.2026 11:23:06.536] [main/TRACE] [mixin/]: Added class metadata for net/minecraft/client/gui/GuiGraphics to metadata cache
[04июл.2026 11:23:06.537] [main/TRACE] [mixin/]: Added class metadata for net/createmod/ponder/foundation/PonderScene to metadata cache
[04июл.2026 11:23:06.537] [main/TRACE] [mixin/]: Added class metadata for net/createmod/ponder/foundation/PonderScene$SceneTransform to metadata cache
[04июл.2026 11:23:06.538] [main/DEBUG] [net.neoforged.fml.common.asm.RuntimeDistCleaner/DISTXFORM]: Removing Class Annotation: net/minecraft/client/multiplayer/MultiPlayerGameMode @Lnet/neoforged/api/distmarker/OnlyIn;
[04июл.2026 11:23:06.538] [main/TRACE] [mixin/]: Added class metadata for net/minecraft/client/multiplayer/MultiPlayerGameMode to metadata cache
[04июл.2026 11:23:06.539] [main/TRACE] [mixin/]: Added class metadata for dev/ryanhcode/sable/api/sublevel/ClientSubLevelContainer to metadata cache
[04июл.2026 11:23:06.539] [main/DEBUG] [net.neoforged.accesstransformer.AccessTransformer/AXFORM]: Transforming net.minecraft.client.multiplayer.SessionSearchTrees INNERCLASS Key to access PUBLIC and LEAVE
[04июл.2026 11:23:06.539] [main/DEBUG] [net.neoforged.accesstransformer.AccessTransformer/AXFORM]: Transforming net.minecraft.client.multiplayer.SessionSearchTrees FIELD CREATIVE_NAMES to access PUBLIC and LEAVE
[04июл.2026 11:23:06.539] [main/DEBUG] [net.neoforged.accesstransformer.AccessTransformer/AXFORM]: Transforming net.minecraft.client.multiplayer.SessionSearchTrees FIELD CREATIVE_TAGS to access PUBLIC and LEAVE
[04июл.2026 11:23:06.539] [main/DEBUG] [net.neoforged.fml.common.asm.RuntimeDistCleaner/DISTXFORM]: Removing Class Annotation: net/minecraft/client/multiplayer/SessionSearchTrees @Lnet/neoforged/api/distmarker/OnlyIn;
[04июл.2026 11:23:06.539] [main/TRACE] [mixin/]: Added class metadata for net/minecraft/client/multiplayer/SessionSearchTrees to metadata cache
[04июл.2026 11:23:06.540] [main/DEBUG] [net.neoforged.fml.common.asm.RuntimeDistCleaner/DISTXFORM]: Removing Class Annotation: net/minecraft/client/gui/screens/worldselection/CreateWorldScreen @Lnet/neoforged/api/distmarker/OnlyIn;
[04июл.2026 11:23:06.540] [main/TRACE] [mixin/]: Added class metadata for net/minecraft/client/gui/screens/worldselection/CreateWorldScreen to metadata cache
[04июл.2026 11:23:06.541] [main/DEBUG] [net.neoforged.fml.common.asm.RuntimeDistCleaner/DISTXFORM]: Removing Class Annotation: net/minecraft/client/gui/screens/worldselection/CreateWorldScreen$WorldTab @Lnet/neoforged/api/distmarker/OnlyIn;
[04июл.2026 11:23:06.541] [main/TRACE] [mixin/]: Added class metadata for net/minecraft/client/gui/screens/worldselection/CreateWorldScreen$WorldTab to metadata cache
[04июл.2026 11:23:06.541] [main/DEBUG] [mixin/]: Preparing simulated-neoforge.mixins.json (12)
[04июл.2026 11:23:06.541] [main/TRACE] [mixin/]: Added class metadata for com/simibubi/create/content/kinetics/base/BlockBreakingKineticBlockEntity to metadata cache
[04июл.2026 11:23:06.542] [main/TRACE] [mixin/]: Added class metadata for com/simibubi/create/content/contraptions/actors/harvester/HarvesterBlockEntity to metadata cache
[04июл.2026 11:23:06.542] [main/TRACE] [mixin/]: Added class metadata for dev/ryanhcode/sable/neoforge/mixinhelper/compatibility/create/harvester/HarvesterTicker to metadata cache
[04июл.2026 11:23:06.542] [main/TRACE] [mixin/]: Added class metadata for com/simibubi/create/content/kinetics/saw/SawBlockEntity to metadata cache
[04июл.2026 11:23:06.542] [main/TRACE] [mixin/]: Added class metadata for dev/simulated_team/simulated/content/physics_staff/PhysicsStaffItem to metadata cache
[04июл.2026 11:23:06.542] [main/TRACE] [mixin/]: Added class metadata for dev/simulated_team/simulated/multiloader/CommonRedstoneBlock to metadata cache
[04июл.2026 11:23:06.543] [main/TRACE] [mixin/]: Added class metadata for dev/simulated_team/simulated/content/entities/diagram/DiagramEntity to metadata cache
[04июл.2026 11:23:06.543] [main/TRACE] [mixin/]: Added class metadata for dev/simulated_team/simulated/content/entities/honey_glue/HoneyGlueEntity to metadata cache
[04июл.2026 11:23:06.544] [main/TRACE] [mixin/]: Added class metadata for dev/simulated_team/simulated/content/items/plunger_launcher/PlungerLauncherItem to metadata cache
[04июл.2026 11:23:06.544] [main/TRACE] [mixin/]: Added class metadata for dev/engine_room/flywheel/impl/visualization/VisualizationManagerImpl to metadata cache
[04июл.2026 11:23:06.544] [main/TRACE] [mixin/]: Added class metadata for dev/engine_room/flywheel/impl/visualization/VisualManagerImpl to metadata cache
[04июл.2026 11:23:06.544] [main/TRACE] [mixin/]: Added class metadata for net/neoforged/neoforge/client/ClientTooltipFlag to metadata cache
[04июл.2026 11:23:06.544] [main/DEBUG] [mixin/]: Preparing aeronautics.mixins.json (29)
[04июл.2026 11:23:06.547] [main/TRACE] [mixin/]: Added class metadata for dev/simulated_team/simulated/util/SimAssemblyHelper to metadata cache
[04июл.2026 11:23:06.547] [main/TRACE] [mixin/]: Added class metadata for dev/ryanhcode/sable/api/SubLevelAssemblyHelper to metadata cache
[04июл.2026 11:23:06.547] [main/TRACE] [mixin/]: Added class metadata for com/simibubi/create/content/kinetics/flywheel/FlywheelBlockEntity to metadata cache
[04июл.2026 11:23:06.548] [main/TRACE] [mixin/]: Added class metadata for net/minecraft/world/entity/item/ItemEntity to metadata cache
[04июл.2026 11:23:06.549] [main/DEBUG] [net.neoforged.accesstransformer.AccessTransformer/AXFORM]: Transforming net.minecraft.world.level.block.Block METHOD popExperience(Lnet/minecraft/server/level/ServerLevel;Lnet/minecraft/core/BlockPos;I)V to access PUBLIC and LEAVE
[04июл.2026 11:23:06.550] [main/TRACE] [mixin/]: Added class metadata for net/minecraft/world/level/block/Block to metadata cache
[04июл.2026 11:23:06.550] [main/TRACE] [mixin/]: Added class metadata for com/simibubi/create/content/kinetics/waterwheel/WaterWheelBlockEntity to metadata cache
[04июл.2026 11:23:06.550] [main/TRACE] [mixin/]: Added class metadata for net/createmod/ponder/foundation/instruction/DisplayWorldSectionInstruction to metadata cache
[04июл.2026 11:23:06.550] [main/TRACE] [mixin/]: Added class metadata for net/createmod/ponder/foundation/instruction/TickingInstruction to metadata cache
[04июл.2026 11:23:06.551] [main/TRACE] [mixin/]: Added class metadata for com/simibubi/create/content/equipment/potatoCannon/PotatoProjectileEntity to metadata cache
[04июл.2026 11:23:06.551] [main/TRACE] [mixin/]: Added class metadata for com/simibubi/create/content/contraptions/bearing/BearingContraption to metadata cache
[04июл.2026 11:23:06.551] [main/TRACE] [mixin/]: Added class metadata for dev/eriksonn/aeronautics/content/blocks/propeller/bearing/contraption/PropellerBearingContraptionEntity to metadata cache
[04июл.2026 11:23:06.552] [main/TRACE] [mixin/]: Added class metadata for com/simibubi/create/content/contraptions/ContraptionCollider to metadata cache
[04июл.2026 11:23:06.553] [main/TRACE] [mixin/]: Added class metadata for net/minecraft/world/item/ShearsItem to metadata cache
[04июл.2026 11:23:06.553] [main/TRACE] [mixin/]: Added class metadata for com/simibubi/create/content/fluids/tank/BoilerData to metadata cache
[04июл.2026 11:23:06.555] [main/TRACE] [mixin/]: Added class metadata for net/neoforged/neoforge/client/ChunkRenderTypeSet to metadata cache
[04июл.2026 11:23:06.555] [main/TRACE] [mixin/]: Added class metadata for net/minecraft/world/level/chunk/LevelChunk to metadata cache
[04июл.2026 11:23:06.556] [main/DEBUG] [net.neoforged.fml.common.asm.RuntimeDistCleaner/DISTXFORM]: Removing Class Annotation: net/minecraft/client/sounds/MusicManager @Lnet/neoforged/api/distmarker/OnlyIn;
[04июл.2026 11:23:06.556] [main/TRACE] [mixin/]: Added class metadata for net/minecraft/client/sounds/MusicManager to metadata cache
[04июл.2026 11:23:06.556] [main/DEBUG] [net.neoforged.fml.common.asm.RuntimeDistCleaner/DISTXFORM]: Removing Class Annotation: net/minecraft/client/particle/TerrainParticle @Lnet/neoforged/api/distmarker/OnlyIn;
[04июл.2026 11:23:06.556] [main/TRACE] [mixin/]: Added class metadata for net/minecraft/client/particle/TerrainParticle to metadata cache
[04июл.2026 11:23:06.556] [main/TRACE] [mixin/]: Added class metadata for dev/ryanhcode/sable/sublevel/render/vanilla/VanillaChunkedSubLevelRenderData to metadata cache
[04июл.2026 11:23:06.556] [main/DEBUG] [mixin/]: Preparing aeronautics.neoforge.mixins.json (1)
[04июл.2026 11:23:06.557] [main/DEBUG] [net.neoforged.accesstransformer.AccessTransformer/AXFORM]: Transforming net.minecraft.client.renderer.block.BlockRenderDispatcher FIELD modelRenderer to access PUBLIC and LEAVE
[04июл.2026 11:23:06.557] [main/DEBUG] [net.neoforged.fml.common.asm.RuntimeDistCleaner/DISTXFORM]: Removing Class Annotation: net/minecraft/client/renderer/block/BlockRenderDispatcher @Lnet/neoforged/api/distmarker/OnlyIn;
[04июл.2026 11:23:06.557] [main/TRACE] [mixin/]: Added class metadata for net/minecraft/client/renderer/block/BlockRenderDispatcher to metadata cache
[04июл.2026 11:23:06.557] [main/DEBUG] [mixin/]: Preparing flywheel.backend.mixins.json (9)
[04июл.2026 11:23:06.558] [main/DEBUG] [net.neoforged.fml.common.asm.RuntimeDistCleaner/DISTXFORM]: Removing Class Annotation: net/minecraft/client/player/AbstractClientPlayer @Lnet/neoforged/api/distmarker/OnlyIn;
[04июл.2026 11:23:06.558] [main/TRACE] [mixin/]: Added class metadata for net/minecraft/client/player/AbstractClientPlayer to metadata cache
[04июл.2026 11:23:06.559] [main/DEBUG] [net.neoforged.accesstransformer.AccessTransformer/AXFORM]: Transforming net.minecraft.client.Options INNERCLASS FieldAccess to access PUBLIC and LEAVE
[04июл.2026 11:23:06.559] [main/DEBUG] [net.neoforged.accesstransformer.AccessTransformer/AXFORM]: Transforming net.minecraft.client.Options FIELD keyMappings to access PUBLIC and REMOVEFINAL
[04июл.2026 11:23:06.559] [main/DEBUG] [net.neoforged.fml.common.asm.RuntimeDistCleaner/DISTXFORM]: Removing Class Annotation: net/minecraft/client/Options @Lnet/neoforged/api/distmarker/OnlyIn;
[04июл.2026 11:23:06.561] [main/TRACE] [mixin/]: Added class metadata for net/minecraft/client/Options to metadata cache
[04июл.2026 11:23:06.562] [main/TRACE] [mixin/]: Added class metadata for net/minecraft/world/level/lighting/LayerLightSectionStorage to metadata cache
[04июл.2026 11:23:06.562] [main/TRACE] [mixin/]: Added class metadata for net/minecraft/world/level/lighting/LightEngine to metadata cache
[04июл.2026 11:23:06.562] [main/TRACE] [mixin/]: Added class metadata for net/minecraft/world/level/lighting/SkyLightSectionStorage$SkyDataLayerStorageMap to metadata cache
[04июл.2026 11:23:06.562] [main/TRACE] [mixin/]: Added class metadata for net/minecraft/world/level/lighting/SkyLightSectionStorage to metadata cache
[04июл.2026 11:23:06.562] [main/DEBUG] [mixin/]: Preparing flywheel.impl.mixins.json (14)
[04июл.2026 11:23:06.564] [main/DEBUG] [net.neoforged.accesstransformer.AccessTransformer/AXFORM]: Transforming net.minecraft.world.level.block.entity.BlockEntityType INNERCLASS BlockEntitySupplier to access PUBLIC and LEAVE
[04июл.2026 11:23:06.564] [main/TRACE] [mixin/]: Added class metadata for net/minecraft/world/level/block/entity/BlockEntityType to metadata cache
[04июл.2026 11:23:06.564] [main/DEBUG] [net.neoforged.accesstransformer.AccessTransformer/AXFORM]: Transforming net.minecraft.client.multiplayer.ClientChunkCache INNERCLASS Storage to access PUBLIC and LEAVE
[04июл.2026 11:23:06.564] [main/DEBUG] [net.neoforged.fml.common.asm.RuntimeDistCleaner/DISTXFORM]: Removing Class Annotation: net/minecraft/client/multiplayer/ClientChunkCache @Lnet/neoforged/api/distmarker/OnlyIn;
[04июл.2026 11:23:06.564] [main/TRACE] [mixin/]: Added class metadata for net/minecraft/client/multiplayer/ClientChunkCache to metadata cache
[04июл.2026 11:23:06.572] [main/TRACE] [mixin/]: Added class metadata for net/minecraft/world/entity/EntityType to metadata cache
[04июл.2026 11:23:06.574] [main/DEBUG] [net.neoforged.accesstransformer.AccessTransformer/AXFORM]: Transforming net.minecraft.world.level.Level FIELD oRainLevel to access PUBLIC and LEAVE
[04июл.2026 11:23:06.574] [main/DEBUG] [net.neoforged.accesstransformer.AccessTransformer/AXFORM]: Transforming net.minecraft.world.level.Level FIELD rainLevel to access PUBLIC and LEAVE
[04июл.2026 11:23:06.574] [main/DEBUG] [net.neoforged.accesstransformer.AccessTransformer/AXFORM]: Transforming net.minecraft.world.level.Level FIELD oThunderLevel to access PUBLIC and LEAVE
[04июл.2026 11:23:06.574] [main/DEBUG] [net.neoforged.accesstransformer.AccessTransformer/AXFORM]: Transforming net.minecraft.world.level.Level FIELD thunderLevel to access PUBLIC and LEAVE
[04июл.2026 11:23:06.575] [main/TRACE] [mixin/]: Added class metadata for net/minecraft/world/level/Level to metadata cache
[04июл.2026 11:23:06.575] [main/DEBUG] [net.neoforged.accesstransformer.AccessTransformer/AXFORM]: Transforming net.minecraft.client.model.geom.ModelPart FIELD cubes to access PUBLIC and LEAVE
[04июл.2026 11:23:06.575] [main/DEBUG] [net.neoforged.accesstransformer.AccessTransformer/AXFORM]: Transforming net.minecraft.client.model.geom.ModelPart FIELD children to access PUBLIC and LEAVE
[04июл.2026 11:23:06.575] [main/DEBUG] [net.neoforged.fml.common.asm.RuntimeDistCleaner/DISTXFORM]: Removing Class Annotation: net/minecraft/client/model/geom/ModelPart @Lnet/neoforged/api/distmarker/OnlyIn;
[04июл.2026 11:23:06.575] [main/TRACE] [mixin/]: Added class metadata for net/minecraft/client/model/geom/ModelPart to metadata cache
[04июл.2026 11:23:06.575] [main/TRACE] [mixin/]: Added class metadata for net/minecraft/world/level/block/entity/BlockEntity to metadata cache
[04июл.2026 11:23:06.575] [main/DEBUG] [net.neoforged.fml.common.asm.RuntimeDistCleaner/DISTXFORM]: Removing Class Annotation: net/minecraft/client/renderer/chunk/SectionCompiler @Lnet/neoforged/api/distmarker/OnlyIn;
[04июл.2026 11:23:06.577] [main/TRACE] [mixin/]: Added class metadata for net/minecraft/client/renderer/chunk/SectionCompiler to metadata cache
[04июл.2026 11:23:06.577] [main/DEBUG] [mixin/]: Preparing flywheel.impl.neoforge.mixins.json (1)
[04июл.2026 11:23:06.582] [main/DEBUG] [net.neoforged.accesstransformer.AccessTransformer/AXFORM]: Transforming net.minecraft.client.renderer.block.ModelBlockRenderer INNERCLASS Cache to access PUBLIC and LEAVE
[04июл.2026 11:23:06.582] [main/DEBUG] [net.neoforged.accesstransformer.AccessTransformer/AXFORM]: Transforming net.minecraft.client.renderer.block.ModelBlockRenderer INNERCLASS AmbientOcclusionFace to access PUBLIC and LEAVE
[04июл.2026 11:23:06.582] [main/DEBUG] [net.neoforged.accesstransformer.AccessTransformer/AXFORM]: Transforming net.minecraft.client.renderer.block.ModelBlockRenderer FIELD CACHE to access PUBLIC and LEAVE
[04июл.2026 11:23:06.582] [main/DEBUG] [net.neoforged.fml.common.asm.RuntimeDistCleaner/DISTXFORM]: Removing Class Annotation: net/minecraft/client/renderer/block/ModelBlockRenderer @Lnet/neoforged/api/distmarker/OnlyIn;
[04июл.2026 11:23:06.582] [main/TRACE] [mixin/]: Added class metadata for net/minecraft/client/renderer/block/ModelBlockRenderer to metadata cache
[04июл.2026 11:23:06.582] [main/DEBUG] [mixin/]: Preparing ponder.mixins.json (1)
[04июл.2026 11:23:06.582] [main/DEBUG] [mixin/]: Preparing ponder-common.mixins.json (12)
[04июл.2026 11:23:06.583] [main/DEBUG] [net.neoforged.accesstransformer.AccessTransformer/AXFORM]: Transforming net.minecraft.world.level.biome.BiomeManager FIELD biomeZoomSeed to access PUBLIC and LEAVE
[04июл.2026 11:23:06.583] [main/TRACE] [mixin/]: Added class metadata for net/minecraft/world/level/biome/BiomeManager to metadata cache
[04июл.2026 11:23:06.584] [main/DEBUG] [net.neoforged.fml.common.asm.RuntimeDistCleaner/DISTXFORM]: Removing Class Annotation: net/minecraft/client/DeltaTracker$Timer @Lnet/neoforged/api/distmarker/OnlyIn;
[04июл.2026 11:23:06.584] [main/TRACE] [mixin/]: Added class metadata for net/minecraft/client/DeltaTracker$Timer to metadata cache
[04июл.2026 11:23:06.584] [main/DEBUG] [net.neoforged.fml.common.asm.RuntimeDistCleaner/DISTXFORM]: Removing Class Annotation: com/mojang/blaze3d/vertex/BufferBuilder @Lnet/neoforged/api/distmarker/OnlyIn;
[04июл.2026 11:23:06.584] [main/TRACE] [mixin/]: Added class metadata for com/mojang/blaze3d/vertex/BufferBuilder to metadata cache
[04июл.2026 11:23:06.587] [main/DEBUG] [net.neoforged.accesstransformer.AccessTransformer/AXFORM]: Transforming net.minecraft.client.multiplayer.ClientPacketListener FIELD serverChunkRadius to access PUBLIC and LEAVE
[04июл.2026 11:23:06.587] [main/DEBUG] [net.neoforged.accesstransformer.AccessTransformer/AXFORM]: Transforming net.minecraft.client.multiplayer.ClientPacketListener FIELD commands to access PUBLIC and LEAVE
[04июл.2026 11:23:06.587] [main/DEBUG] [net.neoforged.fml.common.asm.RuntimeDistCleaner/DISTXFORM]: Removing Class Annotation: net/minecraft/client/multiplayer/ClientPacketListener @Lnet/neoforged/api/distmarker/OnlyIn;
[04июл.2026 11:23:06.589] [main/TRACE] [mixin/]: Added class metadata for net/minecraft/client/multiplayer/ClientPacketListener to metadata cache
[04июл.2026 11:23:06.590] [main/DEBUG] [net.neoforged.accesstransformer.AccessTransformer/AXFORM]: Transforming net.minecraft.client.renderer.entity.ItemRenderer FIELD textureManager to access PUBLIC and LEAVE
[04июл.2026 11:23:06.590] [main/DEBUG] [net.neoforged.accesstransformer.AccessTransformer/AXFORM]: Transforming net.minecraft.client.renderer.entity.ItemRenderer METHOD renderModelLists(Lnet/minecraft/client/resources/model/BakedModel;Lnet/minecraft/world/item/ItemStack;IILcom/mojang/blaze3d/vertex/PoseStack;Lcom/mojang/blaze3d/vertex/VertexConsumer;)V to access PUBLIC and LEAVE
[04июл.2026 11:23:06.590] [main/DEBUG] [net.neoforged.accesstransformer.AccessTransformer/AXFORM]: Transforming net.minecraft.client.renderer.entity.ItemRenderer METHOD renderQuadList(Lcom/mojang/blaze3d/vertex/PoseStack;Lcom/mojang/blaze3d/vertex/VertexConsumer;Ljava/util/List;Lnet/minecraft/world/item/ItemStack;II)V to access PUBLIC and LEAVE
[04июл.2026 11:23:06.590] [main/DEBUG] [net.neoforged.fml.common.asm.RuntimeDistCleaner/DISTXFORM]: Removing Class Annotation: net/minecraft/client/renderer/entity/ItemRenderer @Lnet/neoforged/api/distmarker/OnlyIn;
[04июл.2026 11:23:06.590] [main/TRACE] [mixin/]: Added class metadata for net/minecraft/client/renderer/entity/ItemRenderer to metadata cache
[04июл.2026 11:23:06.592] [main/DEBUG] [net.neoforged.accesstransformer.AccessTransformer/AXFORM]: Transforming net.minecraft.client.gui.screens.Screen FIELD renderables to access PUBLIC and LEAVE
[04июл.2026 11:23:06.592] [main/DEBUG] [net.neoforged.fml.common.asm.RuntimeDistCleaner/DISTXFORM]: Removing Class Annotation: net/minecraft/client/gui/screens/Screen @Lnet/neoforged/api/distmarker/OnlyIn;
[04июл.2026 11:23:06.592] [main/TRACE] [mixin/]: Added class metadata for net/minecraft/client/gui/screens/Screen to metadata cache
[04июл.2026 11:23:06.592] [main/DEBUG] [mixin/]: Preparing create.mixins.json (64)
[04июл.2026 11:23:06.596] [main/TRACE] [mixin/]: Added class metadata for net/minecraft/world/item/armortrim/ArmorTrim to metadata cache
[04июл.2026 11:23:06.596] [main/TRACE] [mixin/]: Added class metadata for net/minecraft/world/level/block/BeehiveBlock to metadata cache
[04июл.2026 11:23:06.597] [main/TRACE] [mixin/]: Added class metadata for net/minecraft/world/item/BlockItem to metadata cache
[04июл.2026 11:23:06.597] [main/TRACE] [mixin/]: Added class metadata for net/minecraft/core/registries/BuiltInRegistries to metadata cache
[04июл.2026 11:23:06.600] [main/DEBUG] [net.neoforged.accesstransformer.AccessTransformer/AXFORM]: Transforming net.minecraft.world.entity.LivingEntity FIELD jumping to access PUBLIC and LEAVE
[04июл.2026 11:23:06.600] [main/DEBUG] [net.neoforged.accesstransformer.AccessTransformer/AXFORM]: Transforming net.minecraft.world.entity.LivingEntity METHOD getHitbox()Lnet/minecraft/world/phys/AABB; to access PUBLIC and LEAVE
[04июл.2026 11:23:06.600] [main/DEBUG] [net.neoforged.accesstransformer.AccessTransformer/AXFORM]: Transforming net.minecraft.world.entity.LivingEntity METHOD getCurrentSwingDuration()I to access PUBLIC and LEAVE
[04июл.2026 11:23:06.600] [main/DEBUG] [net.neoforged.accesstransformer.AccessTransformer/AXFORM]: Transforming net.minecraft.world.entity.LivingEntity METHOD dismountVehicle(Lnet/minecraft/world/entity/Entity;)V to access PUBLIC and LEAVE
[04июл.2026 11:23:06.605] [main/TRACE] [mixin/]: Added class metadata for net/minecraft/world/entity/LivingEntity to metadata cache
[04июл.2026 11:23:06.606] [main/TRACE] [mixin/]: Added class metadata for net/minecraft/world/level/storage/loot/functions/EnchantedCountIncreaseFunction to metadata cache
[04июл.2026 11:23:06.607] [main/DEBUG] [net.neoforged.accesstransformer.AccessTransformer/AXFORM]: Transforming net.minecraft.world.item.ItemStack METHOD addToTooltip(Lnet/minecraft/core/component/DataComponentType;Lnet/minecraft/world/item/Item$TooltipContext;Ljava/util/function/Consumer;Lnet/minecraft/world/item/TooltipFlag;)V to access PUBLIC and LEAVE
[04июл.2026 11:23:06.608] [main/TRACE] [mixin/]: Added class metadata for net/minecraft/world/item/ItemStack to metadata cache
[04июл.2026 11:23:06.608] [main/DEBUG] [net.neoforged.accesstransformer.AccessTransformer/AXFORM]: Transforming net.minecraft.world.level.saveddata.maps.MapItemSavedData METHOD removeDecoration(Ljava/lang/String;)V to access PUBLIC and LEAVE
[04июл.2026 11:23:06.608] [main/DEBUG] [net.neoforged.accesstransformer.AccessTransformer/AXFORM]: Transforming net.minecraft.world.level.saveddata.maps.MapItemSavedData METHOD addDecoration(Lnet/minecraft/core/Holder;Lnet/minecraft/world/level/LevelAccessor;Ljava/lang/String;DDDLnet/minecraft/network/chat/Component;)V to access PUBLIC and LEAVE
[04июл.2026 11:23:06.609] [main/TRACE] [mixin/]: Added class metadata for net/minecraft/world/level/saveddata/maps/MapItemSavedData to metadata cache
[04июл.2026 11:23:06.610] [main/DEBUG] [net.neoforged.accesstransformer.AccessTransformer/AXFORM]: Transforming net.minecraft.world.entity.Mob FIELD goalSelector to access PUBLIC and LEAVE
[04июл.2026 11:23:06.610] [main/DEBUG] [net.neoforged.accesstransformer.AccessTransformer/AXFORM]: Transforming net.minecraft.world.entity.Mob FIELD targetSelector to access PUBLIC and LEAVE
[04июл.2026 11:23:06.612] [main/TRACE] [mixin/]: Added class metadata for net/minecraft/world/entity/Mob to metadata cache
[04июл.2026 11:23:06.613] [main/TRACE] [mixin/]: Added class metadata for net/minecraft/world/entity/projectile/ProjectileUtil to metadata cache
[04июл.2026 11:23:06.613] [main/TRACE] [mixin/]: Added class metadata for net/minecraft/world/inventory/SmithingMenu to metadata cache
[04июл.2026 11:23:06.614] [main/TRACE] [mixin/]: Added class metadata for net/minecraft/world/level/material/FlowingFluid to metadata cache
[04июл.2026 11:23:06.615] [main/DEBUG] [net.neoforged.accesstransformer.AccessTransformer/AXFORM]: Transforming net.minecraft.data.loot.BlockLootSubProvider METHOD createSelfDropDispatchTable(Lnet/minecraft/world/level/block/Block;Lnet/minecraft/world/level/storage/loot/predicates/LootItemCondition$Builder;Lnet/minecraft/world/level/storage/loot/entries/LootPoolEntryContainer$Builder;)Lnet/minecraft/world/level/storage/loot/LootTable$Builder; to access PROTECTED and LEAVE
[04июл.2026 11:23:06.615] [main/DEBUG] [net.neoforged.accesstransformer.AccessTransformer/AXFORM]: Transforming net.minecraft.data.loot.BlockLootSubProvider METHOD createSilkTouchOnlyTable(Lnet/minecraft/world/level/ItemLike;)Lnet/minecraft/world/level/storage/loot/LootTable$Builder; to access PROTECTED and LEAVE
[04июл.2026 11:23:06.615] [main/DEBUG] [net.neoforged.accesstransformer.AccessTransformer/AXFORM]: Transforming net.minecraft.data.loot.BlockLootSubProvider METHOD createPotFlowerItemTable(Lnet/minecraft/world/level/ItemLike;)Lnet/minecraft/world/level/storage/loot/LootTable$Builder; to access PROTECTED and LEAVE
[04июл.2026 11:23:06.615] [main/TRACE] [mixin/]: Added class metadata for net/minecraft/data/loot/BlockLootSubProvider to metadata cache
[04июл.2026 11:23:06.616] [main/TRACE] [mixin/]: Added class metadata for net/minecraft/world/level/block/ConcretePowderBlock to metadata cache
[04июл.2026 11:23:06.616] [main/DEBUG] [net.neoforged.accesstransformer.AccessTransformer/AXFORM]: Transforming net.minecraft.world.level.block.CropBlock METHOD <init>(Lnet/minecraft/world/level/block/state/BlockBehaviour$Properties;)V to access PUBLIC and LEAVE
[04июл.2026 11:23:06.616] [main/DEBUG] [net.neoforged.accesstransformer.AccessTransformer/AXFORM]: Transforming net.minecraft.world.level.block.CropBlock METHOD hasSufficientLight(Lnet/minecraft/world/level/LevelReader;Lnet/minecraft/core/BlockPos;)Z to access PUBLIC and LEAVE
[04июл.2026 11:23:06.616] [main/TRACE] [mixin/]: Added class metadata for net/minecraft/world/level/block/CropBlock to metadata cache
[04июл.2026 11:23:06.617] [main/DEBUG] [net.neoforged.accesstransformer.AccessTransformer/AXFORM]: Transforming net.minecraft.world.level.block.DispenserBlock METHOD <init>(Lnet/minecraft/world/level/block/state/BlockBehaviour$Properties;)V to access PUBLIC and LEAVE
[04июл.2026 11:23:06.617] [main/TRACE] [mixin/]: Added class metadata for net/minecraft/world/level/block/DispenserBlock to metadata cache
[04июл.2026 11:23:06.618] [main/TRACE] [mixin/]: Added class metadata for net/minecraft/world/entity/item/FallingBlockEntity to metadata cache
[04июл.2026 11:23:06.618] [main/TRACE] [mixin/]: Added class metadata for net/neoforged/neoforge/fluids/FluidInteractionRegistry to metadata cache
[04июл.2026 11:23:06.619] [main/DEBUG] [net.neoforged.accesstransformer.AccessTransformer/AXFORM]: Transforming net.minecraft.gametest.framework.GameTestHelper FIELD testInfo to access PUBLIC and LEAVE
[04июл.2026 11:23:06.620] [main/TRACE] [mixin/]: Added class metadata for net/minecraft/gametest/framework/GameTestHelper to metadata cache
[04июл.2026 11:23:06.621] [main/TRACE] [mixin/]: Added class metadata for net/minecraft/world/entity/decoration/ItemFrame to metadata cache
[04июл.2026 11:23:06.621] [main/DEBUG] [net.neoforged.accesstransformer.AccessTransformer/AXFORM]: Transforming net.minecraft.data.models.ItemModelGenerators INNERCLASS TrimModelData to access PUBLIC and LEAVE
[04июл.2026 11:23:06.621] [main/DEBUG] [net.neoforged.accesstransformer.AccessTransformer/AXFORM]: Transforming net.minecraft.data.models.ItemModelGenerators FIELD GENERATED_TRIM_MODELS to access PUBLIC and LEAVE
[04июл.2026 11:23:06.622] [main/TRACE] [mixin/]: Added class metadata for net/minecraft/data/models/ItemModelGenerators to metadata cache
[04июл.2026 11:23:06.622] [main/TRACE] [mixin/]: Added class metadata for net/neoforged/neoforge/items/ItemStackHandler to metadata cache
[04июл.2026 11:23:06.622] [main/TRACE] [mixin/]: Added class metadata for net/minecraft/core/MappedRegistry to metadata cache
[04июл.2026 11:23:06.623] [main/TRACE] [mixin/]: Added class metadata for net/minecraft/world/entity/vehicle/MinecartFurnace to metadata cache
[04июл.2026 11:23:06.623] [main/TRACE] [mixin/]: Added class metadata for net/minecraft/world/effect/MobEffectInstance to metadata cache
[04июл.2026 11:23:06.623] [main/TRACE] [mixin/]: Added class metadata for net/minecraft/nbt/NbtAccounter to metadata cache
[04июл.2026 11:23:06.624] [main/DEBUG] [net.neoforged.accesstransformer.AccessTransformer/AXFORM]: Transforming net.minecraft.world.item.alchemy.PotionBrewing INNERCLASS Mix to access PUBLIC and LEAVE
[04июл.2026 11:23:06.624] [main/DEBUG] [net.neoforged.accesstransformer.AccessTransformer/AXFORM]: Transforming net.minecraft.world.item.alchemy.PotionBrewing FIELD containers to access PUBLIC and LEAVE
[04июл.2026 11:23:06.624] [main/DEBUG] [net.neoforged.accesstransformer.AccessTransformer/AXFORM]: Transforming net.minecraft.world.item.alchemy.PotionBrewing FIELD potionMixes to access PUBLIC and LEAVE
[04июл.2026 11:23:06.624] [main/DEBUG] [net.neoforged.accesstransformer.AccessTransformer/AXFORM]: Transforming net.minecraft.world.item.alchemy.PotionBrewing FIELD containerMixes to access PUBLIC and LEAVE
[04июл.2026 11:23:06.624] [main/TRACE] [mixin/]: Added class metadata for net/minecraft/world/item/alchemy/PotionBrewing to metadata cache
[04июл.2026 11:23:06.624] [main/TRACE] [mixin/]: Added class metadata for net/minecraft/core/dispenser/ProjectileDispenseBehavior to metadata cache
[04июл.2026 11:23:06.624] [main/DEBUG] [net.neoforged.accesstransformer.AccessTransformer/AXFORM]: Transforming net.minecraft.world.item.crafting.ShapedRecipe FIELD pattern to access PUBLIC and LEAVE
[04июл.2026 11:23:06.624] [main/TRACE] [mixin/]: Added class metadata for net/minecraft/world/item/crafting/ShapedRecipe to metadata cache
[04июл.2026 11:23:06.624] [main/TRACE] [mixin/]: Added class metadata for net/minecraft/world/level/block/state/StateHolder to metadata cache
[04июл.2026 11:23:06.626] [main/TRACE] [mixin/]: Added class metadata for net/minecraft/SystemReport to metadata cache
[04июл.2026 11:23:06.626] [main/DEBUG] [net.neoforged.accesstransformer.AccessTransformer/AXFORM]: Transforming net.minecraft.world.item.context.UseOnContext METHOD <init>(Lnet/minecraft/world/level/Level;Lnet/minecraft/world/entity/player/Player;Lnet/minecraft/world/InteractionHand;Lnet/minecraft/world/item/ItemStack;Lnet/minecraft/world/phys/BlockHitResult;)V to access PUBLIC and LEAVE
[04июл.2026 11:23:06.626] [main/TRACE] [mixin/]: Added class metadata for net/minecraft/world/item/context/UseOnContext to metadata cache
[04июл.2026 11:23:06.626] [main/TRACE] [mixin/]: Added class metadata for net/minecraft/util/datafix/fixes/BlockPosFormatAndRenamesFix to metadata cache
[04июл.2026 11:23:06.627] [main/DEBUG] [net.neoforged.accesstransformer.AccessTransformer/AXFORM]: Transforming net.minecraft.util.datafix.fixes.ItemStackComponentizationFix INNERCLASS ItemStackData to access PUBLIC and LEAVE
[04июл.2026 11:23:06.628] [main/TRACE] [mixin/]: Added class metadata for net/minecraft/util/datafix/fixes/ItemStackComponentizationFix to metadata cache
[04июл.2026 11:23:06.629] [main/TRACE] [mixin/]: Added class metadata for net/minecraft/util/datafix/schemas/V1460 to metadata cache
[04июл.2026 11:23:06.632] [main/DEBUG] [net.neoforged.accesstransformer.AccessTransformer/AXFORM]: Transforming net.minecraft.client.model.AgeableListModel FIELD scaleHead to access PUBLIC and LEAVE
[04июл.2026 11:23:06.632] [main/DEBUG] [net.neoforged.accesstransformer.AccessTransformer/AXFORM]: Transforming net.minecraft.client.model.AgeableListModel FIELD babyYHeadOffset to access PUBLIC and LEAVE
[04июл.2026 11:23:06.632] [main/DEBUG] [net.neoforged.accesstransformer.AccessTransformer/AXFORM]: Transforming net.minecraft.client.model.AgeableListModel FIELD babyZHeadOffset to access PUBLIC and LEAVE
[04июл.2026 11:23:06.632] [main/DEBUG] [net.neoforged.accesstransformer.AccessTransformer/AXFORM]: Transforming net.minecraft.client.model.AgeableListModel FIELD babyHeadScale to access PUBLIC and LEAVE
[04июл.2026 11:23:06.632] [main/DEBUG] [net.neoforged.fml.common.asm.RuntimeDistCleaner/DISTXFORM]: Removing Class Annotation: net/minecraft/client/model/AgeableListModel @Lnet/neoforged/api/distmarker/OnlyIn;
[04июл.2026 11:23:06.632] [main/TRACE] [mixin/]: Added class metadata for net/minecraft/client/model/AgeableListModel to metadata cache
[04июл.2026 11:23:06.632] [main/DEBUG] [net.neoforged.fml.common.asm.RuntimeDistCleaner/DISTXFORM]: Removing Class Annotation: net/minecraft/client/renderer/entity/EntityRenderDispatcher @Lnet/neoforged/api/distmarker/OnlyIn;
[04июл.2026 11:23:06.633] [main/TRACE] [mixin/]: Added class metadata for net/minecraft/client/renderer/entity/EntityRenderDispatcher to metadata cache
[04июл.2026 11:23:06.633] [main/DEBUG] [net.neoforged.accesstransformer.AccessTransformer/AXFORM]: Transforming net.minecraft.client.gui.Font METHOD getFontSet(Lnet/minecraft/resources/ResourceLocation;)Lnet/minecraft/client/gui/font/FontSet; to access PUBLIC and LEAVE
[04июл.2026 11:23:06.633] [main/DEBUG] [net.neoforged.fml.common.asm.RuntimeDistCleaner/DISTXFORM]: Removing Class Annotation: net/minecraft/client/gui/Font @Lnet/neoforged/api/distmarker/OnlyIn;
[04июл.2026 11:23:06.634] [main/TRACE] [mixin/]: Added class metadata for net/minecraft/client/gui/Font to metadata cache
[04июл.2026 11:23:06.634] [main/DEBUG] [net.neoforged.accesstransformer.AccessTransformer/AXFORM]: Transforming net.minecraft.client.gui.Gui INNERCLASS HeartType to access PUBLIC and LEAVE
[04июл.2026 11:23:06.634] [main/DEBUG] [net.neoforged.accesstransformer.AccessTransformer/AXFORM]: Transforming net.minecraft.client.gui.Gui FIELD SPYGLASS_SCOPE_LOCATION to access PUBLIC and LEAVE
[04июл.2026 11:23:06.634] [main/DEBUG] [net.neoforged.fml.common.asm.RuntimeDistCleaner/DISTXFORM]: Removing Class Annotation: net/minecraft/client/gui/Gui @Lnet/neoforged/api/distmarker/OnlyIn;
[04июл.2026 11:23:06.637] [main/TRACE] [mixin/]: Added class metadata for net/minecraft/client/gui/Gui to metadata cache
[04июл.2026 11:23:06.638] [main/DEBUG] [net.neoforged.fml.common.asm.RuntimeDistCleaner/DISTXFORM]: Removing Class Annotation: net/minecraft/client/renderer/entity/layers/HumanoidArmorLayer @Lnet/neoforged/api/distmarker/OnlyIn;
[04июл.2026 11:23:06.638] [main/TRACE] [mixin/]: Added class metadata for net/minecraft/client/renderer/entity/layers/HumanoidArmorLayer to metadata cache
[04июл.2026 11:23:06.638] [main/TRACE] [mixin/]: Added class metadata for net/minecraft/server/level/BlockDestructionProgress to metadata cache
[04июл.2026 11:23:06.639] [main/DEBUG] [net.neoforged.accesstransformer.AccessTransformer/AXFORM]: Transforming net.minecraft.client.Camera FIELD eyeHeight to access PUBLIC and LEAVE
[04июл.2026 11:23:06.639] [main/DEBUG] [net.neoforged.accesstransformer.AccessTransformer/AXFORM]: Transforming net.minecraft.client.Camera FIELD eyeHeightOld to access PUBLIC and LEAVE
[04июл.2026 11:23:06.639] [main/DEBUG] [net.neoforged.fml.common.asm.RuntimeDistCleaner/DISTXFORM]: Removing Class Annotation: net/minecraft/client/Camera @Lnet/neoforged/api/distmarker/OnlyIn;
[04июл.2026 11:23:06.639] [main/TRACE] [mixin/]: Added class metadata for net/minecraft/client/Camera to metadata cache
[04июл.2026 11:23:06.639] [main/DEBUG] [net.neoforged.fml.common.asm.RuntimeDistCleaner/DISTXFORM]: Removing Class Annotation: net/minecraft/client/renderer/entity/player/PlayerRenderer @Lnet/neoforged/api/distmarker/OnlyIn;
[04июл.2026 11:23:06.640] [main/TRACE] [mixin/]: Added class metadata for net/minecraft/client/renderer/entity/player/PlayerRenderer to metadata cache
[04июл.2026 11:23:06.640] [main/DEBUG] [mixin/]: Preparing sable.mixins.json (208)
[04июл.2026 11:23:06.656] [main/TRACE] [mixin/]: Added class metadata for net/minecraft/world/level/block/entity/AbstractFurnaceBlockEntity to metadata cache
[04июл.2026 11:23:06.657] [main/DEBUG] [net.neoforged.accesstransformer.AccessTransformer/AXFORM]: Transforming net.minecraft.world.item.context.BlockPlaceContext METHOD <init>(Lnet/minecraft/world/level/Level;Lnet/minecraft/world/entity/player/Player;Lnet/minecraft/world/InteractionHand;Lnet/minecraft/world/item/ItemStack;Lnet/minecraft/world/phys/BlockHitResult;)V to access PUBLIC and LEAVE
[04июл.2026 11:23:06.657] [main/TRACE] [mixin/]: Added class metadata for net/minecraft/world/item/context/BlockPlaceContext to metadata cache
[04июл.2026 11:23:06.657] [main/TRACE] [mixin/]: Added class metadata for net/minecraft/world/level/EntityGetter to metadata cache
[04июл.2026 11:23:06.657] [main/TRACE] [mixin/]: Added class metadata for net/minecraft/world/level/block/state/BlockState to metadata cache
[04июл.2026 11:23:06.658] [main/TRACE] [mixin/]: Added class metadata for net/minecraft/world/level/chunk/LevelChunkSection to metadata cache
[04июл.2026 11:23:06.658] [main/TRACE] [mixin/]: Added class metadata for net/minecraft/world/level/BlockGetter to metadata cache
[04июл.2026 11:23:06.658] [main/DEBUG] [net.neoforged.accesstransformer.AccessTransformer/AXFORM]: Transforming net.minecraft.world.level.ClipContext FIELD block to access PUBLIC and LEAVE
[04июл.2026 11:23:06.658] [main/DEBUG] [net.neoforged.accesstransformer.AccessTransformer/AXFORM]: Transforming net.minecraft.world.level.ClipContext FIELD fluid to access PUBLIC and LEAVE
[04июл.2026 11:23:06.658] [main/DEBUG] [net.neoforged.accesstransformer.AccessTransformer/AXFORM]: Transforming net.minecraft.world.level.ClipContext FIELD collisionContext to access PUBLIC and LEAVE
[04июл.2026 11:23:06.658] [main/TRACE] [mixin/]: Added class metadata for net/minecraft/world/level/ClipContext to metadata cache
[04июл.2026 11:23:06.658] [main/TRACE] [mixin/]: Added class metadata for net/minecraft/world/phys/HitResult to metadata cache
[04июл.2026 11:23:06.659] [main/TRACE] [mixin/]: Added class metadata for net/minecraft/commands/synchronization/ArgumentTypeInfos to metadata cache
[04июл.2026 11:23:06.659] [main/TRACE] [mixin/]: Added class metadata for net/minecraft/server/commands/data/DataCommands to metadata cache
[04июл.2026 11:23:06.661] [main/TRACE] [mixin/]: Added class metadata for net/minecraft/server/commands/ExecuteCommand to metadata cache
[04июл.2026 11:23:06.662] [main/DEBUG] [net.neoforged.accesstransformer.AccessTransformer/AXFORM]: Transforming net.minecraft.world.damagesource.CombatTracker FIELD INTENTIONAL_GAME_DESIGN_STYLE to access PUBLIC and LEAVE
[04июл.2026 11:23:06.662] [main/DEBUG] [net.neoforged.accesstransformer.AccessTransformer/AXFORM]: Transforming net.minecraft.world.damagesource.CombatTracker METHOD getFallMessage(Lnet/minecraft/world/damagesource/CombatEntry;Lnet/minecraft/world/entity/Entity;)Lnet/minecraft/network/chat/Component; to access PUBLIC and LEAVE
[04июл.2026 11:23:06.662] [main/DEBUG] [net.neoforged.accesstransformer.AccessTransformer/AXFORM]: Transforming net.minecraft.world.damagesource.CombatTracker METHOD getMostSignificantFall()Lnet/minecraft/world/damagesource/CombatEntry; to access PUBLIC and LEAVE
[04июл.2026 11:23:06.662] [main/TRACE] [mixin/]: Added class metadata for net/minecraft/world/damagesource/CombatTracker to metadata cache
[04июл.2026 11:23:06.662] [main/TRACE] [mixin/]: Added class metadata for net/minecraft/world/level/block/entity/EnchantingTableBlockEntity to metadata cache
[04июл.2026 11:23:06.663] [main/TRACE] [mixin/]: Added class metadata for net/minecraft/world/entity/projectile/AbstractArrow to metadata cache
[04июл.2026 11:23:06.664] [main/TRACE] [mixin/]: Added class metadata for net/minecraft/server/level/ServerEntity to metadata cache
[04июл.2026 11:23:06.664] [main/TRACE] [mixin/]: Added class metadata for net/minecraft/network/protocol/game/ClientboundMoveEntityPacket$Pos to metadata cache
[04июл.2026 11:23:06.664] [main/TRACE] [mixin/]: Added class metadata for net/minecraft/network/protocol/game/ClientboundMoveEntityPacket$PosRot to metadata cache
[04июл.2026 11:23:06.664] [main/TRACE] [mixin/]: Added class metadata for net/minecraft/network/protocol/game/ClientboundTeleportEntityPacket to metadata cache
[04июл.2026 11:23:06.664] [main/TRACE] [mixin/]: Added class metadata for net/minecraft/network/protocol/game/ServerboundMovePlayerPacket to metadata cache
[04июл.2026 11:23:06.666] [main/DEBUG] [net.neoforged.accesstransformer.AccessTransformer/AXFORM]: Transforming net.minecraft.server.network.ServerGamePacketListenerImpl FIELD aboveGroundTickCount to access PUBLIC and LEAVE
[04июл.2026 11:23:06.666] [main/DEBUG] [net.neoforged.accesstransformer.AccessTransformer/AXFORM]: Transforming net.minecraft.server.network.ServerGamePacketListenerImpl FIELD aboveGroundVehicleTickCount to access PUBLIC and LEAVE
[04июл.2026 11:23:06.668] [main/TRACE] [mixin/]: Added class metadata for net/minecraft/server/network/ServerGamePacketListenerImpl to metadata cache
[04июл.2026 11:23:06.668] [main/TRACE] [mixin/]: Added class metadata for net/minecraft/world/entity/ai/goal/EatBlockGoal to metadata cache
[04июл.2026 11:23:06.668] [main/TRACE] [mixin/]: Added class metadata for net/minecraft/world/phys/shapes/CollisionContext to metadata cache
[04июл.2026 11:23:06.669] [main/TRACE] [mixin/]: Added class metadata for net/minecraft/world/entity/Leashable to metadata cache
[04июл.2026 11:23:06.669] [main/TRACE] [mixin/]: Added class metadata for net/minecraft/world/level/pathfinder/FlyNodeEvaluator to metadata cache
[04июл.2026 11:23:06.670] [main/TRACE] [mixin/]: Added class metadata for net/minecraft/world/entity/ai/navigation/GroundPathNavigation to metadata cache
[04июл.2026 11:23:06.670] [main/TRACE] [mixin/]: Added class metadata for net/minecraft/world/level/pathfinder/PathfindingContext to metadata cache
[04июл.2026 11:23:06.670] [main/TRACE] [mixin/]: Added class metadata for net/minecraft/world/level/pathfinder/Path to metadata cache
[04июл.2026 11:23:06.671] [main/TRACE] [mixin/]: Added class metadata for net/minecraft/world/entity/ai/navigation/PathNavigation to metadata cache
[04июл.2026 11:23:06.671] [main/TRACE] [mixin/]: Added class metadata for net/minecraft/world/entity/ai/util/RandomPos to metadata cache
[04июл.2026 11:23:06.672] [main/TRACE] [mixin/]: Added class metadata for net/minecraft/world/level/pathfinder/WalkNodeEvaluator to metadata cache
[04июл.2026 11:23:06.673] [main/TRACE] [mixin/]: Added class metadata for net/minecraft/world/entity/vehicle/AbstractMinecart to metadata cache
[04июл.2026 11:23:06.674] [main/TRACE] [mixin/]: Added class metadata for net/minecraft/server/level/ChunkMap$TrackedEntity to metadata cache
[04июл.2026 11:23:06.674] [main/DEBUG] [net.neoforged.accesstransformer.AccessTransformer/AXFORM]: Transforming net.minecraft.world.level.entity.PersistentEntitySectionManager FIELD sectionStorage to access PUBLIC and LEAVE
[04июл.2026 11:23:06.674] [main/TRACE] [mixin/]: Added class metadata for net/minecraft/world/level/entity/PersistentEntitySectionManager to metadata cache
[04июл.2026 11:23:06.674] [main/DEBUG] [net.neoforged.accesstransformer.AccessTransformer/AXFORM]: Transforming net.minecraft.world.entity.projectile.Projectile FIELD ownerUUID to access PUBLIC and LEAVE
[04июл.2026 11:23:06.674] [main/DEBUG] [net.neoforged.accesstransformer.AccessTransformer/AXFORM]: Transforming net.minecraft.world.entity.projectile.Projectile METHOD <init>(Lnet/minecraft/world/entity/EntityType;Lnet/minecraft/world/level/Level;)V to access PROTECTED and LEAVE
[04июл.2026 11:23:06.675] [main/TRACE] [mixin/]: Added class metadata for net/minecraft/world/entity/projectile/Projectile to metadata cache
[04июл.2026 11:23:06.677] [main/DEBUG] [net.neoforged.accesstransformer.AccessTransformer/AXFORM]: Transforming net.minecraft.server.level.ChunkMap INNERCLASS DistanceManager to access PUBLIC and LEAVE
[04июл.2026 11:23:06.677] [main/DEBUG] [net.neoforged.accesstransformer.AccessTransformer/AXFORM]: Transforming net.minecraft.server.level.ChunkMap FIELD updatingChunkMap to access PUBLIC and LEAVE
[04июл.2026 11:23:06.677] [main/DEBUG] [net.neoforged.accesstransformer.AccessTransformer/AXFORM]: Transforming net.minecraft.server.level.ChunkMap FIELD visibleChunkMap to access PUBLIC and LEAVE
[04июл.2026 11:23:06.677] [main/DEBUG] [net.neoforged.accesstransformer.AccessTransformer/AXFORM]: Transforming net.minecraft.server.level.ChunkMap FIELD toDrop to access PUBLIC and LEAVE
[04июл.2026 11:23:06.677] [main/DEBUG] [net.neoforged.accesstransformer.AccessTransformer/AXFORM]: Transforming net.minecraft.server.level.ChunkMap FIELD modified to access PUBLIC and LEAVE
[04июл.2026 11:23:06.677] [main/DEBUG] [net.neoforged.accesstransformer.AccessTransformer/AXFORM]: Transforming net.minecraft.server.level.ChunkMap FIELD chunkSaveCooldowns to access PUBLIC and LEAVE
[04июл.2026 11:23:06.677] [main/DEBUG] [net.neoforged.accesstransformer.AccessTransformer/AXFORM]: Transforming net.minecraft.server.level.ChunkMap FIELD unloadQueue to access PUBLIC and LEAVE
[04июл.2026 11:23:06.677] [main/DEBUG] [net.neoforged.accesstransformer.AccessTransformer/AXFORM]: Transforming net.minecraft.server.level.ChunkMap METHOD getVisibleChunkIfPresent(J)Lnet/minecraft/server/level/ChunkHolder; to access PUBLIC and LEAVE
[04июл.2026 11:23:06.677] [main/DEBUG] [net.neoforged.accesstransformer.AccessTransformer/AXFORM]: Transforming net.minecraft.server.level.ChunkMap METHOD scheduleUnload(JLnet/minecraft/server/level/ChunkHolder;)V to access PUBLIC and LEAVE
[04июл.2026 11:23:06.677] [main/DEBUG] [net.neoforged.accesstransformer.AccessTransformer/AXFORM]: Transforming net.minecraft.server.level.ChunkMap METHOD saveChunkIfNeeded(Lnet/minecraft/server/level/ChunkHolder;)Z to access PUBLIC and LEAVE
[04июл.2026 11:23:06.677] [main/DEBUG] [net.neoforged.accesstransformer.AccessTransformer/AXFORM]: Transforming net.minecraft.server.level.ChunkMap METHOD getChunks()Ljava/lang/Iterable; to access PUBLIC and LEAVE
[04июл.2026 11:23:06.677] [main/DEBUG] [net.neoforged.accesstransformer.AccessTransformer/AXFORM]: Transforming net.minecraft.server.level.ChunkMap METHOD onFullChunkStatusChange(Lnet/minecraft/world/level/ChunkPos;Lnet/minecraft/server/level/FullChunkStatus;)V to access PUBLIC and LEAVE
[04июл.2026 11:23:06.679] [main/TRACE] [mixin/]: Added class metadata for net/minecraft/server/level/ChunkMap to metadata cache
[04июл.2026 11:23:06.679] [main/TRACE] [mixin/]: Added class metadata for net/minecraft/world/entity/ai/goal/FleeSunGoal to metadata cache
[04июл.2026 11:23:06.679] [main/TRACE] [mixin/]: Added class metadata for net/minecraft/world/entity/TamableAnimal to metadata cache
[04июл.2026 11:23:06.679] [main/DEBUG] [net.neoforged.accesstransformer.AccessTransformer/AXFORM]: Transforming net.minecraft.world.entity.item.PrimedTnt METHOD explode()V to access PROTECTED and LEAVE
[04июл.2026 11:23:06.679] [main/TRACE] [mixin/]: Added class metadata for net/minecraft/world/entity/item/PrimedTnt to metadata cache
[04июл.2026 11:23:06.681] [main/TRACE] [mixin/]: Added class metadata for net/minecraft/world/level/Explosion to metadata cache
[04июл.2026 11:23:06.682] [main/DEBUG] [net.neoforged.accesstransformer.AccessTransformer/AXFORM]: Transforming net.minecraft.gametest.framework.GameTestInfo FIELD sequences to access PUBLIC and LEAVE
[04июл.2026 11:23:06.682] [main/TRACE] [mixin/]: Added class metadata for net/minecraft/gametest/framework/GameTestInfo to metadata cache
[04июл.2026 11:23:06.682] [main/TRACE] [mixin/]: Added class metadata for net/minecraft/gametest/framework/StructureUtils to metadata cache
[04июл.2026 11:23:06.683] [main/TRACE] [mixin/]: Added class metadata for net/minecraft/gametest/framework/TestCommand to metadata cache
[04июл.2026 11:23:06.684] [main/TRACE] [mixin/]: Added class metadata for net/minecraft/world/level/block/BellBlock to metadata cache
[04июл.2026 11:23:06.684] [main/TRACE] [mixin/]: Added class metadata for net/minecraft/world/level/block/TntBlock to metadata cache
[04июл.2026 11:23:06.684] [main/DEBUG] [net.neoforged.accesstransformer.AccessTransformer/AXFORM]: Transforming net.minecraft.server.level.ServerChunkCache INNERCLASS MainThreadExecutor to access PUBLIC and LEAVE
[04июл.2026 11:23:06.684] [main/DEBUG] [net.neoforged.accesstransformer.AccessTransformer/AXFORM]: Transforming net.minecraft.server.level.ServerChunkCache INNERCLASS ChunkAndHolder to access PUBLIC and LEAVE
[04июл.2026 11:23:06.684] [main/DEBUG] [net.neoforged.accesstransformer.AccessTransformer/AXFORM]: Transforming net.minecraft.server.level.ServerChunkCache FIELD level to access PUBLIC and LEAVE
[04июл.2026 11:23:06.685] [main/TRACE] [mixin/]: Added class metadata for net/minecraft/server/level/ServerChunkCache to metadata cache
[04июл.2026 11:23:06.686] [main/TRACE] [mixin/]: Added class metadata for net/minecraft/server/players/PlayerList to metadata cache
[04июл.2026 11:23:06.686] [main/TRACE] [mixin/]: Added class metadata for net/minecraft/world/level/BlockAndTintGetter to metadata cache
[04июл.2026 11:23:06.686] [main/TRACE] [mixin/]: Added class metadata for net/minecraft/world/ticks/LevelChunkTicks to metadata cache
[04июл.2026 11:23:06.687] [main/TRACE] [mixin/]: Added class metadata for net/minecraft/world/level/block/NetherPortalBlock to metadata cache
[04июл.2026 11:23:06.687] [main/DEBUG] [net.neoforged.accesstransformer.AccessTransformer/AXFORM]: Transforming net.minecraft.world.level.biome.Biome INNERCLASS ClimateSettings to access PUBLIC and LEAVE
[04июл.2026 11:23:06.688] [main/TRACE] [mixin/]: Added class metadata for net/minecraft/world/level/biome/Biome to metadata cache
[04июл.2026 11:23:06.689] [main/TRACE] [mixin/]: Added class metadata for net/minecraft/world/level/block/VineBlock to metadata cache
[04июл.2026 11:23:06.690] [main/DEBUG] [net.neoforged.accesstransformer.AccessTransformer/AXFORM]: Transforming net.minecraft.world.item.Item FIELD components to access PRIVATE and REMOVEFINAL
[04июл.2026 11:23:06.690] [main/DEBUG] [net.neoforged.accesstransformer.AccessTransformer/AXFORM]: Transforming net.minecraft.world.item.Item METHOD getPlayerPOVHitResult(Lnet/minecraft/world/level/Level;Lnet/minecraft/world/entity/player/Player;Lnet/minecraft/world/level/ClipContext$Fluid;)Lnet/minecraft/world/phys/BlockHitResult; to access PUBLIC and LEAVE
[04июл.2026 11:23:06.690] [main/TRACE] [mixin/]: Added class metadata for net/minecraft/world/item/Item to metadata cache
[04июл.2026 11:23:06.690] [main/TRACE] [mixin/]: Added class metadata for net/minecraft/world/level/gameevent/EuclideanGameEventListenerRegistry to metadata cache
[04июл.2026 11:23:06.690] [main/TRACE] [mixin/]: Added class metadata for net/minecraft/world/level/gameevent/GameEventDispatcher to metadata cache
[04июл.2026 11:23:06.690] [main/TRACE] [mixin/]: Added class metadata for net/minecraft/world/level/gameevent/vibrations/VibrationSystem$Listener to metadata cache
[04июл.2026 11:23:06.690] [main/TRACE] [mixin/]: Added class metadata for net/minecraft/world/level/gameevent/vibrations/VibrationSystem$Ticker to metadata cache
[04июл.2026 11:23:06.691] [main/TRACE] [mixin/]: Added class metadata for net/minecraft/world/level/block/entity/SignBlockEntity to metadata cache
[04июл.2026 11:23:06.691] [main/DEBUG] [net.neoforged.accesstransformer.AccessTransformer/AXFORM]: Transforming net.minecraft.network.Connection FIELD channel to access PUBLIC and LEAVE
[04июл.2026 11:23:06.692] [main/TRACE] [mixin/]: Added class metadata for net/minecraft/network/Connection to metadata cache
[04июл.2026 11:23:06.692] [main/TRACE] [mixin/]: Added class metadata for net/minecraft/server/network/ServerConnectionListener to metadata cache
[04июл.2026 11:23:06.693] [main/TRACE] [mixin/]: Added class metadata for net/minecraft/world/phys/shapes/BitSetDiscreteVoxelShape to metadata cache
[04июл.2026 11:23:06.693] [main/TRACE] [mixin/]: Added class metadata for net/minecraft/world/phys/shapes/DiscreteVoxelShape to metadata cache
[04июл.2026 11:23:06.693] [main/TRACE] [mixin/]: Added class metadata for net/minecraft/world/phys/shapes/VoxelShape to metadata cache
[04июл.2026 11:23:06.694] [main/TRACE] [mixin/]: Added class metadata for net/minecraft/world/level/material/WaterFluid to metadata cache
[04июл.2026 11:23:06.694] [main/TRACE] [mixin/]: Added class metadata for net/minecraft/world/level/border/WorldBorder to metadata cache
[04июл.2026 11:23:06.703] [main/DEBUG] [net.neoforged.fml.common.asm.RuntimeDistCleaner/DISTXFORM]: Removing Class Annotation: net/minecraft/client/CameraType @Lnet/neoforged/api/distmarker/OnlyIn;
[04июл.2026 11:23:06.703] [main/TRACE] [mixin/]: Added class metadata for net/minecraft/client/CameraType to metadata cache
[04июл.2026 11:23:06.703] [main/DEBUG] [net.neoforged.fml.common.asm.RuntimeDistCleaner/DISTXFORM]: Removing Class Annotation: net/minecraft/client/renderer/debug/DebugRenderer @Lnet/neoforged/api/distmarker/OnlyIn;
[04июл.2026 11:23:06.704] [main/TRACE] [mixin/]: Added class metadata for net/minecraft/client/renderer/debug/DebugRenderer to metadata cache
[04июл.2026 11:23:06.704] [main/DEBUG] [net.neoforged.accesstransformer.AccessTransformer/AXFORM]: Transforming net.minecraft.client.renderer.block.ModelBlockRenderer$AmbientOcclusionFace CLASS to access PUBLIC and LEAVE
[04июл.2026 11:23:06.704] [main/DEBUG] [net.neoforged.fml.common.asm.RuntimeDistCleaner/DISTXFORM]: Removing Class Annotation: net/minecraft/client/renderer/block/ModelBlockRenderer$AmbientOcclusionFace @Lnet/neoforged/api/distmarker/OnlyIn;
[04июл.2026 11:23:06.704] [main/TRACE] [mixin/]: Added class metadata for net/minecraft/client/renderer/block/ModelBlockRenderer$AmbientOcclusionFace to metadata cache
[04июл.2026 11:23:06.704] [main/DEBUG] [net.neoforged.accesstransformer.AccessTransformer/AXFORM]: Transforming net.minecraft.client.renderer.block.ModelBlockRenderer$Cache CLASS to access PUBLIC and LEAVE
[04июл.2026 11:23:06.704] [main/DEBUG] [net.neoforged.fml.common.asm.RuntimeDistCleaner/DISTXFORM]: Removing Class Annotation: net/minecraft/client/renderer/block/ModelBlockRenderer$Cache @Lnet/neoforged/api/distmarker/OnlyIn;
[04июл.2026 11:23:06.704] [main/TRACE] [mixin/]: Added class metadata for net/minecraft/client/renderer/block/ModelBlockRenderer$Cache to metadata cache
[04июл.2026 11:23:06.705] [main/DEBUG] [net.neoforged.fml.common.asm.RuntimeDistCleaner/DISTXFORM]: Removing Class Annotation: net/minecraft/client/player/RemotePlayer @Lnet/neoforged/api/distmarker/OnlyIn;
[04июл.2026 11:23:06.705] [main/TRACE] [mixin/]: Added class metadata for net/minecraft/client/player/RemotePlayer to metadata cache
[04июл.2026 11:23:06.705] [main/DEBUG] [net.neoforged.fml.common.asm.RuntimeDistCleaner/DISTXFORM]: Removing Class Annotation: net/minecraft/client/renderer/entity/EntityRenderer @Lnet/neoforged/api/distmarker/OnlyIn;
[04июл.2026 11:23:06.705] [main/TRACE] [mixin/]: Added class metadata for net/minecraft/client/renderer/entity/EntityRenderer to metadata cache
[04июл.2026 11:23:06.705] [main/DEBUG] [net.neoforged.fml.common.asm.RuntimeDistCleaner/DISTXFORM]: Removing Class Annotation: net/minecraft/client/gui/screens/options/OptionsScreen @Lnet/neoforged/api/distmarker/OnlyIn;
[04июл.2026 11:23:06.706] [main/TRACE] [mixin/]: Added class metadata for net/minecraft/client/gui/screens/options/OptionsScreen to metadata cache
[04июл.2026 11:23:06.706] [main/DEBUG] [net.neoforged.accesstransformer.AccessTransformer/AXFORM]: Transforming net.minecraft.client.particle.BlockMarker METHOD <init>(Lnet/minecraft/client/multiplayer/ClientLevel;DDDLnet/minecraft/world/level/block/state/BlockState;)V to access PROTECTED and LEAVE
[04июл.2026 11:23:06.706] [main/DEBUG] [net.neoforged.fml.common.asm.RuntimeDistCleaner/DISTXFORM]: Removing Class Annotation: net/minecraft/client/particle/BlockMarker @Lnet/neoforged/api/distmarker/OnlyIn;
[04июл.2026 11:23:06.706] [main/TRACE] [mixin/]: Added class metadata for net/minecraft/client/particle/BlockMarker to metadata cache
[04июл.2026 11:23:06.706] [main/DEBUG] [net.neoforged.accesstransformer.AccessTransformer/AXFORM]: Transforming net.minecraft.client.particle.FlameParticle METHOD <init>(Lnet/minecraft/client/multiplayer/ClientLevel;DDDDDD)V to access PROTECTED and LEAVE
[04июл.2026 11:23:06.706] [main/DEBUG] [net.neoforged.fml.common.asm.RuntimeDistCleaner/DISTXFORM]: Removing Class Annotation: net/minecraft/client/particle/FlameParticle @Lnet/neoforged/api/distmarker/OnlyIn;
[04июл.2026 11:23:06.706] [main/TRACE] [mixin/]: Added class metadata for net/minecraft/client/particle/FlameParticle to metadata cache
[04июл.2026 11:23:06.707] [main/DEBUG] [net.neoforged.accesstransformer.AccessTransformer/AXFORM]: Transforming net.minecraft.client.particle.Particle FIELD xo to access PUBLIC and LEAVE
[04июл.2026 11:23:06.707] [main/DEBUG] [net.neoforged.accesstransformer.AccessTransformer/AXFORM]: Transforming net.minecraft.client.particle.Particle FIELD yo to access PUBLIC and LEAVE
[04июл.2026 11:23:06.707] [main/DEBUG] [net.neoforged.accesstransformer.AccessTransformer/AXFORM]: Transforming net.minecraft.client.particle.Particle FIELD zo to access PUBLIC and LEAVE
[04июл.2026 11:23:06.707] [main/DEBUG] [net.neoforged.accesstransformer.AccessTransformer/AXFORM]: Transforming net.minecraft.client.particle.Particle FIELD x to access PUBLIC and LEAVE
[04июл.2026 11:23:06.707] [main/DEBUG] [net.neoforged.accesstransformer.AccessTransformer/AXFORM]: Transforming net.minecraft.client.particle.Particle FIELD y to access PUBLIC and LEAVE
[04июл.2026 11:23:06.707] [main/DEBUG] [net.neoforged.accesstransformer.AccessTransformer/AXFORM]: Transforming net.minecraft.client.particle.Particle FIELD z to access PUBLIC and LEAVE
[04июл.2026 11:23:06.707] [main/DEBUG] [net.neoforged.accesstransformer.AccessTransformer/AXFORM]: Transforming net.minecraft.client.particle.Particle FIELD xd to access PUBLIC and LEAVE
[04июл.2026 11:23:06.707] [main/DEBUG] [net.neoforged.accesstransformer.AccessTransformer/AXFORM]: Transforming net.minecraft.client.particle.Particle FIELD yd to access PUBLIC and LEAVE
[04июл.2026 11:23:06.707] [main/DEBUG] [net.neoforged.accesstransformer.AccessTransformer/AXFORM]: Transforming net.minecraft.client.particle.Particle FIELD zd to access PUBLIC and LEAVE
[04июл.2026 11:23:06.707] [main/DEBUG] [net.neoforged.accesstransformer.AccessTransformer/AXFORM]: Transforming net.minecraft.client.particle.Particle FIELD stoppedByCollision to access PROTECTED and LEAVE
[04июл.2026 11:23:06.707] [main/DEBUG] [net.neoforged.fml.common.asm.RuntimeDistCleaner/DISTXFORM]: Removing Class Annotation: net/minecraft/client/particle/Particle @Lnet/neoforged/api/distmarker/OnlyIn;
[04июл.2026 11:23:06.707] [main/TRACE] [mixin/]: Added class metadata for net/minecraft/client/particle/Particle to metadata cache
[04июл.2026 11:23:06.707] [main/DEBUG] [net.neoforged.accesstransformer.AccessTransformer/AXFORM]: Transforming net.minecraft.client.particle.SuspendedParticle METHOD <init>(Lnet/minecraft/client/multiplayer/ClientLevel;Lnet/minecraft/client/particle/SpriteSet;DDD)V to access PROTECTED and LEAVE
[04июл.2026 11:23:06.707] [main/DEBUG] [net.neoforged.fml.common.asm.RuntimeDistCleaner/DISTXFORM]: Removing Class Annotation: net/minecraft/client/particle/SuspendedParticle @Lnet/neoforged/api/distmarker/OnlyIn;
[04июл.2026 11:23:06.707] [main/TRACE] [mixin/]: Added class metadata for net/minecraft/client/particle/SuspendedParticle to metadata cache
[04июл.2026 11:23:06.707] [main/DEBUG] [net.neoforged.fml.common.asm.RuntimeDistCleaner/DISTXFORM]: Removing Class Annotation: net/minecraft/client/renderer/chunk/RenderChunkRegion @Lnet/neoforged/api/distmarker/OnlyIn;
[04июл.2026 11:23:06.707] [main/TRACE] [mixin/]: Added class metadata for net/minecraft/client/renderer/chunk/RenderChunkRegion to metadata cache
[04июл.2026 11:23:06.708] [main/DEBUG] [net.neoforged.accesstransformer.AccessTransformer/AXFORM]: Transforming net.minecraft.client.renderer.entity.LivingEntityRenderer METHOD addLayer(Lnet/minecraft/client/renderer/entity/layers/RenderLayer;)Z to access PUBLIC and LEAVE
[04июл.2026 11:23:06.708] [main/DEBUG] [net.neoforged.fml.common.asm.RuntimeDistCleaner/DISTXFORM]: Removing Class Annotation: net/minecraft/client/renderer/entity/LivingEntityRenderer @Lnet/neoforged/api/distmarker/OnlyIn;
[04июл.2026 11:23:06.708] [main/TRACE] [mixin/]: Added class metadata for net/minecraft/client/renderer/entity/LivingEntityRenderer to metadata cache
[04июл.2026 11:23:06.708] [main/DEBUG] [net.neoforged.fml.common.asm.RuntimeDistCleaner/DISTXFORM]: Removing Class Annotation: net/minecraft/client/renderer/blockentity/BlockEntityRenderDispatcher @Lnet/neoforged/api/distmarker/OnlyIn;
[04июл.2026 11:23:06.708] [main/TRACE] [mixin/]: Added class metadata for net/minecraft/client/renderer/blockentity/BlockEntityRenderDispatcher to metadata cache
[04июл.2026 11:23:06.708] [main/DEBUG] [net.neoforged.accesstransformer.AccessTransformer/AXFORM]: Transforming net.minecraft.client.renderer.chunk.SectionRenderDispatcher$RenderSection METHOD updateGlobalBlockEntities(Ljava/util/Collection;)V to access PUBLIC and LEAVE
[04июл.2026 11:23:06.708] [main/DEBUG] [net.neoforged.accesstransformer.AccessTransformer/AXFORM]: Transforming net.minecraft.client.renderer.chunk.SectionRenderDispatcher$RenderSection METHOD setCompiled(Lnet/minecraft/client/renderer/chunk/SectionRenderDispatcher$CompiledSection;)V to access PUBLIC and LEAVE
[04июл.2026 11:23:06.708] [main/DEBUG] [net.neoforged.fml.common.asm.RuntimeDistCleaner/DISTXFORM]: Removing Class Annotation: net/minecraft/client/renderer/chunk/SectionRenderDispatcher$RenderSection @Lnet/neoforged/api/distmarker/OnlyIn;
[04июл.2026 11:23:06.708] [main/TRACE] [mixin/]: Added class metadata for net/minecraft/client/renderer/chunk/SectionRenderDispatcher$RenderSection to metadata cache
[04июл.2026 11:23:06.708] [main/DEBUG] [net.neoforged.accesstransformer.AccessTransformer/AXFORM]: Transforming net.minecraft.client.renderer.ViewArea METHOD getRenderSectionAt(Lnet/minecraft/core/BlockPos;)Lnet/minecraft/client/renderer/chunk/SectionRenderDispatcher$RenderSection; to access PUBLIC and LEAVE
[04июл.2026 11:23:06.708] [main/DEBUG] [net.neoforged.fml.common.asm.RuntimeDistCleaner/DISTXFORM]: Removing Class Annotation: net/minecraft/client/renderer/ViewArea @Lnet/neoforged/api/distmarker/OnlyIn;
[04июл.2026 11:23:06.708] [main/TRACE] [mixin/]: Added class metadata for net/minecraft/client/renderer/ViewArea to metadata cache
[04июл.2026 11:23:06.708] [main/DEBUG] [net.neoforged.fml.common.asm.RuntimeDistCleaner/DISTXFORM]: Removing Class Annotation: net/minecraft/client/resources/sounds/AbstractSoundInstance @Lnet/neoforged/api/distmarker/OnlyIn;
[04июл.2026 11:23:06.708] [main/TRACE] [mixin/]: Added class metadata for net/minecraft/client/resources/sounds/AbstractSoundInstance to metadata cache
[04июл.2026 11:23:06.710] [main/DEBUG] [net.neoforged.fml.common.asm.RuntimeDistCleaner/DISTXFORM]: Removing Class Annotation: com/mojang/blaze3d/audio/Channel @Lnet/neoforged/api/distmarker/OnlyIn;
[04июл.2026 11:23:06.710] [main/TRACE] [mixin/]: Added class metadata for com/mojang/blaze3d/audio/Channel to metadata cache
[04июл.2026 11:23:06.710] [main/DEBUG] [net.neoforged.accesstransformer.AccessTransformer/AXFORM]: Transforming net.minecraft.client.sounds.SoundEngine FIELD soundManager to access PUBLIC and LEAVE
[04июл.2026 11:23:06.710] [main/DEBUG] [net.neoforged.fml.common.asm.RuntimeDistCleaner/DISTXFORM]: Removing Class Annotation: net/minecraft/client/sounds/SoundEngine @Lnet/neoforged/api/distmarker/OnlyIn;
[04июл.2026 11:23:06.711] [main/TRACE] [mixin/]: Added class metadata for net/minecraft/client/sounds/SoundEngine to metadata cache
[04июл.2026 11:23:06.711] [main/DEBUG] [net.neoforged.fml.common.asm.RuntimeDistCleaner/DISTXFORM]: Removing Class Annotation: net/minecraft/client/server/IntegratedServer @Lnet/neoforged/api/distmarker/OnlyIn;
[04июл.2026 11:23:06.712] [main/TRACE] [mixin/]: Added class metadata for net/minecraft/client/server/IntegratedServer to metadata cache
[04июл.2026 11:23:06.712] [main/DEBUG] [net.neoforged.fml.common.asm.RuntimeDistCleaner/DISTXFORM]: Removing Class Annotation: net/minecraft/client/renderer/FogRenderer @Lnet/neoforged/api/distmarker/OnlyIn;
[04июл.2026 11:23:06.712] [main/TRACE] [mixin/]: Added class metadata for net/minecraft/client/renderer/FogRenderer to metadata cache
[04июл.2026 11:23:06.712] [main/DEBUG] [mixin/]: Preparing sable-neoforge.mixins.json (155)
[04июл.2026 11:23:06.747] [main/TRACE] [mixin/]: Added class metadata for com/simibubi/create/content/kinetics/fan/processing/FanProcessingType to metadata cache
[04июл.2026 11:23:06.748] [main/TRACE] [mixin/]: Added class metadata for com/simibubi/create/content/processing/basin/BasinBlockEntity to metadata cache
[04июл.2026 11:23:06.748] [main/TRACE] [mixin/]: Added class metadata for com/simibubi/create/content/processing/basin/BasinOperatingBlockEntity to metadata cache
[04июл.2026 11:23:06.750] [main/TRACE] [mixin/]: Added class metadata for com/simibubi/create/foundation/blockEntity/behaviour/BlockEntityBehaviour to metadata cache
[04июл.2026 11:23:06.750] [main/TRACE] [mixin/]: Added class metadata for com/simibubi/create/content/kinetics/base/BlockBreakingMovementBehaviour to metadata cache
[04июл.2026 11:23:06.750] [main/TRACE] [mixin/]: Added class metadata for com/simibubi/create/content/kinetics/saw/SawMovementBehaviour to metadata cache
[04июл.2026 11:23:06.750] [main/TRACE] [mixin/]: Added class metadata for com/simibubi/create/content/contraptions/actors/harvester/HarvesterMovementBehaviour to metadata cache
[04июл.2026 11:23:06.751] [main/TRACE] [mixin/]: Added class metadata for com/simibubi/create/content/contraptions/actors/harvester/HarvesterBlock to metadata cache
[04июл.2026 11:23:06.751] [main/TRACE] [mixin/]: Added class metadata for com/simibubi/create/content/kinetics/belt/BeltBlockEntity to metadata cache
[04июл.2026 11:23:06.753] [main/TRACE] [mixin/]: Added class metadata for com/simibubi/create/content/kinetics/belt/BeltBlock to metadata cache
[04июл.2026 11:23:06.753] [main/TRACE] [mixin/]: Added class metadata for com/simibubi/create/content/kinetics/belt/transport/BeltMovementHandler to metadata cache
[04июл.2026 11:23:06.754] [main/TRACE] [mixin/]: Added class metadata for com/simibubi/create/foundation/block/BigOutlines to metadata cache
[04июл.2026 11:23:06.754] [main/TRACE] [mixin/]: Added class metadata for com/simibubi/create/content/kinetics/saw/SawBlock to metadata cache
[04июл.2026 11:23:06.754] [main/TRACE] [mixin/]: Added class metadata for com/simibubi/create/content/kinetics/drill/DrillBlock to metadata cache
[04июл.2026 11:23:06.755] [main/TRACE] [mixin/]: Added class metadata for com/simibubi/create/content/equipment/blueprint/BlueprintEntity to metadata cache
[04июл.2026 11:23:06.756] [main/TRACE] [mixin/]: Added class metadata for com/simibubi/create/content/kinetics/chainConveyor/ChainConveyorBlockEntity to metadata cache
[04июл.2026 11:23:06.756] [main/TRACE] [mixin/]: Added class metadata for com/simibubi/create/content/kinetics/chainConveyor/ChainConveyorBlock to metadata cache
[04июл.2026 11:23:06.757] [main/TRACE] [mixin/]: Added class metadata for com/simibubi/create/content/contraptions/AbstractContraptionEntity to metadata cache
[04июл.2026 11:23:06.757] [main/TRACE] [mixin/]: Added class metadata for com/simibubi/create/foundation/collision/Matrix3d to metadata cache
[04июл.2026 11:23:06.758] [main/TRACE] [mixin/]: Added class metadata for com/simibubi/create/content/kinetics/crusher/CrushingWheelBlock to metadata cache
[04июл.2026 11:23:06.758] [main/TRACE] [mixin/]: Added class metadata for com/simibubi/create/content/kinetics/crusher/CrushingWheelControllerBlockEntity to metadata cache
[04июл.2026 11:23:06.759] [main/TRACE] [mixin/]: Added class metadata for com/simibubi/create/content/kinetics/deployer/DeployerBlockEntity to metadata cache
[04июл.2026 11:23:06.759] [main/TRACE] [mixin/]: Added class metadata for com/simibubi/create/content/redstone/displayLink/ClickToLinkBlockItem to metadata cache
[04июл.2026 11:23:06.760] [main/TRACE] [mixin/]: Added class metadata for com/simibubi/create/content/redstone/displayLink/DisplayLinkBlock to metadata cache
[04июл.2026 11:23:06.760] [main/TRACE] [mixin/]: Added class metadata for com/simibubi/create/content/logistics/depot/EjectorBlockEntity to metadata cache
[04июл.2026 11:23:06.761] [main/TRACE] [mixin/]: Added class metadata for com/simibubi/create/content/contraptions/elevator/ElevatorControlsHandler to metadata cache
[04июл.2026 11:23:06.761] [main/TRACE] [mixin/]: Added class metadata for com/simibubi/create/content/processing/basin/BasinBlock to metadata cache
[04июл.2026 11:23:06.761] [main/TRACE] [mixin/]: Added class metadata for com/simibubi/create/content/kinetics/millstone/MillstoneBlock to metadata cache
[04июл.2026 11:23:06.761] [main/TRACE] [mixin/]: Added class metadata for com/simibubi/create/content/logistics/factoryBoard/FactoryPanelConnectionHandler to metadata cache
[04июл.2026 11:23:06.762] [main/TRACE] [mixin/]: Added class metadata for com/simibubi/create/content/kinetics/fan/EncasedFanBlockEntity to metadata cache
[04июл.2026 11:23:06.762] [main/TRACE] [mixin/]: Added class metadata for com/simibubi/create/content/fluids/OpenEndedPipe to metadata cache
[04июл.2026 11:23:06.762] [main/TRACE] [mixin/]: Added class metadata for com/simibubi/create/content/kinetics/chainConveyor/ChainConveyorShape to metadata cache
[04июл.2026 11:23:06.762] [main/TRACE] [mixin/]: Added class metadata for com/simibubi/create/content/kinetics/chainConveyor/ChainPackageInteractionHandler to metadata cache
[04июл.2026 11:23:06.762] [main/TRACE] [mixin/]: Added class metadata for com/simibubi/create/content/kinetics/chainConveyor/ChainPackageInteractionPacket to metadata cache
[04июл.2026 11:23:06.763] [main/TRACE] [mixin/]: Added class metadata for com/simibubi/create/content/logistics/packagePort/frogport/FrogportBlockEntity to metadata cache
[04июл.2026 11:23:06.763] [main/TRACE] [mixin/]: Added class metadata for com/simibubi/create/content/logistics/packagePort/frogport/FrogportBlock to metadata cache
[04июл.2026 11:23:06.763] [main/TRACE] [mixin/]: Added class metadata for com/simibubi/create/content/logistics/packagePort/PackagePortPlacementPacket to metadata cache
[04июл.2026 11:23:06.763] [main/TRACE] [mixin/]: Added class metadata for com/simibubi/create/content/logistics/packagePort/PackagePortTarget$ChainConveyorFrogportTarget to metadata cache
[04июл.2026 11:23:06.763] [main/TRACE] [mixin/]: Added class metadata for com/simibubi/create/content/logistics/packagePort/PackagePortTargetSelectionHandler to metadata cache
[04июл.2026 11:23:06.764] [main/TRACE] [mixin/]: Added class metadata for com/simibubi/create/content/logistics/funnel/FunnelBlock to metadata cache
[04июл.2026 11:23:06.764] [main/TRACE] [mixin/]: Added class metadata for com/simibubi/create/content/fluids/hosePulley/HosePulleyBlockEntity to metadata cache
[04июл.2026 11:23:06.764] [main/TRACE] [mixin/]: Added class metadata for com/simibubi/create/content/fluids/hosePulley/HosePulleyFluidHandler to metadata cache
[04июл.2026 11:23:06.764] [main/TRACE] [mixin/]: Added class metadata for com/simibubi/create/content/equipment/bell/AbstractBellBlock to metadata cache
[04июл.2026 11:23:06.764] [main/TRACE] [mixin/]: Added class metadata for com/simibubi/create/foundation/blockEntity/behaviour/inventory/CapManipulationBehaviourBase to metadata cache
[04июл.2026 11:23:06.766] [main/TRACE] [mixin/]: Added class metadata for com/simibubi/create/content/logistics/chute/ChuteBlockEntity to metadata cache
[04июл.2026 11:23:06.767] [main/TRACE] [mixin/]: Added class metadata for com/simibubi/create/content/redstone/link/controller/LecternControllerBlockEntity to metadata cache
[04июл.2026 11:23:06.767] [main/TRACE] [mixin/]: Added class metadata for com/simibubi/create/content/redstone/link/controller/LecternControllerBlock to metadata cache
[04июл.2026 11:23:06.767] [main/TRACE] [mixin/]: Added class metadata for com/simibubi/create/content/kinetics/mechanicalArm/ArmInteractionPointHandler to metadata cache
[04июл.2026 11:23:06.767] [main/TRACE] [mixin/]: Added class metadata for com/simibubi/create/content/kinetics/fan/NozzleBlockEntity to metadata cache
[04июл.2026 11:23:06.768] [main/TRACE] [mixin/]: Added class metadata for com/simibubi/create/foundation/utility/RaycastHelper to metadata cache
[04июл.2026 11:23:06.769] [main/TRACE] [mixin/]: Added class metadata for com/simibubi/create/AllBlockEntityTypes to metadata cache
[04июл.2026 11:23:06.769] [main/TRACE] [mixin/]: Added class metadata for com/simibubi/create/content/redstone/contact/RedstoneContactBlock to metadata cache
[04июл.2026 11:23:06.769] [main/TRACE] [mixin/]: Added class metadata for com/simibubi/create/content/redstone/link/RedstoneLinkNetworkHandler to metadata cache
[04июл.2026 11:23:06.769] [main/TRACE] [mixin/]: Added class metadata for com/simibubi/create/content/contraptions/bearing/SailBlock to metadata cache
[04июл.2026 11:23:06.769] [main/TRACE] [mixin/]: Added class metadata for com/simibubi/create/content/schematics/client/tools/DeployTool to metadata cache
[04июл.2026 11:23:06.770] [main/TRACE] [mixin/]: Added class metadata for com/simibubi/create/content/schematics/client/SchematicAndQuillHandler to metadata cache
[04июл.2026 11:23:06.770] [main/TRACE] [mixin/]: Added class metadata for com/simibubi/create/content/schematics/SchematicExport to metadata cache
[04июл.2026 11:23:06.770] [main/TRACE] [mixin/]: Added class metadata for net/createmod/catnip/levelWrappers/SchematicLevel to metadata cache
[04июл.2026 11:23:06.770] [main/TRACE] [mixin/]: Added class metadata for com/simibubi/create/content/schematics/packet/SchematicPlacePacket to metadata cache
[04июл.2026 11:23:06.771] [main/TRACE] [mixin/]: Added class metadata for com/simibubi/create/content/schematics/client/tools/SchematicToolBase to metadata cache
[04июл.2026 11:23:06.779] [main/TRACE] [mixin/]: Added class metadata for net/minecraft/world/level/levelgen/structure/templatesystem/StructureTemplate to metadata cache
[04июл.2026 11:23:06.779] [main/TRACE] [mixin/]: Added class metadata for com/simibubi/create/content/contraptions/chassis/StickerBlockEntity to metadata cache
[04июл.2026 11:23:06.779] [main/TRACE] [mixin/]: Added class metadata for com/simibubi/create/content/contraptions/chassis/StickerBlock to metadata cache
[04июл.2026 11:23:06.780] [main/TRACE] [mixin/]: Added class metadata for com/simibubi/create/content/logistics/stockTicker/StockTickerInteractionHandler to metadata cache
[04июл.2026 11:23:06.780] [main/TRACE] [mixin/]: Added class metadata for com/simibubi/create/content/contraptions/glue/SuperGlueEntity to metadata cache
[04июл.2026 11:23:06.781] [main/TRACE] [mixin/]: Added class metadata for com/simibubi/create/content/contraptions/glue/SuperGlueRemovalPacket to metadata cache
[04июл.2026 11:23:06.781] [main/TRACE] [mixin/]: Added class metadata for com/simibubi/create/content/contraptions/glue/SuperGlueSelectionHandler to metadata cache
[04июл.2026 11:23:06.781] [main/TRACE] [mixin/]: Added class metadata for com/simibubi/create/content/equipment/toolbox/ToolboxHandlerClient to metadata cache
[04июл.2026 11:23:06.782] [main/TRACE] [mixin/]: Added class metadata for com/simibubi/create/content/equipment/toolbox/ToolboxHandler to metadata cache
[04июл.2026 11:23:06.783] [main/TRACE] [mixin/]: Added class metadata for com/simibubi/create/content/trains/track/CurvedTrackDestroyPacket to metadata cache
[04июл.2026 11:23:06.783] [main/TRACE] [mixin/]: Added class metadata for com/simibubi/create/content/trains/track/TrackBlockItem to metadata cache
[04июл.2026 11:23:06.783] [main/TRACE] [mixin/]: Added class metadata for com/simibubi/create/content/trains/track/TrackTargetingBlockItem to metadata cache
[04июл.2026 11:23:06.784] [main/TRACE] [mixin/]: Added class metadata for com/simibubi/create/content/trains/track/TrackBlock to metadata cache
[04июл.2026 11:23:06.784] [main/TRACE] [mixin/]: Added class metadata for com/simibubi/create/content/trains/graph/TrackGraphVisualizer to metadata cache
[04июл.2026 11:23:06.787] [main/TRACE] [mixin/]: Added class metadata for com/simibubi/create/content/trains/track/TrackPlacement to metadata cache
[04июл.2026 11:23:06.787] [main/TRACE] [mixin/]: Added class metadata for com/simibubi/create/content/kinetics/turntable/TurntableBlock to metadata cache
[04июл.2026 11:23:06.787] [main/TRACE] [mixin/]: Added class metadata for com/simibubi/create/content/kinetics/gearbox/VerticalGearboxItem to metadata cache
[04июл.2026 11:23:06.787] [main/TRACE] [mixin/]: Added class metadata for com/simibubi/create/content/equipment/zapper/ZapperItem to metadata cache
[04июл.2026 11:23:06.797] [main/TRACE] [mixin/]: Added class metadata for com/simibubi/create/content/contraptions/actors/harvester/HarvesterRenderer to metadata cache
[04июл.2026 11:23:06.797] [main/TRACE] [mixin/]: Added class metadata for com/simibubi/create/content/kinetics/belt/BeltRenderer to metadata cache
[04июл.2026 11:23:06.798] [main/TRACE] [mixin/]: Added class metadata for com/simibubi/create/content/processing/burner/BlazeBurnerBlockEntity to metadata cache
[04июл.2026 11:23:06.798] [main/TRACE] [mixin/]: Added class metadata for com/simibubi/create/content/contraptions/actors/contraptionControls/ContraptionControlsRenderer to metadata cache
[04июл.2026 11:23:06.798] [main/TRACE] [mixin/]: Added class metadata for com/simibubi/create/content/contraptions/ContraptionHandlerClient to metadata cache
[04июл.2026 11:23:06.799] [main/TRACE] [mixin/]: Added class metadata for com/simibubi/create/content/contraptions/render/ContraptionVisual to metadata cache
[04июл.2026 11:23:06.799] [main/TRACE] [mixin/]: Added class metadata for dev/engine_room/flywheel/impl/visualization/VisualizationEventHandler to metadata cache
[04июл.2026 11:23:06.799] [main/TRACE] [mixin/]: Added class metadata for com/simibubi/create/content/logistics/depot/DepotRenderer to metadata cache
[04июл.2026 11:23:06.800] [main/TRACE] [mixin/]: Added class metadata for com/simibubi/create/content/fluids/PipeConnection to metadata cache
[04июл.2026 11:23:06.800] [main/TRACE] [mixin/]: Added class metadata for com/simibubi/create/content/kinetics/chainConveyor/ChainConveyorInteractionHandler to metadata cache
[04июл.2026 11:23:06.800] [main/TRACE] [mixin/]: Added class metadata for com/simibubi/create/content/kinetics/chainConveyor/ChainConveyorRidingHandler to metadata cache
[04июл.2026 11:23:06.801] [main/TRACE] [mixin/]: Added class metadata for com/simibubi/create/content/logistics/packagePort/frogport/FrogportRenderer to metadata cache
[04июл.2026 11:23:06.802] [main/TRACE] [mixin/]: Added class metadata for com/simibubi/create/content/logistics/packagePort/frogport/FrogportVisual to metadata cache
[04июл.2026 11:23:06.802] [main/TRACE] [mixin/]: Added class metadata for com/simibubi/create/foundation/blockEntity/renderer/SmartBlockEntityRenderer to metadata cache
[04июл.2026 11:23:06.802] [main/TRACE] [mixin/]: Added class metadata for com/simibubi/create/content/kinetics/fan/AirFlowParticle to metadata cache
[04июл.2026 11:23:06.802] [main/TRACE] [mixin/]: Added class metadata for com/simibubi/create/foundation/particle/AirParticle to metadata cache
[04июл.2026 11:23:06.803] [main/TRACE] [mixin/]: Added class metadata for net/createmod/catnip/outliner/AABBOutline to metadata cache
[04июл.2026 11:23:06.804] [main/TRACE] [mixin/]: Added class metadata for net/createmod/catnip/outliner/BlockClusterOutline to metadata cache
[04июл.2026 11:23:06.806] [main/TRACE] [mixin/]: Added class metadata for com/simibubi/create/content/kinetics/chainConveyor/ChainConveyorRenderer to metadata cache
[04июл.2026 11:23:06.806] [main/TRACE] [mixin/]: Added class metadata for net/createmod/catnip/outliner/ChasingAABBOutline to metadata cache
[04июл.2026 11:23:06.806] [main/TRACE] [mixin/]: Added class metadata for com/simibubi/create/foundation/blockEntity/behaviour/filtering/FilteringRenderer to metadata cache
[04июл.2026 11:23:06.806] [main/TRACE] [mixin/]: Added class metadata for net/createmod/catnip/ghostblock/GhostBlockRenderer$TransparentGhostBlockRenderer to metadata cache
[04июл.2026 11:23:06.806] [main/TRACE] [mixin/]: Added class metadata for net/createmod/catnip/outliner/LineOutline to metadata cache
[04июл.2026 11:23:06.807] [main/TRACE] [mixin/]: Added class metadata for com/simibubi/create/content/redstone/link/LinkRenderer to metadata cache
[04июл.2026 11:23:06.808] [main/TRACE] [mixin/]: Added class metadata for net/createmod/catnip/outliner/Outline to metadata cache
[04июл.2026 11:23:06.808] [main/TRACE] [mixin/]: Added class metadata for net/createmod/catnip/placement/PlacementClient to metadata cache
[04июл.2026 11:23:06.808] [main/TRACE] [mixin/]: Added class metadata for com/simibubi/create/foundation/blockEntity/renderer/SafeBlockEntityRenderer to metadata cache
[04июл.2026 11:23:06.808] [main/TRACE] [mixin/]: Added class metadata for com/simibubi/create/foundation/blockEntity/behaviour/ValueBox to metadata cache
[04июл.2026 11:23:06.809] [main/TRACE] [mixin/]: Added class metadata for com/simibubi/create/content/schematics/client/SchematicHandler to metadata cache
[04июл.2026 11:23:06.809] [main/TRACE] [mixin/]: Added class metadata for com/simibubi/create/content/schematics/client/SchematicRenderer to metadata cache
[04июл.2026 11:23:06.809] [main/TRACE] [mixin/]: Added class metadata for com/simibubi/create/content/schematics/client/SchematicTransformation to metadata cache
[04июл.2026 11:23:06.809] [main/TRACE] [mixin/]: Added class metadata for com/simibubi/create/content/equipment/hats/EntityHats to metadata cache
[04июл.2026 11:23:06.810] [main/TRACE] [mixin/]: Added class metadata for com/simibubi/create/content/trains/track/TrackBlockOutline to metadata cache
[04июл.2026 11:23:06.810] [main/TRACE] [mixin/]: Added class metadata for com/simibubi/create/content/trains/track/TrackTargetingClient to metadata cache
[04июл.2026 11:23:06.811] [main/TRACE] [mixin/]: Added class metadata for com/simibubi/create/content/trains/entity/CarriageContraptionVisual to metadata cache
[04июл.2026 11:23:06.811] [main/TRACE] [mixin/]: Added class metadata for com/simibubi/create/content/equipment/symmetryWand/SymmetryHandler to metadata cache
[04июл.2026 11:23:06.811] [main/TRACE] [mixin/]: Added class metadata for dev/engine_room/flywheel/lib/visual/AbstractBlockEntityVisual to metadata cache
[04июл.2026 11:23:06.811] [main/TRACE] [mixin/]: Added class metadata for dev/engine_room/flywheel/impl/visualization/storage/BlockEntityStorage to metadata cache
[04июл.2026 11:23:06.811] [main/TRACE] [mixin/]: Added class metadata for dev/engine_room/flywheel/backend/engine/embed/EmbeddedEnvironment to metadata cache
[04июл.2026 11:23:06.812] [main/TRACE] [mixin/]: Added class metadata for dev/engine_room/flywheel/backend/engine/EngineImpl to metadata cache
[04июл.2026 11:23:06.812] [main/TRACE] [mixin/]: Added class metadata for dev/engine_room/flywheel/backend/engine/embed/EnvironmentStorage to metadata cache
[04июл.2026 11:23:06.812] [main/TRACE] [mixin/]: Added class metadata for dev/engine_room/flywheel/backend/engine/LightStorage to metadata cache
[04июл.2026 11:23:06.812] [main/TRACE] [mixin/]: Added class metadata for dev/engine_room/flywheel/backend/engine/indirect/MatrixBuffer to metadata cache
[04июл.2026 11:23:06.812] [main/TRACE] [mixin/]: Added class metadata for dev/engine_room/flywheel/impl/visualization/VisualizationManagerImpl$RenderDispatcherImpl to metadata cache
[04июл.2026 11:23:06.812] [main/TRACE] [mixin/]: Added class metadata for dev/engine_room/flywheel/backend/glsl/ShaderSources to metadata cache
[04июл.2026 11:23:06.813] [main/TRACE] [mixin/]: Added class metadata for dev/ryanhcode/sable/sound/MovingSoundInstanceDelegate to metadata cache
[04июл.2026 11:23:06.813] [main/DEBUG] [mixin/]: Preparing offroad.mixins.json (5)
[04июл.2026 11:23:06.814] [main/TRACE] [mixin/]: Added class metadata for com/simibubi/create/content/contraptions/MountedStorageManager to metadata cache
[04июл.2026 11:23:06.814] [main/TRACE] [mixin/]: Added class metadata for dev/ryanhcode/offroad/content/entities/BoreheadContraptionEntity to metadata cache
[04июл.2026 11:23:06.815] [main/DEBUG] [mixin/]: Preparing offroad.neoforge.mixins.json (1)
[04июл.2026 11:23:06.815] [main/TRACE] [mixin/]: Added class metadata for com/simibubi/create/api/contraption/storage/item/MountedItemStorage to metadata cache
[04июл.2026 11:23:06.815] [main/DEBUG] [mixin/]: Preparing neoforge.mixins.json (2)
[04июл.2026 11:23:06.815] [main/DEBUG] [mixin/]: Preparing createdieselgenerators.sable.mixins.json (1)
[04июл.2026 11:23:06.815] [main/DEBUG] [mixin/]: Preparing mixinextras.init.mixins.json (0)
[04июл.2026 11:23:06.815] [main/DEBUG] [mixin/]: Preparing createdieselgenerators.mixins.json (14)
[04июл.2026 11:23:06.816] [main/TRACE] [mixin/]: Added class metadata for com/simibubi/create/content/processing/basin/BasinRecipe to metadata cache
[04июл.2026 11:23:06.817] [main/TRACE] [mixin/]: Added class metadata for com/simibubi/create/content/decoration/copycat/CopycatBlock to metadata cache
[04июл.2026 11:23:06.817] [main/TRACE] [mixin/]: Added class metadata for net/minecraft/world/entity/monster/Creeper to metadata cache
[04июл.2026 11:23:06.817] [main/TRACE] [mixin/]: Added class metadata for net/minecraft/world/level/storage/loot/entries/LootItem to metadata cache
[04июл.2026 11:23:06.817] [main/DEBUG] [net.neoforged.accesstransformer.AccessTransformer/AXFORM]: Transforming net.minecraft.world.level.storage.loot.LootPool FIELD rolls to access PRIVATE and REMOVEFINAL
[04июл.2026 11:23:06.817] [main/DEBUG] [net.neoforged.accesstransformer.AccessTransformer/AXFORM]: Transforming net.minecraft.world.level.storage.loot.LootPool FIELD bonusRolls to access PRIVATE and REMOVEFINAL
[04июл.2026 11:23:06.818] [main/TRACE] [mixin/]: Added class metadata for net/minecraft/world/level/storage/loot/LootPool to metadata cache
[04июл.2026 11:23:06.819] [main/TRACE] [mixin/]: Added class metadata for net/minecraft/world/level/storage/loot/LootTable to metadata cache
[04июл.2026 11:23:06.820] [main/TRACE] [mixin/]: Added class metadata for com/simibubi/create/content/kinetics/press/MechanicalPressBlockEntity to metadata cache
[04июл.2026 11:23:06.820] [main/TRACE] [mixin/]: Added class metadata for com/simibubi/create/content/kinetics/simpleRelays/ShaftBlock to metadata cache
[04июл.2026 11:23:06.820] [main/TRACE] [mixin/]: Added class metadata for com/simibubi/create/content/processing/basin/BasinRenderer to metadata cache
[04июл.2026 11:23:06.826] [main/TRACE] [mixin/]: Added class metadata for org/spongepowered/asm/mixin/injection/At$Shift to metadata cache
[04июл.2026 11:23:06.828] [main/TRACE] [mixin/]: Added class metadata for java/lang/invoke/MethodHandles$Lookup to metadata cache
[04июл.2026 11:23:06.829] [main/TRACE] [mixin/]: Added class metadata for net/minecraft/Util$OS to metadata cache
[04июл.2026 11:23:06.830] [main/DEBUG] [net.neoforged.fml.common.asm.RuntimeDistCleaner/DISTXFORM]: Removing Class Annotation: com/mojang/blaze3d/platform/GlStateManager$SourceFactor @Lnet/neoforged/api/distmarker/OnlyIn;
[04июл.2026 11:23:06.830] [main/TRACE] [mixin/]: Added class metadata for com/mojang/blaze3d/platform/GlStateManager$SourceFactor to metadata cache
[04июл.2026 11:23:06.830] [main/DEBUG] [net.neoforged.fml.common.asm.RuntimeDistCleaner/DISTXFORM]: Removing Class Annotation: com/mojang/blaze3d/platform/GlStateManager$DestFactor @Lnet/neoforged/api/distmarker/OnlyIn;
[04июл.2026 11:23:06.830] [main/TRACE] [mixin/]: Added class metadata for com/mojang/blaze3d/platform/GlStateManager$DestFactor to metadata cache
[04июл.2026 11:23:06.830] [main/DEBUG] [net.neoforged.accesstransformer.AccessTransformer/AXFORM]: Transforming net.minecraft.client.renderer.RenderStateShard$OutputStateShard CLASS to access PUBLIC and LEAVE
[04июл.2026 11:23:06.830] [main/DEBUG] [net.neoforged.fml.common.asm.RuntimeDistCleaner/DISTXFORM]: Removing Class Annotation: net/minecraft/client/renderer/RenderStateShard$OutputStateShard @Lnet/neoforged/api/distmarker/OnlyIn;
[04июл.2026 11:23:06.830] [main/TRACE] [mixin/]: Added class metadata for net/minecraft/client/renderer/RenderStateShard$OutputStateShard to metadata cache
[04июл.2026 11:23:06.831] [main/TRACE] [mixin/]: Added class metadata for foundry/veil/impl/client/render/shader/program/ShaderProgramImpl$Wrapper to metadata cache
[04июл.2026 11:23:06.831] [main/DEBUG] [net.neoforged.fml.common.asm.RuntimeDistCleaner/DISTXFORM]: Removing Class Annotation: com/mojang/blaze3d/shaders/Program$Type @Lnet/neoforged/api/distmarker/OnlyIn;
[04июл.2026 11:23:06.831] [main/TRACE] [mixin/]: Added class metadata for com/mojang/blaze3d/shaders/Program$Type to metadata cache
[04июл.2026 11:23:06.831] [main/TRACE] [mixin/]: Added class metadata for foundry/veil/api/network/VeilPacketManager$PacketSink to metadata cache
[04июл.2026 11:23:06.834] [main/TRACE] [mixin/]: Added class metadata for foundry/veil/api/event/VeilRenderLevelStageEvent$Stage to metadata cache
[04июл.2026 11:23:06.834] [main/TRACE] [mixin/]: Added class metadata for foundry/veil/api/client/render/rendertype/VeilRenderType$RenderTypeWrapper to metadata cache
[04июл.2026 11:23:06.834] [main/TRACE] [mixin/]: Added class metadata for foundry/veil/api/client/render/rendertype/VeilRenderType$LayeredRenderType to metadata cache
[04июл.2026 11:23:06.834] [main/DEBUG] [net.neoforged.fml.common.asm.RuntimeDistCleaner/DISTXFORM]: Removing Class Annotation: net/minecraft/client/renderer/chunk/SectionRenderDispatcher$CompiledSection @Lnet/neoforged/api/distmarker/OnlyIn;
[04июл.2026 11:23:06.835] [main/TRACE] [mixin/]: Added class metadata for net/minecraft/client/renderer/chunk/SectionRenderDispatcher$CompiledSection to metadata cache
[04июл.2026 11:23:06.835] [main/DEBUG] [net.neoforged.fml.common.asm.RuntimeDistCleaner/DISTXFORM]: Removing Class Annotation: com/mojang/blaze3d/vertex/VertexFormat$Mode @Lnet/neoforged/api/distmarker/OnlyIn;
[04июл.2026 11:23:06.835] [main/TRACE] [mixin/]: Added class metadata for com/mojang/blaze3d/vertex/VertexFormat$Mode to metadata cache
[04июл.2026 11:23:06.836] [main/DEBUG] [net.neoforged.fml.common.asm.RuntimeDistCleaner/DISTXFORM]: Removing Class Annotation: com/mojang/blaze3d/vertex/PoseStack$Pose @Lnet/neoforged/api/distmarker/OnlyIn;
[04июл.2026 11:23:06.836] [main/TRACE] [mixin/]: Added class metadata for com/mojang/blaze3d/vertex/PoseStack$Pose to metadata cache
[04июл.2026 11:23:06.836] [main/TRACE] [mixin/]: Added class metadata for foundry/veil/api/client/render/texture/TextureTypeMetadataSection$Serializer to metadata cache
[04июл.2026 11:23:06.836] [main/TRACE] [mixin/]: Added class metadata for foundry/veil/mixin/pipeline/client/PipelineTextureManagerMixin$1 to metadata cache
[04июл.2026 11:23:06.836] [main/TRACE] [mixin/]: Added class metadata for foundry/veil/api/client/render/texture/TextureTypeMetadataSection$TextureType to metadata cache
[04июл.2026 11:23:06.836] [main/DEBUG] [net.neoforged.fml.common.asm.RuntimeDistCleaner/DISTXFORM]: Removing Class Annotation: com/mojang/blaze3d/vertex/VertexFormat$IndexType @Lnet/neoforged/api/distmarker/OnlyIn;
[04июл.2026 11:23:06.836] [main/TRACE] [mixin/]: Added class metadata for com/mojang/blaze3d/vertex/VertexFormat$IndexType to metadata cache
[04июл.2026 11:23:06.837] [main/DEBUG] [net.neoforged.accesstransformer.AccessTransformer/AXFORM]: Transforming net.minecraft.resources.RegistryDataLoader$Loader CLASS to access PUBLIC and LEAVE
[04июл.2026 11:23:06.837] [main/TRACE] [mixin/]: Added class metadata for net/minecraft/resources/RegistryDataLoader$Loader to metadata cache
[04июл.2026 11:23:06.837] [main/DEBUG] [net.neoforged.accesstransformer.AccessTransformer/AXFORM]: Transforming net.minecraft.client.renderer.RenderStateShard$EmptyTextureStateShard CLASS to access PUBLIC and LEAVE
[04июл.2026 11:23:06.838] [main/DEBUG] [net.neoforged.fml.common.asm.RuntimeDistCleaner/DISTXFORM]: Removing Class Annotation: net/minecraft/client/renderer/RenderStateShard$EmptyTextureStateShard @Lnet/neoforged/api/distmarker/OnlyIn;
[04июл.2026 11:23:06.838] [main/TRACE] [mixin/]: Added class metadata for net/minecraft/client/renderer/RenderStateShard$EmptyTextureStateShard to metadata cache
[04июл.2026 11:23:06.838] [main/DEBUG] [net.neoforged.accesstransformer.AccessTransformer/AXFORM]: Transforming net.minecraft.client.renderer.RenderStateShard$ShaderStateShard CLASS to access PUBLIC and LEAVE
[04июл.2026 11:23:06.838] [main/DEBUG] [net.neoforged.fml.common.asm.RuntimeDistCleaner/DISTXFORM]: Removing Class Annotation: net/minecraft/client/renderer/RenderStateShard$ShaderStateShard @Lnet/neoforged/api/distmarker/OnlyIn;
[04июл.2026 11:23:06.838] [main/TRACE] [mixin/]: Added class metadata for net/minecraft/client/renderer/RenderStateShard$ShaderStateShard to metadata cache
[04июл.2026 11:23:06.838] [main/DEBUG] [net.neoforged.accesstransformer.AccessTransformer/AXFORM]: Transforming net.minecraft.client.renderer.RenderStateShard$TransparencyStateShard CLASS to access PUBLIC and LEAVE
[04июл.2026 11:23:06.838] [main/DEBUG] [net.neoforged.fml.common.asm.RuntimeDistCleaner/DISTXFORM]: Removing Class Annotation: net/minecraft/client/renderer/RenderStateShard$TransparencyStateShard @Lnet/neoforged/api/distmarker/OnlyIn;
[04июл.2026 11:23:06.838] [main/TRACE] [mixin/]: Added class metadata for net/minecraft/client/renderer/RenderStateShard$TransparencyStateShard to metadata cache
[04июл.2026 11:23:06.838] [main/DEBUG] [net.neoforged.accesstransformer.AccessTransformer/AXFORM]: Transforming net.minecraft.client.renderer.RenderStateShard$DepthTestStateShard CLASS to access PUBLIC and LEAVE
[04июл.2026 11:23:06.838] [main/DEBUG] [net.neoforged.fml.common.asm.RuntimeDistCleaner/DISTXFORM]: Removing Class Annotation: net/minecraft/client/renderer/RenderStateShard$DepthTestStateShard @Lnet/neoforged/api/distmarker/OnlyIn;
[04июл.2026 11:23:06.838] [main/TRACE] [mixin/]: Added class metadata for net/minecraft/client/renderer/RenderStateShard$DepthTestStateShard to metadata cache
[04июл.2026 11:23:06.838] [main/DEBUG] [net.neoforged.accesstransformer.AccessTransformer/AXFORM]: Transforming net.minecraft.client.renderer.RenderStateShard$CullStateShard CLASS to access PUBLIC and LEAVE
[04июл.2026 11:23:06.838] [main/DEBUG] [net.neoforged.fml.common.asm.RuntimeDistCleaner/DISTXFORM]: Removing Class Annotation: net/minecraft/client/renderer/RenderStateShard$CullStateShard @Lnet/neoforged/api/distmarker/OnlyIn;
[04июл.2026 11:23:06.838] [main/TRACE] [mixin/]: Added class metadata for net/minecraft/client/renderer/RenderStateShard$CullStateShard to metadata cache
[04июл.2026 11:23:06.838] [main/DEBUG] [net.neoforged.accesstransformer.AccessTransformer/AXFORM]: Transforming net.minecraft.client.renderer.RenderStateShard$LightmapStateShard CLASS to access PUBLIC and LEAVE
[04июл.2026 11:23:06.838] [main/DEBUG] [net.neoforged.fml.common.asm.RuntimeDistCleaner/DISTXFORM]: Removing Class Annotation: net/minecraft/client/renderer/RenderStateShard$LightmapStateShard @Lnet/neoforged/api/distmarker/OnlyIn;
[04июл.2026 11:23:06.838] [main/TRACE] [mixin/]: Added class metadata for net/minecraft/client/renderer/RenderStateShard$LightmapStateShard to metadata cache
[04июл.2026 11:23:06.838] [main/DEBUG] [net.neoforged.accesstransformer.AccessTransformer/AXFORM]: Transforming net.minecraft.client.renderer.RenderStateShard$OverlayStateShard CLASS to access PUBLIC and LEAVE
[04июл.2026 11:23:06.838] [main/DEBUG] [net.neoforged.fml.common.asm.RuntimeDistCleaner/DISTXFORM]: Removing Class Annotation: net/minecraft/client/renderer/RenderStateShard$OverlayStateShard @Lnet/neoforged/api/distmarker/OnlyIn;
[04июл.2026 11:23:06.838] [main/TRACE] [mixin/]: Added class metadata for net/minecraft/client/renderer/RenderStateShard$OverlayStateShard to metadata cache
[04июл.2026 11:23:06.838] [main/DEBUG] [net.neoforged.accesstransformer.AccessTransformer/AXFORM]: Transforming net.minecraft.client.renderer.RenderStateShard$LayeringStateShard CLASS to access PUBLIC and LEAVE
[04июл.2026 11:23:06.838] [main/DEBUG] [net.neoforged.fml.common.asm.RuntimeDistCleaner/DISTXFORM]: Removing Class Annotation: net/minecraft/client/renderer/RenderStateShard$LayeringStateShard @Lnet/neoforged/api/distmarker/OnlyIn;
[04июл.2026 11:23:06.838] [main/TRACE] [mixin/]: Added class metadata for net/minecraft/client/renderer/RenderStateShard$LayeringStateShard to metadata cache
[04июл.2026 11:23:06.839] [main/DEBUG] [net.neoforged.accesstransformer.AccessTransformer/AXFORM]: Transforming net.minecraft.client.renderer.RenderStateShard$TexturingStateShard CLASS to access PUBLIC and LEAVE
[04июл.2026 11:23:06.839] [main/DEBUG] [net.neoforged.fml.common.asm.RuntimeDistCleaner/DISTXFORM]: Removing Class Annotation: net/minecraft/client/renderer/RenderStateShard$TexturingStateShard @Lnet/neoforged/api/distmarker/OnlyIn;
[04июл.2026 11:23:06.839] [main/TRACE] [mixin/]: Added class metadata for net/minecraft/client/renderer/RenderStateShard$TexturingStateShard to metadata cache
[04июл.2026 11:23:06.839] [main/DEBUG] [net.neoforged.accesstransformer.AccessTransformer/AXFORM]: Transforming net.minecraft.client.renderer.RenderStateShard$WriteMaskStateShard CLASS to access PUBLIC and LEAVE
[04июл.2026 11:23:06.839] [main/DEBUG] [net.neoforged.fml.common.asm.RuntimeDistCleaner/DISTXFORM]: Removing Class Annotation: net/minecraft/client/renderer/RenderStateShard$WriteMaskStateShard @Lnet/neoforged/api/distmarker/OnlyIn;
[04июл.2026 11:23:06.839] [main/TRACE] [mixin/]: Added class metadata for net/minecraft/client/renderer/RenderStateShard$WriteMaskStateShard to metadata cache
[04июл.2026 11:23:06.839] [main/DEBUG] [net.neoforged.accesstransformer.AccessTransformer/AXFORM]: Transforming net.minecraft.client.renderer.RenderStateShard$LineStateShard CLASS to access PUBLIC and LEAVE
[04июл.2026 11:23:06.839] [main/DEBUG] [net.neoforged.fml.common.asm.RuntimeDistCleaner/DISTXFORM]: Removing Class Annotation: net/minecraft/client/renderer/RenderStateShard$LineStateShard @Lnet/neoforged/api/distmarker/OnlyIn;
[04июл.2026 11:23:06.839] [main/TRACE] [mixin/]: Added class metadata for net/minecraft/client/renderer/RenderStateShard$LineStateShard to metadata cache
[04июл.2026 11:23:06.839] [main/DEBUG] [net.neoforged.accesstransformer.AccessTransformer/AXFORM]: Transforming net.minecraft.client.renderer.RenderStateShard$ColorLogicStateShard CLASS to access PUBLIC and LEAVE
[04июл.2026 11:23:06.839] [main/DEBUG] [net.neoforged.fml.common.asm.RuntimeDistCleaner/DISTXFORM]: Removing Class Annotation: net/minecraft/client/renderer/RenderStateShard$ColorLogicStateShard @Lnet/neoforged/api/distmarker/OnlyIn;
[04июл.2026 11:23:06.839] [main/TRACE] [mixin/]: Added class metadata for net/minecraft/client/renderer/RenderStateShard$ColorLogicStateShard to metadata cache
[04июл.2026 11:23:06.839] [main/DEBUG] [net.neoforged.accesstransformer.AccessTransformer/AXFORM]: Transforming net.minecraft.client.renderer.RenderType$OutlineProperty CLASS to access PUBLIC and LEAVE
[04июл.2026 11:23:06.839] [main/DEBUG] [net.neoforged.fml.common.asm.RuntimeDistCleaner/DISTXFORM]: Removing Class Annotation: net/minecraft/client/renderer/RenderType$OutlineProperty @Lnet/neoforged/api/distmarker/OnlyIn;
[04июл.2026 11:23:06.839] [main/TRACE] [mixin/]: Added class metadata for net/minecraft/client/renderer/RenderType$OutlineProperty to metadata cache
[04июл.2026 11:23:06.840] [main/TRACE] [mixin/]: Added class metadata for com/google/common/collect/ImmutableList$Builder to metadata cache
[04июл.2026 11:23:06.840] [main/DEBUG] [net.neoforged.accesstransformer.AccessTransformer/AXFORM]: Transforming net.minecraft.client.renderer.RenderType$CompositeRenderType CLASS to access PUBLIC and LEAVE
[04июл.2026 11:23:06.840] [main/DEBUG] [net.neoforged.accesstransformer.AccessTransformer/AXFORM]: Transforming net.minecraft.client.renderer.RenderType$CompositeRenderType METHOD state()Lnet/minecraft/client/renderer/RenderType$CompositeState; to access PUBLIC and LEAVE
[04июл.2026 11:23:06.840] [main/DEBUG] [net.neoforged.fml.common.asm.RuntimeDistCleaner/DISTXFORM]: Removing Class Annotation: net/minecraft/client/renderer/RenderType$CompositeRenderType @Lnet/neoforged/api/distmarker/OnlyIn;
[04июл.2026 11:23:06.840] [main/TRACE] [mixin/]: Added class metadata for net/minecraft/client/renderer/RenderType$CompositeRenderType to metadata cache
[04июл.2026 11:23:06.840] [main/TRACE] [mixin/]: Added class metadata for java/util/Map$Entry to metadata cache
[04июл.2026 11:23:06.840] [main/TRACE] [mixin/]: Added class metadata for foundry/veil/mixin/resource/ResourceVanillaPackResourcesMixin$1 to metadata cache
[04июл.2026 11:23:06.840] [main/TRACE] [mixin/]: Added class metadata for foundry/veil/ext/PackResourcesExtension$PackResourceConsumer to metadata cache
[04июл.2026 11:23:06.841] [main/DEBUG] [mixin/]: Inner class foundry/veil/mixin/resource/ResourceVanillaPackResourcesMixin$1 in foundry/veil/mixin/resource/ResourceVanillaPackResourcesMixin on net/minecraft/server/packs/VanillaPackResources gets unique name net/minecraft/server/packs/VanillaPackResources$Anonymous$770eca78f46a4ef3b4770df688c40961
[04июл.2026 11:23:06.841] [main/DEBUG] [net.neoforged.accesstransformer.AccessTransformer/AXFORM]: Transforming net.minecraft.client.resources.model.AtlasSet$AtlasEntry CLASS to access PUBLIC and LEAVE
[04июл.2026 11:23:06.841] [main/DEBUG] [net.neoforged.fml.common.asm.RuntimeDistCleaner/DISTXFORM]: Removing Class Annotation: net/minecraft/client/resources/model/AtlasSet$AtlasEntry @Lnet/neoforged/api/distmarker/OnlyIn;
[04июл.2026 11:23:06.841] [main/TRACE] [mixin/]: Added class metadata for net/minecraft/client/resources/model/AtlasSet$AtlasEntry to metadata cache
[04июл.2026 11:23:06.842] [main/TRACE] [mixin/]: Added class metadata for foundry/veil/impl/client/render/shader/program/ShaderProgramImpl$ShaderWrapper to metadata cache
[04июл.2026 11:23:06.842] [main/TRACE] [mixin/]: Added class metadata for foundry/veil/forge/mixin/resources/PathPackResourcesMixin$1 to metadata cache
[04июл.2026 11:23:06.842] [main/DEBUG] [mixin/]: Inner class foundry/veil/forge/mixin/resources/PathPackResourcesMixin$1 in foundry/veil/forge/mixin/resources/PathPackResourcesMixin on net/minecraft/server/packs/PathPackResources gets unique name net/minecraft/server/packs/PathPackResources$Anonymous$644d158328a848b98b3429a2f9405637
[04июл.2026 11:23:06.843] [main/TRACE] [mixin/]: Added class metadata for foundry/veil/api/event/VeilRegisterBlockLayersEvent$Registry to metadata cache
[04июл.2026 11:23:06.843] [main/TRACE] [mixin/]: Added class metadata for dev/engine_room/flywheel/lib/visualization/SimpleBlockEntityVisualizer$Factory to metadata cache
[04июл.2026 11:23:06.843] [main/TRACE] [mixin/]: Added class metadata for net/minecraft/world/item/CreativeModeTab$ItemDisplayParameters to metadata cache
[04июл.2026 11:23:06.844] [main/TRACE] [mixin/]: Added class metadata for com/simibubi/create/content/kinetics/base/IRotate$StressImpact to metadata cache
[04июл.2026 11:23:06.844] [main/TRACE] [mixin/]: Added class metadata for net/minecraft/world/item/Item$Properties to metadata cache
[04июл.2026 11:23:06.844] [main/TRACE] [mixin/]: Added class metadata for dev/simulated_team/simulated/util/extra_kinetics/ExtraKinetics$ExtraKineticsBlock to metadata cache
[04июл.2026 11:23:06.844] [main/TRACE] [mixin/]: Added class metadata for net/minecraft/core/HolderLookup$Provider to metadata cache
[04июл.2026 11:23:06.844] [main/TRACE] [mixin/]: Added class metadata for com/simibubi/create/foundation/blockEntity/SmartBlockEntity to metadata cache
[04июл.2026 11:23:06.846] [main/TRACE] [mixin/]: Added class metadata for dev/simulated_team/simulated/util/extra_kinetics/ExtraKinetics$ExtraKineticsBlockEntity to metadata cache
[04июл.2026 11:23:06.846] [main/TRACE] [mixin/]: Added class metadata for dev/simulated_team/simulated/index/SimTags$Misc to metadata cache
[04июл.2026 11:23:06.847] [main/TRACE] [mixin/]: Added class metadata for net/minecraft/world/level/dimension/end/EndDragonFight$Data to metadata cache
[04июл.2026 11:23:06.847] [main/TRACE] [mixin/]: Added class metadata for net/minecraft/world/level/storage/PrimaryLevelData$SpecialWorldProperty to metadata cache
[04июл.2026 11:23:06.847] [main/DEBUG] [net.neoforged.fml.common.asm.RuntimeDistCleaner/DISTXFORM]: Removing Class Annotation: com/mojang/blaze3d/platform/InputConstants$Key @Lnet/neoforged/api/distmarker/OnlyIn;
[04июл.2026 11:23:06.847] [main/TRACE] [mixin/]: Added class metadata for com/mojang/blaze3d/platform/InputConstants$Key to metadata cache
[04июл.2026 11:23:06.847] [main/TRACE] [mixin/]: Added class metadata for dev/simulated_team/simulated/client/sections/SimulatedSection$Title to metadata cache
[04июл.2026 11:23:06.849] [main/TRACE] [mixin/]: Added class metadata for dev/simulated_team/simulated/util/click_interactions/InteractCallback$Input to metadata cache
[04июл.2026 11:23:06.849] [main/TRACE] [mixin/]: Added class metadata for dev/simulated_team/simulated/util/click_interactions/InteractCallback$Result to metadata cache
[04июл.2026 11:23:06.850] [main/TRACE] [mixin/]: Added class metadata for net/createmod/catnip/animation/LerpedFloat$Chaser to metadata cache
[04июл.2026 11:23:06.850] [main/TRACE] [mixin/]: Added class metadata for net/createmod/ponder/foundation/PonderScene$SceneCamera to metadata cache
[04июл.2026 11:23:06.850] [main/TRACE] [mixin/]: Added class metadata for net/minecraft/world/item/Item$TooltipContext to metadata cache
[04июл.2026 11:23:06.851] [main/TRACE] [mixin/]: Added class metadata for net/minecraft/world/phys/HitResult$Type to metadata cache
[04июл.2026 11:23:06.851] [main/DEBUG] [net.neoforged.fml.common.asm.RuntimeDistCleaner/DISTXFORM]: Removing Class Annotation: net/minecraft/client/gui/screens/worldselection/WorldCreationUiState$WorldTypeEntry @Lnet/neoforged/api/distmarker/OnlyIn;
[04июл.2026 11:23:06.851] [main/TRACE] [mixin/]: Added class metadata for net/minecraft/client/gui/screens/worldselection/WorldCreationUiState$WorldTypeEntry to metadata cache
[04июл.2026 11:23:06.851] [main/DEBUG] [net.neoforged.fml.common.asm.RuntimeDistCleaner/DISTXFORM]: Removing Class Annotation: net/minecraft/client/gui/layouts/GridLayout$RowHelper @Lnet/neoforged/api/distmarker/OnlyIn;
[04июл.2026 11:23:06.851] [main/TRACE] [mixin/]: Added class metadata for net/minecraft/client/gui/layouts/GridLayout$RowHelper to metadata cache
[04июл.2026 11:23:06.852] [main/TRACE] [mixin/]: Added class metadata for dev/ryanhcode/sable/api/SubLevelAssemblyHelper$AssemblyTransform to metadata cache
[04июл.2026 11:23:06.852] [main/TRACE] [mixin/]: Added class metadata for dev/eriksonn/aeronautics/index/AeroTags$ItemTags to metadata cache
[04июл.2026 11:23:06.852] [main/TRACE] [mixin/]: Added class metadata for net/minecraft/core/component/DataComponentPatch$Builder to metadata cache
[04июл.2026 11:23:06.852] [main/TRACE] [mixin/]: Added class metadata for dev/eriksonn/aeronautics/index/AeroTags$BlockTags to metadata cache
[04июл.2026 11:23:06.853] [main/TRACE] [mixin/]: Added class metadata for net/createmod/ponder/foundation/instruction/FadeIntoSceneInstruction to metadata cache
[04июл.2026 11:23:06.853] [main/TRACE] [mixin/]: Added class metadata for net/createmod/catnip/config/ConfigBase$ConfigInt to metadata cache
[04июл.2026 11:23:06.853] [main/TRACE] [mixin/]: Added class metadata for dev/ryanhcode/sable/api/block/BlockSubLevelLiftProvider$LiftProviderContext to metadata cache
[04июл.2026 11:23:06.854] [main/TRACE] [mixin/]: Added class metadata for net/minecraft/world/item/component/Tool$Rule to metadata cache
[04июл.2026 11:23:06.854] [main/DEBUG] [net.neoforged.fml.common.asm.RuntimeDistCleaner/DISTXFORM]: Removing Class Annotation: net/minecraft/client/particle/TextureSheetParticle @Lnet/neoforged/api/distmarker/OnlyIn;
[04июл.2026 11:23:06.854] [main/TRACE] [mixin/]: Added class metadata for net/minecraft/client/particle/TextureSheetParticle to metadata cache
[04июл.2026 11:23:06.854] [main/DEBUG] [net.neoforged.fml.common.asm.RuntimeDistCleaner/DISTXFORM]: Removing Class Annotation: net/minecraft/client/particle/SingleQuadParticle @Lnet/neoforged/api/distmarker/OnlyIn;
[04июл.2026 11:23:06.855] [main/TRACE] [mixin/]: Added class metadata for net/minecraft/client/particle/SingleQuadParticle to metadata cache
[04июл.2026 11:23:06.855] [main/TRACE] [mixin/]: Added class metadata for dev/engine_room/flywheel/api/visualization/VisualizationManager$RenderDispatcher to metadata cache
[04июл.2026 11:23:06.856] [main/TRACE] [mixin/]: Added class metadata for net/minecraft/world/level/storage/LevelStorageSource$LevelStorageAccess to metadata cache
[04июл.2026 11:23:06.856] [main/TRACE] [mixin/]: Added class metadata for org/jetbrains/annotations/ApiStatus$ScheduledForRemoval to metadata cache
[04июл.2026 11:23:06.856] [main/TRACE] [mixin/]: Added class metadata for com/simibubi/create/content/equipment/clipboard/ClipboardOverrides$ClipboardType to metadata cache
[04июл.2026 11:23:06.857] [main/TRACE] [mixin/]: Added class metadata for net/createmod/catnip/config/ConfigBase$ConfigBool to metadata cache
[04июл.2026 11:23:06.857] [main/TRACE] [mixin/]: Added class metadata for net/minecraft/world/item/enchantment/ItemEnchantments$Mutable to metadata cache
[04июл.2026 11:23:06.857] [main/TRACE] [mixin/]: Added class metadata for net/minecraft/core/Direction$Axis to metadata cache
[04июл.2026 11:23:06.857] [main/TRACE] [mixin/]: Added class metadata for net/minecraft/world/level/storage/loot/predicates/LootItemCondition$Builder to metadata cache
[04июл.2026 11:23:06.858] [main/TRACE] [mixin/]: Added class metadata for net/neoforged/neoforge/fluids/FluidInteractionRegistry$InteractionInformation to metadata cache
[04июл.2026 11:23:06.858] [main/DEBUG] [net.neoforged.accesstransformer.AccessTransformer/AXFORM]: Transforming net.minecraft.data.models.ItemModelGenerators$TrimModelData CLASS to access PUBLIC and LEAVE
[04июл.2026 11:23:06.858] [main/DEBUG] [net.neoforged.accesstransformer.AccessTransformer/AXFORM]: Transforming net.minecraft.data.models.ItemModelGenerators$TrimModelData METHOD <init>(Ljava/lang/String;FLjava/util/Map;)V to access PUBLIC and LEAVE
[04июл.2026 11:23:06.858] [main/TRACE] [mixin/]: Added class metadata for net/minecraft/data/models/ItemModelGenerators$TrimModelData to metadata cache
[04июл.2026 11:23:06.858] [main/TRACE] [mixin/]: Added class metadata for net/minecraft/core/Holder$Reference to metadata cache
[04июл.2026 11:23:06.858] [main/DEBUG] [net.neoforged.accesstransformer.AccessTransformer/AXFORM]: Transforming net.minecraft.world.item.alchemy.PotionBrewing$Mix CLASS to access PUBLIC and LEAVE
[04июл.2026 11:23:06.859] [main/TRACE] [mixin/]: Added class metadata for net/minecraft/world/item/alchemy/PotionBrewing$Mix to metadata cache
[04июл.2026 11:23:06.859] [main/TRACE] [mixin/]: Added class metadata for net/minecraft/world/item/ProjectileItem$DispenseConfig to metadata cache
[04июл.2026 11:23:06.859] [main/TRACE] [mixin/]: Added class metadata for com/simibubi/create/foundation/utility/DataFixerHelper$BlockPosFixer to metadata cache
[04июл.2026 11:23:06.859] [main/TRACE] [mixin/]: Added class metadata for com/mojang/datafixers/DSL$TypeReference to metadata cache
[04июл.2026 11:23:06.859] [main/TRACE] [mixin/]: Added class metadata for com/mojang/datafixers/DataFix to metadata cache
[04июл.2026 11:23:06.859] [main/DEBUG] [net.neoforged.accesstransformer.AccessTransformer/AXFORM]: Transforming net.minecraft.util.datafix.fixes.ItemStackComponentizationFix$ItemStackData CLASS to access PUBLIC and LEAVE
[04июл.2026 11:23:06.859] [main/TRACE] [mixin/]: Added class metadata for net/minecraft/util/datafix/fixes/ItemStackComponentizationFix$ItemStackData to metadata cache
[04июл.2026 11:23:06.861] [main/TRACE] [mixin/]: Added class metadata for net/minecraft/world/level/levelgen/structure/templatesystem/StructureTemplate$StructureBlockInfo to metadata cache
[04июл.2026 11:23:06.861] [main/DEBUG] [net.neoforged.fml.common.asm.RuntimeDistCleaner/DISTXFORM]: Removing Class Annotation: net/minecraft/client/model/HumanoidModel$ArmPose @Lnet/neoforged/api/distmarker/OnlyIn;
[04июл.2026 11:23:06.861] [main/TRACE] [mixin/]: Added class metadata for net/minecraft/client/model/HumanoidModel$ArmPose to metadata cache
[04июл.2026 11:23:06.861] [main/TRACE] [mixin/]: Added class metadata for net/minecraft/world/level/block/entity/BaseContainerBlockEntity to metadata cache
[04июл.2026 11:23:06.862] [main/TRACE] [mixin/]: Added class metadata for dev/ryanhcode/sable/physics/config/block_properties/PhysicsBlockPropertyTypes$PhysicsBlockPropertyType to metadata cache
[04июл.2026 11:23:06.862] [main/TRACE] [mixin/]: Added class metadata for net/minecraft/core/BlockPos$MutableBlockPos to metadata cache
[04июл.2026 11:23:06.862] [main/TRACE] [mixin/]: Added class metadata for net/minecraft/world/level/ClipContext$Block to metadata cache
[04июл.2026 11:23:06.862] [main/TRACE] [mixin/]: Added class metadata for net/minecraft/world/level/ClipContext$Fluid to metadata cache
[04июл.2026 11:23:06.863] [main/TRACE] [mixin/]: Added class metadata for dev/ryanhcode/sable/api/command/SubLevelArgumentType$Info to metadata cache
[04июл.2026 11:23:06.863] [main/TRACE] [mixin/]: Added class metadata for net/minecraft/commands/synchronization/ArgumentTypeInfo$Template to metadata cache
[04июл.2026 11:23:06.863] [main/TRACE] [mixin/]: Added class metadata for net/minecraft/server/commands/data/DataCommands$DataProvider to metadata cache
[04июл.2026 11:23:06.864] [main/TRACE] [mixin/]: Added class metadata for net/minecraft/world/level/pathfinder/NodeEvaluator to metadata cache
[04июл.2026 11:23:06.865] [main/TRACE] [mixin/]: Added class metadata for net/minecraft/commands/arguments/EntityAnchorArgument$Anchor to metadata cache
[04июл.2026 11:23:06.865] [main/DEBUG] [net.neoforged.accesstransformer.AccessTransformer/AXFORM]: Transforming net.minecraft.world.entity.vehicle.VehicleEntity METHOD getDropItem()Lnet/minecraft/world/item/Item; to access PROTECTED and LEAVE
[04июл.2026 11:23:06.865] [main/TRACE] [mixin/]: Added class metadata for net/minecraft/world/entity/vehicle/VehicleEntity to metadata cache
[04июл.2026 11:23:06.866] [main/TRACE] [mixin/]: Added class metadata for dev/ryanhcode/sable/sublevel/entity_collision/SubLevelEntityCollision$CollisionInfo to metadata cache
[04июл.2026 11:23:06.866] [main/TRACE] [mixin/]: Added class metadata for net/minecraft/world/entity/Entity$RemovalReason to metadata cache
[04июл.2026 11:23:06.866] [main/TRACE] [mixin/]: Added class metadata for dev/ryanhcode/sable/sublevel/entity_collision/SubLevelEntityCollision$FirstCollisionInfo to metadata cache
[04июл.2026 11:23:06.866] [main/TRACE] [mixin/]: Added class metadata for net/minecraft/world/entity/LivingEntity$Fallsounds to metadata cache
[04июл.2026 11:23:06.867] [main/DEBUG] [net.neoforged.accesstransformer.AccessTransformer/AXFORM]: Transforming net.minecraft.server.level.ChunkMap$DistanceManager CLASS to access PUBLIC and LEAVE
[04июл.2026 11:23:06.867] [main/TRACE] [mixin/]: Added class metadata for net/minecraft/server/level/ChunkMap$DistanceManager to metadata cache
[04июл.2026 11:23:06.867] [main/TRACE] [mixin/]: Added class metadata for net/minecraft/world/level/Level$ExplosionInteraction to metadata cache
[04июл.2026 11:23:06.868] [main/TRACE] [mixin/]: Added class metadata for net/minecraft/BlockUtil$FoundRectangle to metadata cache
[04июл.2026 11:23:06.868] [main/TRACE] [mixin/]: Added class metadata for dev/ryanhcode/sable/sublevel/tracking_points/SubLevelTrackingPointSavedData$TakenLoginPoint to metadata cache
[04июл.2026 11:23:06.868] [main/DEBUG] [net.neoforged.accesstransformer.AccessTransformer/AXFORM]: Transforming net.minecraft.server.level.ServerPlayer$RespawnPosAngle CLASS to access PUBLIC and LEAVE
[04июл.2026 11:23:06.869] [main/DEBUG] [net.neoforged.accesstransformer.AccessTransformer/AXFORM]: Transforming net.minecraft.server.level.ServerPlayer$RespawnPosAngle METHOD <init>(Lnet/minecraft/world/phys/Vec3;F)V to access PUBLIC and LEAVE
[04июл.2026 11:23:06.869] [main/TRACE] [mixin/]: Added class metadata for net/minecraft/server/level/ServerPlayer$RespawnPosAngle to metadata cache
[04июл.2026 11:23:06.869] [main/TRACE] [mixin/]: Added class metadata for net/minecraft/world/level/gameevent/GameEvent$Context to metadata cache
[04июл.2026 11:23:06.869] [main/TRACE] [mixin/]: Added class metadata for net/minecraft/world/level/gameevent/vibrations/VibrationSystem$Data to metadata cache
[04июл.2026 11:23:06.869] [main/TRACE] [mixin/]: Added class metadata for net/minecraft/world/level/gameevent/vibrations/VibrationSystem$User to metadata cache
[04июл.2026 11:23:06.869] [main/TRACE] [mixin/]: Added class metadata for dev/ryanhcode/sable/mixin/udp/ConnectionMixin$1 to metadata cache
[04июл.2026 11:23:06.870] [main/TRACE] [mixin/]: Added class metadata for dev/ryanhcode/sable/mixin/udp/ConnectionMixin$2 to metadata cache
[04июл.2026 11:23:06.870] [main/DEBUG] [mixin/]: Inner class dev/ryanhcode/sable/mixin/udp/ConnectionMixin$2 in dev/ryanhcode/sable/mixin/udp/ConnectionMixin on net/minecraft/network/Connection gets unique name net/minecraft/network/Connection$Anonymous$856dce4707574c028397241b418c10b1
[04июл.2026 11:23:06.870] [main/DEBUG] [mixin/]: Inner class dev/ryanhcode/sable/mixin/udp/ConnectionMixin$1 in dev/ryanhcode/sable/mixin/udp/ConnectionMixin on net/minecraft/network/Connection gets unique name net/minecraft/network/Connection$Anonymous$4596aa310c2749918d19620445caaf9f
[04июл.2026 11:23:06.870] [main/TRACE] [mixin/]: Added class metadata for net/neoforged/neoforge/common/ModConfigSpec$BooleanValue to metadata cache
[04июл.2026 11:23:06.870] [main/TRACE] [mixin/]: Added class metadata for dev/ryanhcode/sable/mixin/udp/ServerConnectionListenerMixin$1 to metadata cache
[04июл.2026 11:23:06.870] [main/TRACE] [mixin/]: Added class metadata for dev/ryanhcode/sable/mixin/udp/ServerConnectionListenerMixin$2 to metadata cache
[04июл.2026 11:23:06.870] [main/DEBUG] [mixin/]: Inner class dev/ryanhcode/sable/mixin/udp/ServerConnectionListenerMixin$2 in dev/ryanhcode/sable/mixin/udp/ServerConnectionListenerMixin on net/minecraft/server/network/ServerConnectionListener gets unique name net/minecraft/server/network/ServerConnectionListener$Anonymous$73b1e18a983941dc8a2b0973adc2e39b
[04июл.2026 11:23:06.870] [main/DEBUG] [mixin/]: Inner class dev/ryanhcode/sable/mixin/udp/ServerConnectionListenerMixin$1 in dev/ryanhcode/sable/mixin/udp/ServerConnectionListenerMixin on net/minecraft/server/network/ServerConnectionListener gets unique name net/minecraft/server/network/ServerConnectionListener$Anonymous$701a3edbc6bc406e8fef84d3acdd8583
[04июл.2026 11:23:06.870] [main/TRACE] [mixin/]: Added class metadata for dev/ryanhcode/sable/mixinhelpers/camera/camera_rotation/EntitySubLevelRotationHelper$Type to metadata cache
[04июл.2026 11:23:06.871] [main/TRACE] [mixin/]: Added class metadata for net/neoforged/neoforge/common/ModConfigSpec$DoubleValue to metadata cache
[04июл.2026 11:23:06.871] [main/TRACE] [mixin/]: Added class metadata for dev/ryanhcode/sable/mixin/camera/new_camera_types/CameraTypeMixin$1 to metadata cache
[04июл.2026 11:23:06.871] [main/TRACE] [mixin/]: Added class metadata for dev/ryanhcode/sable/mixin/clip_overwrite/ClientLevelMixin$1 to metadata cache
[04июл.2026 11:23:06.871] [main/DEBUG] [mixin/]: Inner class dev/ryanhcode/sable/mixin/clip_overwrite/ClientLevelMixin$1 in dev/ryanhcode/sable/mixin/clip_overwrite/ClientLevelMixin on net/minecraft/client/multiplayer/ClientLevel gets unique name net/minecraft/client/multiplayer/ClientLevel$Anonymous$4c63b8bd6bd6461ca3df1c0538e4350d
[04июл.2026 11:23:06.872] [main/DEBUG] [net.neoforged.fml.common.asm.RuntimeDistCleaner/DISTXFORM]: Removing Class Annotation: net/minecraft/client/Camera$NearPlane @Lnet/neoforged/api/distmarker/OnlyIn;
[04июл.2026 11:23:06.872] [main/TRACE] [mixin/]: Added class metadata for net/minecraft/client/Camera$NearPlane to metadata cache
[04июл.2026 11:23:06.872] [main/DEBUG] [net.neoforged.fml.common.asm.RuntimeDistCleaner/DISTXFORM]: Removing Class Annotation: net/minecraft/client/gui/components/Button$OnPress @Lnet/neoforged/api/distmarker/OnlyIn;
[04июл.2026 11:23:06.872] [main/TRACE] [mixin/]: Added class metadata for net/minecraft/client/gui/components/Button$OnPress to metadata cache
[04июл.2026 11:23:06.872] [main/DEBUG] [net.neoforged.fml.common.asm.RuntimeDistCleaner/DISTXFORM]: Removing Class Annotation: net/minecraft/client/gui/components/Button$Builder @Lnet/neoforged/api/distmarker/OnlyIn;
[04июл.2026 11:23:06.872] [main/TRACE] [mixin/]: Added class metadata for net/minecraft/client/gui/components/Button$Builder to metadata cache
[04июл.2026 11:23:06.872] [main/DEBUG] [net.neoforged.fml.common.asm.RuntimeDistCleaner/DISTXFORM]: Removing Class Annotation: net/minecraft/client/particle/RisingParticle @Lnet/neoforged/api/distmarker/OnlyIn;
[04июл.2026 11:23:06.872] [main/TRACE] [mixin/]: Added class metadata for net/minecraft/client/particle/RisingParticle to metadata cache
[04июл.2026 11:23:06.873] [main/TRACE] [mixin/]: Added class metadata for net/minecraft/world/phys/shapes/Shapes$DoubleLineConsumer to metadata cache
[04июл.2026 11:23:06.873] [main/TRACE] [mixin/]: Added class metadata for net/minecraft/network/protocol/game/ClientboundLevelChunkPacketData$BlockEntityTagOutput to metadata cache
[04июл.2026 11:23:06.873] [main/TRACE] [mixin/]: Added class metadata for net/minecraft/world/level/levelgen/Heightmap$Types to metadata cache
[04июл.2026 11:23:06.873] [main/TRACE] [mixin/]: Added class metadata for dev/ryanhcode/sable/mixinterface/sublevel_render/vanilla/RenderSectionExtension$DirtyListener to metadata cache
[04июл.2026 11:23:06.873] [main/TRACE] [mixin/]: Added class metadata for dev/ryanhcode/sable/sublevel/render/dispatcher/SubLevelRenderDispatcher$BlockEntityRenderer to metadata cache
[04июл.2026 11:23:06.874] [main/DEBUG] [net.neoforged.fml.common.asm.RuntimeDistCleaner/DISTXFORM]: Removing Class Annotation: net/minecraft/client/sounds/ChannelAccess$ChannelHandle @Lnet/neoforged/api/distmarker/OnlyIn;
[04июл.2026 11:23:06.874] [main/TRACE] [mixin/]: Added class metadata for net/minecraft/client/sounds/ChannelAccess$ChannelHandle to metadata cache
[04июл.2026 11:23:06.874] [main/DEBUG] [net.neoforged.fml.common.asm.RuntimeDistCleaner/DISTXFORM]: Removing Class Annotation: net/minecraft/client/gui/components/toasts/SystemToast$SystemToastId @Lnet/neoforged/api/distmarker/OnlyIn;
[04июл.2026 11:23:06.874] [main/TRACE] [mixin/]: Added class metadata for net/minecraft/client/gui/components/toasts/SystemToast$SystemToastId to metadata cache
[04июл.2026 11:23:06.874] [main/TRACE] [mixin/]: Added class metadata for com/simibubi/create/foundation/blockEntity/CachedRenderBBBlockEntity to metadata cache
[04июл.2026 11:23:06.874] [main/TRACE] [mixin/]: Added class metadata for com/simibubi/create/foundation/blockEntity/SyncedBlockEntity to metadata cache
[04июл.2026 11:23:06.874] [main/TRACE] [mixin/]: Added class metadata for com/simibubi/create/content/processing/burner/BlazeBurnerBlock$HeatLevel to metadata cache
[04июл.2026 11:23:06.875] [main/TRACE] [mixin/]: Added class metadata for net/minecraft/world/level/block/state/BlockBehaviour$Properties to metadata cache
[04июл.2026 11:23:06.875] [main/TRACE] [mixin/]: Added class metadata for com/simibubi/create/content/contraptions/actors/AttachedActorBlock to metadata cache
[04июл.2026 11:23:06.875] [main/TRACE] [mixin/]: Added class metadata for com/simibubi/create/content/kinetics/belt/transport/BeltMovementHandler$TransportedEntityInfo to metadata cache
[04июл.2026 11:23:06.875] [main/TRACE] [mixin/]: Added class metadata for com/simibubi/create/foundation/utility/RaycastHelper$PredicateTraceResult to metadata cache
[04июл.2026 11:23:06.876] [main/DEBUG] [net.neoforged.accesstransformer.AccessTransformer/AXFORM]: Transforming net.minecraft.world.entity.decoration.HangingEntity METHOD recalculateBoundingBox()V to access PUBLIC and REMOVEFINAL
[04июл.2026 11:23:06.876] [main/DEBUG] [net.neoforged.accesstransformer.AccessTransformer/AXFORM]: Transforming net.minecraft.world.entity.decoration.HangingEntity METHOD calculateSupportBox()Lnet/minecraft/world/phys/AABB; to access PUBLIC and LEAVE
[04июл.2026 11:23:06.876] [main/TRACE] [mixin/]: Added class metadata for net/minecraft/world/entity/decoration/HangingEntity to metadata cache
[04июл.2026 11:23:06.876] [main/TRACE] [mixin/]: Added class metadata for net/minecraft/world/entity/decoration/BlockAttachedEntity to metadata cache
[04июл.2026 11:23:06.876] [main/TRACE] [mixin/]: Added class metadata for com/simibubi/create/content/kinetics/chainConveyor/ChainConveyorBlockEntity$ConnectionStats to metadata cache
[04июл.2026 11:23:06.877] [main/TRACE] [mixin/]: Added class metadata for com/simibubi/create/content/contraptions/AbstractContraptionEntity$ContraptionRotationState to metadata cache
[04июл.2026 11:23:06.877] [main/TRACE] [mixin/]: Added class metadata for com/simibubi/create/content/redstone/displayLink/LinkWithBulbBlockEntity to metadata cache
[04июл.2026 11:23:06.877] [main/TRACE] [mixin/]: Added class metadata for com/simibubi/create/content/logistics/depot/EjectorBlockEntity$State to metadata cache
[04июл.2026 11:23:06.877] [main/TRACE] [mixin/]: Added class metadata for net/minecraft/core/Direction$AxisDirection to metadata cache
[04июл.2026 11:23:06.878] [main/TRACE] [mixin/]: Added class metadata for com/simibubi/create/content/kinetics/chainConveyor/ChainConveyorBlockEntity$ConnectedPort to metadata cache
[04июл.2026 11:23:06.878] [main/TRACE] [mixin/]: Added class metadata for com/simibubi/create/content/kinetics/chainConveyor/ChainConveyorPackage$ChainConveyorPackagePhysicsData to metadata cache
[04июл.2026 11:23:06.878] [main/TRACE] [mixin/]: Added class metadata for net/neoforged/neoforge/fluids/capability/IFluidHandler$FluidAction to metadata cache
[04июл.2026 11:23:06.878] [main/TRACE] [mixin/]: Added class metadata for net/neoforged/neoforge/capabilities/Capabilities$ItemHandler to metadata cache
[04июл.2026 11:23:06.879] [main/TRACE] [mixin/]: Added class metadata for com/tterrag/registrate/builders/BlockEntityBuilder$BlockEntityFactory to metadata cache
[04июл.2026 11:23:06.879] [main/TRACE] [mixin/]: Added class metadata for com/simibubi/create/foundation/block/WrenchableDirectionalBlock to metadata cache
[04июл.2026 11:23:06.879] [main/TRACE] [mixin/]: Added class metadata for com/simibubi/create/content/schematics/client/tools/PlacementToolBase to metadata cache
[04июл.2026 11:23:06.879] [main/TRACE] [mixin/]: Added class metadata for net/createmod/catnip/outliner/Outline$OutlineParams to metadata cache
[04июл.2026 11:23:06.879] [main/TRACE] [mixin/]: Added class metadata for dev/ryanhcode/sable/api/schematic/SubLevelSchematicSerializationContext$Type to metadata cache
[04июл.2026 11:23:06.879] [main/TRACE] [mixin/]: Added class metadata for dev/ryanhcode/sable/api/schematic/SubLevelSchematicSerializationContext$SchematicMapping to metadata cache
[04июл.2026 11:23:06.879] [main/TRACE] [mixin/]: Added class metadata for com/simibubi/create/content/schematics/SchematicExport$SchematicExportResult to metadata cache
[04июл.2026 11:23:06.879] [main/TRACE] [mixin/]: Added class metadata for dev/ryanhcode/sable/neoforge/mixinterface/compatibility/create/schematics/SchematicLevelExtension$SchematicSubLevel to metadata cache
[04июл.2026 11:23:06.880] [main/TRACE] [mixin/]: Added class metadata for dev/ryanhcode/sable/neoforge/mixin/compatibility/create/schematics/SchematicPrinterMixin$1 to metadata cache
[04июл.2026 11:23:06.881] [main/TRACE] [mixin/]: Added class metadata for dev/ryanhcode/sable/neoforge/mixinterface/compatibility/create/schematics/StructureTemplateExtension$SubLevelTemplate to metadata cache
[04июл.2026 11:23:06.881] [main/TRACE] [mixin/]: Added class metadata for net/minecraft/util/AbortableIterationConsumer$Continuation to metadata cache
[04июл.2026 11:23:06.882] [main/TRACE] [mixin/]: Added class metadata for net/neoforged/neoforge/client/event/ViewportEvent$ComputeCameraAngles to metadata cache
[04июл.2026 11:23:06.882] [main/TRACE] [mixin/]: Added class metadata for dev/ryanhcode/sable/neoforge/compatibility/flywheel/FlywheelCompatNeoForge$SubLevelFlwRenderState to metadata cache
[04июл.2026 11:23:06.882] [main/TRACE] [mixin/]: Added class metadata for dev/engine_room/flywheel/lib/visual/AbstractEntityVisual to metadata cache
[04июл.2026 11:23:06.883] [main/DEBUG] [net.neoforged.fml.common.asm.RuntimeDistCleaner/DISTXFORM]: Removing Class Annotation: net/minecraft/client/particle/SimpleAnimatedParticle @Lnet/neoforged/api/distmarker/OnlyIn;
[04июл.2026 11:23:06.883] [main/TRACE] [mixin/]: Added class metadata for net/minecraft/client/particle/SimpleAnimatedParticle to metadata cache
[04июл.2026 11:23:06.884] [main/TRACE] [mixin/]: Added class metadata for com/simibubi/create/content/trains/track/TrackBlockOutline$BezierPointSelection to metadata cache
[04июл.2026 11:23:06.884] [main/TRACE] [mixin/]: Added class metadata for dev/engine_room/flywheel/impl/visualization/storage/Storage to metadata cache
[04июл.2026 11:23:06.885] [main/TRACE] [mixin/]: Added class metadata for dev/engine_room/flywheel/api/visual/DynamicVisual$Context to metadata cache
[04июл.2026 11:23:06.885] [main/TRACE] [mixin/]: Added class metadata for net/neoforged/neoforge/client/event/AddSectionGeometryEvent$AdditionalSectionRenderer to metadata cache
[04июл.2026 11:23:06.885] [main/DEBUG] [net.neoforged.fml.common.asm.RuntimeDistCleaner/DISTXFORM]: Removing Class Annotation: net/minecraft/client/renderer/chunk/SectionCompiler$Results @Lnet/neoforged/api/distmarker/OnlyIn;
[04июл.2026 11:23:06.885] [main/TRACE] [mixin/]: Added class metadata for net/minecraft/client/renderer/chunk/SectionCompiler$Results to metadata cache
[04июл.2026 11:23:06.886] [main/TRACE] [mixin/]: Added class metadata for dev/ryanhcode/offroad/handlers/client/MultiMiningClientHandler$ClientBlockBreakingData to metadata cache
[04июл.2026 11:23:06.886] [main/TRACE] [mixin/]: Added class metadata for com/jesz/createdieselgenerators/content/oil_barrel/OilBarrelBlock$OilBarrelColor to metadata cache
[04июл.2026 11:23:06.886] [main/TRACE] [mixin/]: Added class metadata for net/neoforged/neoforge/capabilities/Capabilities$FluidHandler to metadata cache
[04июл.2026 11:23:06.886] [main/TRACE] [mixin/]: Added class metadata for net/minecraft/world/entity/monster/Monster to metadata cache
[04июл.2026 11:23:06.887] [main/DEBUG] [net.neoforged.fml.common.asm.RuntimeDistCleaner/DISTXFORM]: Removing Class Annotation: net/minecraft/client/model/geom/ModelPart$Cube @Lnet/neoforged/api/distmarker/OnlyIn;
[04июл.2026 11:23:06.887] [main/TRACE] [mixin/]: Added class metadata for net/minecraft/client/model/geom/ModelPart$Cube to metadata cache
[04июл.2026 11:23:06.889] [main/DEBUG] [mixin/]: Prepared 672 mixins in 0,716 sec (1,1ms avg) (0ms load, 0ms transform, 0ms plugin)
[04июл.2026 11:23:06.891] [main/DEBUG] [net.neoforged.fml.common.asm.RuntimeDistCleaner/DISTXFORM]: Removing Class Annotation: net/minecraft/client/gui/screens/LoadingOverlay @Lnet/neoforged/api/distmarker/OnlyIn;
[04июл.2026 11:23:06.892] [main/DEBUG] [net.neoforged.fml.common.asm.RuntimeDistCleaner/DISTXFORM]: Removing Class Annotation: net/minecraft/client/gui/screens/Overlay @Lnet/neoforged/api/distmarker/OnlyIn;
[04июл.2026 11:23:06.892] [main/DEBUG] [net.neoforged.fml.common.asm.RuntimeDistCleaner/DISTXFORM]: Removing Class Annotation: net/minecraft/client/gui/components/Renderable @Lnet/neoforged/api/distmarker/OnlyIn;
[04июл.2026 11:23:06.893] [main/INFO] [MixinExtras|Service/]: Initializing MixinExtras via com.llamalad7.mixinextras.service.MixinExtrasServiceImpl(version=0.5.3).
[04июл.2026 11:23:06.894] [main/DEBUG] [mixin/]: Registering new injector for @SugarWrapper with com.llamalad7.mixinextras.sugar.impl.SugarWrapperInjectionInfo
[04июл.2026 11:23:06.894] [main/DEBUG] [mixin/]: Registering new injector for @FactoryRedirectWrapper with com.llamalad7.mixinextras.wrapper.factory.FactoryRedirectWrapperInjectionInfo
[04июл.2026 11:23:06.894] [main/DEBUG] [mixin/]: Registering new injector for @ExpressionInjectorWrapper with com.llamalad7.mixinextras.expression.impl.wrapper.ExpressionInjectorWrapperInjectionInfo
[04июл.2026 11:23:06.903] [main/DEBUG] [mixin/]: Mixing client.PerformanceAbstractTextureMixin from veil.performance.mixins.json into net.minecraft.client.renderer.texture.AbstractTexture
[04июл.2026 11:23:06.910] [main/TRACE] [mixin/]: Added class metadata for foundry/veil/api/client/render/VeilRenderSystem to metadata cache
[04июл.2026 11:23:06.910] [main/TRACE] [mixin/]: Added class metadata for org/spongepowered/asm/mixin/injection/callback/CallbackInfo to metadata cache
[04июл.2026 11:23:06.912] [main/TRACE] [mixin/]: Added class metadata for org/lwjgl/opengl/ARBDirectStateAccess to metadata cache
[04июл.2026 11:23:06.912] [main/DEBUG] [mixin/]: Mixing client.PipelineAbstractTextureMixin from veil.pipeline.mixins.json into net.minecraft.client.renderer.texture.AbstractTexture
[04июл.2026 11:23:06.914] [main/TRACE] [mixin/]: Added class metadata for java/lang/AutoCloseable to metadata cache
[04июл.2026 11:23:06.916] [main/TRACE] [mixin/]: Added class metadata for foundry/veil/ext/AbstractTextureExtension to metadata cache
[04июл.2026 11:23:06.940] [main/DEBUG] [mixin/]: veil.performance.mixins.json:client.PerformanceAbstractTextureMixin from mod veil->@Inject::setFilterDSA(ZZLorg/spongepowered/asm/mixin/injection/callback/CallbackInfo;)V does use it's CallbackInfo
[04июл.2026 11:23:06.940] [main/DEBUG] [mixin/]: veil.performance.mixins.json:client.PerformanceAbstractTextureMixin from mod veil->@Inject::bind(Lorg/spongepowered/asm/mixin/injection/callback/CallbackInfo;)V doesn't use it's CallbackInfo
[04июл.2026 11:23:06.940] [main/DEBUG] [mixin/]: veil.performance.mixins.json:client.PerformanceAbstractTextureMixin from mod veil->@Inject::bind(Lorg/spongepowered/asm/mixin/injection/callback/CallbackInfo;)V has 0 override(s) in child classes
[04июл.2026 11:23:06.940] [main/DEBUG] [mixin/]: veil.performance.mixins.json:client.PerformanceAbstractTextureMixin from mod veil->@Inject::bind(Lorg/spongepowered/asm/mixin/injection/callback/CallbackInfo;)V won't be passed a CallbackInfo as a result
[04июл.2026 11:23:06.941] [main/DEBUG] [net.neoforged.fml.common.asm.RuntimeDistCleaner/DISTXFORM]: Removing Class Annotation: net/minecraft/client/renderer/texture/AbstractTexture @Lnet/neoforged/api/distmarker/OnlyIn;
[04июл.2026 11:23:06.941] [main/DEBUG] [net.neoforged.fml.common.asm.RuntimeDistCleaner/DISTXFORM]: Removing Class Annotation: net/minecraft/client/gui/screens/LoadingOverlay$LogoTexture @Lnet/neoforged/api/distmarker/OnlyIn;
[04июл.2026 11:23:06.943] [main/DEBUG] [net.neoforged.fml.common.asm.RuntimeDistCleaner/DISTXFORM]: Removing Class Annotation: net/minecraft/client/renderer/texture/SimpleTexture @Lnet/neoforged/api/distmarker/OnlyIn;
[04июл.2026 11:23:06.944] [main/DEBUG] [net.neoforged.fml.common.asm.RuntimeDistCleaner/DISTXFORM]: Removing Class Annotation: com/mojang/blaze3d/vertex/VertexConsumer @Lnet/neoforged/api/distmarker/OnlyIn;
[04июл.2026 11:23:06.946] [main/DEBUG] [mixin/]: Mixing physics_staff.GuiGraphicsMixin from simulated.mixins.json into net.minecraft.client.gui.GuiGraphics
[04июл.2026 11:23:06.946] [main/TRACE] [mixin/]: Added class metadata for dev/simulated_team/simulated/index/SimItems to metadata cache
[04июл.2026 11:23:06.949] [main/TRACE] [mixin/]: Added class metadata for org/joml/Vector3f to metadata cache
[04июл.2026 11:23:06.950] [main/TRACE] [mixin/]: Added class metadata for org/joml/Vector3fc to metadata cache
[04июл.2026 11:23:06.950] [main/TRACE] [mixin/]: Added class metadata for java/io/Externalizable to metadata cache
[04июл.2026 11:23:06.950] [main/TRACE] [mixin/]: Added class metadata for java/io/Serializable to metadata cache
[04июл.2026 11:23:06.950] [main/TRACE] [mixin/]: Added class metadata for java/lang/Cloneable to metadata cache
[04июл.2026 11:23:06.950] [main/TRACE] [mixin/]: Added class metadata for org/joml/Matrix4fc to metadata cache
[04июл.2026 11:23:06.956] [main/TRACE] [mixin/]: Added class metadata for java/lang/Integer to metadata cache
[04июл.2026 11:23:06.957] [main/TRACE] [mixin/]: Added class metadata for com/llamalad7/mixinextras/injector/wrapoperation/Operation to metadata cache
[04июл.2026 11:23:06.958] [main/TRACE] [mixin/]: Added class metadata for net/neoforged/neoforge/client/extensions/IGuiGraphicsExtension to metadata cache
[04июл.2026 11:23:06.984] [main/DEBUG] [net.neoforged.fml.common.asm.RuntimeDistCleaner/DISTXFORM]: Removing Class Annotation: net/minecraft/client/gui/GuiGraphics @Lnet/neoforged/api/distmarker/OnlyIn;
[04июл.2026 11:23:06.994] [main/DEBUG] [net.neoforged.accesstransformer.AccessTransformer/AXFORM]: Transforming net.minecraft.client.Minecraft FIELD pendingConnection to access PUBLIC and LEAVE
[04июл.2026 11:23:06.996] [main/DEBUG] [mixin/]: Mixing client.DebugMinecraftMixin from veil.debug.mixins.json into net.minecraft.client.Minecraft
[04июл.2026 11:23:06.996] [main/TRACE] [mixin/]: Added class metadata for net/minecraft/util/thread/ReentrantBlockableEventLoop to metadata cache
[04июл.2026 11:23:06.996] [main/DEBUG] [net.neoforged.accesstransformer.AccessTransformer/AXFORM]: Transforming net.minecraft.util.thread.BlockableEventLoop METHOD submitAsync(Ljava/lang/Runnable;)Ljava/util/concurrent/CompletableFuture; to access PUBLIC and LEAVE
[04июл.2026 11:23:06.997] [main/TRACE] [mixin/]: Added class metadata for net/minecraft/util/thread/BlockableEventLoop to metadata cache
[04июл.2026 11:23:06.998] [main/TRACE] [mixin/]: Added class metadata for foundry/veil/Veil to metadata cache
[04июл.2026 11:23:07.003] [main/DEBUG] [mixin/]: Mixing client.PipelineMinecraftMixin from veil.pipeline.mixins.json into net.minecraft.client.Minecraft
[04июл.2026 11:23:07.004] [main/DEBUG] [mixin/]: Mixing client.MinecraftMixin from veil.neoforge.mixins.json into net.minecraft.client.Minecraft
[04июл.2026 11:23:07.004] [main/TRACE] [mixin/]: Added class metadata for net/neoforged/neoforge/common/NeoForge to metadata cache
[04июл.2026 11:23:07.005] [main/TRACE] [mixin/]: Added class metadata for foundry/veil/forge/event/ForgeFreeNativeResourcesEvent to metadata cache
[04июл.2026 11:23:07.005] [main/TRACE] [mixin/]: Added class metadata for net/neoforged/bus/api/Event to metadata cache
[04июл.2026 11:23:07.006] [main/TRACE] [mixin/]: Added class metadata for net/neoforged/bus/api/IEventBus to metadata cache
[04июл.2026 11:23:07.007] [main/DEBUG] [mixin/]: Mixing handle.MinecraftMixin from simulated.mixins.json into net.minecraft.client.Minecraft
[04июл.2026 11:23:07.007] [main/TRACE] [mixin/]: Added class metadata for dev/simulated_team/simulated/index/SimClickInteractions to metadata cache
[04июл.2026 11:23:07.008] [main/TRACE] [mixin/]: Added class metadata for dev/simulated_team/simulated/content/blocks/handle/ClientHandleHandler to metadata cache
[04июл.2026 11:23:07.008] [main/DEBUG] [mixin/]: Mixing custom_situational_music.MinecraftMixin from aeronautics.mixins.json into net.minecraft.client.Minecraft
[04июл.2026 11:23:07.008] [main/DEBUG] [mixin/]: aeronautics.mixins.json:custom_situational_music.MinecraftMixin from mod aeronautics: Class version 65 required is higher than the class version supported by the current version of Mixin (JAVA_18 supports class version 62)
[04июл.2026 11:23:07.010] [main/TRACE] [mixin/]: Added class metadata for dev/eriksonn/aeronautics/api/CustomSituationalMusic to metadata cache
[04июл.2026 11:23:07.010] [main/DEBUG] [mixin/]: Mixing MinecraftMixin from flywheel.impl.mixins.json into net.minecraft.client.Minecraft
[04июл.2026 11:23:07.011] [main/TRACE] [mixin/]: Added class metadata for dev/engine_room/flywheel/impl/FlwImpl to metadata cache
[04июл.2026 11:23:07.011] [main/TRACE] [mixin/]: Added class metadata for dev/engine_room/flywheel/api/event/EndClientResourceReloadEvent to metadata cache
[04июл.2026 11:23:07.011] [main/TRACE] [mixin/]: Added class metadata for net/neoforged/fml/event/IModBusEvent to metadata cache
[04июл.2026 11:23:07.012] [main/TRACE] [mixin/]: Added class metadata for net/neoforged/fml/ModLoader to metadata cache
[04июл.2026 11:23:07.012] [main/DEBUG] [mixin/]: Mixing client.WindowResizeMixin from ponder-common.mixins.json into net.minecraft.client.Minecraft
[04июл.2026 11:23:07.012] [main/DEBUG] [mixin/]: ponder-common.mixins.json:client.WindowResizeMixin from mod ponder: Class version 65 required is higher than the class version supported by the current version of Mixin (JAVA_17 supports class version 61)
[04июл.2026 11:23:07.013] [main/TRACE] [mixin/]: Added class metadata for net/createmod/catnip/gui/UIRenderHelper to metadata cache
[04июл.2026 11:23:07.013] [main/DEBUG] [mixin/]: Mixing accessor.MinecraftAccessor from create.mixins.json into net.minecraft.client.Minecraft
[04июл.2026 11:23:07.016] [main/DEBUG] [mixin/]: Mixing camera.new_camera_types.MinecraftMixin from sable.mixins.json into net.minecraft.client.Minecraft
[04июл.2026 11:23:07.016] [main/TRACE] [mixin/]: Added class metadata for dev/ryanhcode/sable/mixinhelpers/camera/new_camera_types/SableCameraTypes to metadata cache
[04июл.2026 11:23:07.018] [main/TRACE] [mixin/]: Added class metadata for dev/ryanhcode/sable/mixinterface/camera/camera_zoom/CameraZoomExtension to metadata cache
[04июл.2026 11:23:07.018] [main/TRACE] [mixin/]: Added class metadata for dev/ryanhcode/sable/Sable to metadata cache
[04июл.2026 11:23:07.019] [main/TRACE] [mixin/]: Added class metadata for dev/ryanhcode/sable/ActiveSableCompanion to metadata cache
[04июл.2026 11:23:07.019] [main/TRACE] [mixin/]: Added class metadata for dev/ryanhcode/sable/sublevel/SubLevel to metadata cache
[04июл.2026 11:23:07.020] [main/TRACE] [mixin/]: Added class metadata for dev/ryanhcode/sable/companion/math/Pose3d to metadata cache
[04июл.2026 11:23:07.020] [main/TRACE] [mixin/]: Added class metadata for dev/ryanhcode/sable/companion/math/Pose3dc to metadata cache
[04июл.2026 11:23:07.021] [main/TRACE] [mixin/]: Added class metadata for net/minecraft/world/phys/Vec3 to metadata cache
[04июл.2026 11:23:07.023] [main/TRACE] [mixin/]: Added class metadata for net/minecraft/network/chat/Component to metadata cache
[04июл.2026 11:23:07.023] [main/TRACE] [mixin/]: Added class metadata for net/minecraft/network/chat/MutableComponent to metadata cache
[04июл.2026 11:23:07.024] [main/DEBUG] [mixin/]: Mixing plot.MinecraftMixin from sable.mixins.json into net.minecraft.client.Minecraft
[04июл.2026 11:23:07.025] [main/TRACE] [mixin/]: Added class metadata for dev/ryanhcode/sable/SableClient to metadata cache
[04июл.2026 11:23:07.025] [main/TRACE] [mixin/]: Added class metadata for dev/ryanhcode/sable/network/client/SableClientNetworkEventLoop to metadata cache
[04июл.2026 11:23:07.025] [main/TRACE] [mixin/]: Added class metadata for dev/ryanhcode/sable/mixinterface/plot/SubLevelContainerHolder to metadata cache
[04июл.2026 11:23:07.026] [main/TRACE] [mixin/]: Added class metadata for dev/ryanhcode/sable/api/sublevel/SubLevelContainer to metadata cache
[04июл.2026 11:23:07.026] [main/DEBUG] [mixin/]: Mixing punching.MinecraftMixin from sable.mixins.json into net.minecraft.client.Minecraft
[04июл.2026 11:23:07.026] [main/TRACE] [mixin/]: Added class metadata for dev/ryanhcode/sable/index/SableTags to metadata cache
[04июл.2026 11:23:07.027] [main/TRACE] [mixin/]: Added class metadata for net/minecraft/world/item/ItemCooldowns to metadata cache
[04июл.2026 11:23:07.027] [main/TRACE] [mixin/]: Added class metadata for net/minecraft/world/phys/BlockHitResult to metadata cache
[04июл.2026 11:23:07.028] [main/TRACE] [mixin/]: Added class metadata for net/minecraft/world/level/material/FluidState to metadata cache
[04июл.2026 11:23:07.028] [main/TRACE] [mixin/]: Added class metadata for dev/ryanhcode/sable/network/client/ClientSubLevelPunchHelper to metadata cache
[04июл.2026 11:23:07.029] [main/TRACE] [mixin/]: Added class metadata for net/minecraft/util/profiling/metrics/ProfilerMeasured to metadata cache
[04июл.2026 11:23:07.029] [main/TRACE] [mixin/]: Added class metadata for java/util/concurrent/Executor to metadata cache
[04июл.2026 11:23:07.029] [main/TRACE] [mixin/]: Added class metadata for net/minecraft/util/thread/ProcessorHandle to metadata cache
[04июл.2026 11:23:07.029] [main/TRACE] [mixin/]: Added class metadata for net/neoforged/neoforge/client/extensions/IMinecraftExtension to metadata cache
[04июл.2026 11:23:07.029] [main/DEBUG] [net.neoforged.fml.common.asm.RuntimeDistCleaner/DISTXFORM]: Removing Class Annotation: com/mojang/blaze3d/platform/WindowEventHandler @Lnet/neoforged/api/distmarker/OnlyIn;
[04июл.2026 11:23:07.029] [main/TRACE] [mixin/]: Added class metadata for com/mojang/blaze3d/platform/WindowEventHandler to metadata cache
[04июл.2026 11:23:07.031] [main/TRACE] [mixin/]: Added class metadata for net/minecraft/sounds/Music to metadata cache
[04июл.2026 11:23:07.032] [main/TRACE] [mixin/]: Added class metadata for java/util/Optional to metadata cache
[04июл.2026 11:23:07.035] [main/TRACE] [mixin/]: Added class metadata for java/util/concurrent/CompletableFuture to metadata cache
[04июл.2026 11:23:07.040] [main/TRACE] [mixin/]: Added class metadata for org/spongepowered/asm/mixin/injection/callback/CallbackInfoReturnable to metadata cache
[04июл.2026 11:23:07.049] [main/DEBUG] [mixin/]: veil.pipeline.mixins.json:client.PipelineMinecraftMixin from mod veil->@Inject::beginFrame(Lorg/spongepowered/asm/mixin/injection/callback/CallbackInfo;)V doesn't use it's CallbackInfo
[04июл.2026 11:23:07.049] [main/DEBUG] [mixin/]: veil.pipeline.mixins.json:client.PipelineMinecraftMixin from mod veil->@Inject::beginFrame(Lorg/spongepowered/asm/mixin/injection/callback/CallbackInfo;)V has 0 override(s) in child classes
[04июл.2026 11:23:07.049] [main/DEBUG] [mixin/]: veil.pipeline.mixins.json:client.PipelineMinecraftMixin from mod veil->@Inject::beginFrame(Lorg/spongepowered/asm/mixin/injection/callback/CallbackInfo;)V won't be passed a CallbackInfo as a result
[04июл.2026 11:23:07.049] [main/DEBUG] [mixin/]: veil.pipeline.mixins.json:client.PipelineMinecraftMixin from mod veil->@Inject::endFrame(Lorg/spongepowered/asm/mixin/injection/callback/CallbackInfo;)V doesn't use it's CallbackInfo
[04июл.2026 11:23:07.049] [main/DEBUG] [mixin/]: veil.pipeline.mixins.json:client.PipelineMinecraftMixin from mod veil->@Inject::endFrame(Lorg/spongepowered/asm/mixin/injection/callback/CallbackInfo;)V has 0 override(s) in child classes
[04июл.2026 11:23:07.049] [main/DEBUG] [mixin/]: veil.pipeline.mixins.json:client.PipelineMinecraftMixin from mod veil->@Inject::endFrame(Lorg/spongepowered/asm/mixin/injection/callback/CallbackInfo;)V won't be passed a CallbackInfo as a result
[04июл.2026 11:23:07.049] [main/DEBUG] [mixin/]: veil.neoforge.mixins.json:client.MinecraftMixin from mod veil->@Inject::close(Lorg/spongepowered/asm/mixin/injection/callback/CallbackInfo;)V doesn't use it's CallbackInfo
[04июл.2026 11:23:07.049] [main/DEBUG] [mixin/]: veil.neoforge.mixins.json:client.MinecraftMixin from mod veil->@Inject::close(Lorg/spongepowered/asm/mixin/injection/callback/CallbackInfo;)V has 0 override(s) in child classes
[04июл.2026 11:23:07.049] [main/DEBUG] [mixin/]: veil.neoforge.mixins.json:client.MinecraftMixin from mod veil->@Inject::close(Lorg/spongepowered/asm/mixin/injection/callback/CallbackInfo;)V won't be passed a CallbackInfo as a result
[04июл.2026 11:23:07.049] [main/DEBUG] [mixin/]: simulated.mixins.json:handle.MinecraftMixin from mod simulated->@Inject::makeHandleHandlerCountUsing(Lorg/spongepowered/asm/mixin/injection/callback/CallbackInfo;)V doesn't use it's CallbackInfo
[04июл.2026 11:23:07.049] [main/DEBUG] [mixin/]: simulated.mixins.json:handle.MinecraftMixin from mod simulated->@Inject::makeHandleHandlerCountUsing(Lorg/spongepowered/asm/mixin/injection/callback/CallbackInfo;)V has 0 override(s) in child classes
[04июл.2026 11:23:07.049] [main/DEBUG] [mixin/]: simulated.mixins.json:handle.MinecraftMixin from mod simulated->@Inject::makeHandleHandlerCountUsing(Lorg/spongepowered/asm/mixin/injection/callback/CallbackInfo;)V won't be passed a CallbackInfo as a result
[04июл.2026 11:23:07.049] [main/DEBUG] [mixin/]: simulated.mixins.json:handle.MinecraftMixin from mod simulated->@Inject::makeHandleHandlerCountUsing(Lorg/spongepowered/asm/mixin/injection/callback/CallbackInfo;)V doesn't use it's CallbackInfo
[04июл.2026 11:23:07.049] [main/DEBUG] [mixin/]: simulated.mixins.json:handle.MinecraftMixin from mod simulated->@Inject::makeHandleHandlerCountUsing(Lorg/spongepowered/asm/mixin/injection/callback/CallbackInfo;)V has 0 override(s) in child classes
[04июл.2026 11:23:07.049] [main/DEBUG] [mixin/]: simulated.mixins.json:handle.MinecraftMixin from mod simulated->@Inject::makeHandleHandlerCountUsing(Lorg/spongepowered/asm/mixin/injection/callback/CallbackInfo;)V won't be passed a CallbackInfo as a result
[04июл.2026 11:23:07.049] [main/DEBUG] [mixin/]: simulated.mixins.json:handle.MinecraftMixin from mod simulated->@Inject::makeHandleHandlerCountUsing(Lorg/spongepowered/asm/mixin/injection/callback/CallbackInfo;)V doesn't use it's CallbackInfo
[04июл.2026 11:23:07.049] [main/DEBUG] [mixin/]: simulated.mixins.json:handle.MinecraftMixin from mod simulated->@Inject::makeHandleHandlerCountUsing(Lorg/spongepowered/asm/mixin/injection/callback/CallbackInfo;)V has 0 override(s) in child classes
[04июл.2026 11:23:07.049] [main/DEBUG] [mixin/]: simulated.mixins.json:handle.MinecraftMixin from mod simulated->@Inject::makeHandleHandlerCountUsing(Lorg/spongepowered/asm/mixin/injection/callback/CallbackInfo;)V won't be passed a CallbackInfo as a result
[04июл.2026 11:23:07.050] [main/DEBUG] [mixin/]: flywheel.impl.mixins.json:MinecraftMixin from mod flywheel->@Inject::flywheel$onBeginInitialResourceReload(Lorg/spongepowered/asm/mixin/injection/callback/CallbackInfo;)V doesn't use it's CallbackInfo
[04июл.2026 11:23:07.050] [main/DEBUG] [mixin/]: flywheel.impl.mixins.json:MinecraftMixin from mod flywheel->@Inject::flywheel$onBeginInitialResourceReload(Lorg/spongepowered/asm/mixin/injection/callback/CallbackInfo;)V has 0 override(s) in child classes
[04июл.2026 11:23:07.050] [main/DEBUG] [mixin/]: flywheel.impl.mixins.json:MinecraftMixin from mod flywheel->@Inject::flywheel$onBeginInitialResourceReload(Lorg/spongepowered/asm/mixin/injection/callback/CallbackInfo;)V won't be passed a CallbackInfo as a result
[04июл.2026 11:23:07.050] [main/DEBUG] [mixin/]: flywheel.impl.mixins.json:MinecraftMixin from mod flywheel->@Inject::flywheel$onEndInitialResourceReload(Ljava/lang/Object;Ljava/util/Optional;Lorg/spongepowered/asm/mixin/injection/callback/CallbackInfo;)V doesn't use it's CallbackInfo
[04июл.2026 11:23:07.050] [main/DEBUG] [mixin/]: flywheel.impl.mixins.json:MinecraftMixin from mod flywheel->@Inject::flywheel$onEndInitialResourceReload(Ljava/lang/Object;Ljava/util/Optional;Lorg/spongepowered/asm/mixin/injection/callback/CallbackInfo;)V has 0 override(s) in child classes
[04июл.2026 11:23:07.050] [main/DEBUG] [mixin/]: flywheel.impl.mixins.json:MinecraftMixin from mod flywheel->@Inject::flywheel$onEndInitialResourceReload(Ljava/lang/Object;Ljava/util/Optional;Lorg/spongepowered/asm/mixin/injection/callback/CallbackInfo;)V won't be passed a CallbackInfo as a result
[04июл.2026 11:23:07.050] [main/DEBUG] [net.neoforged.fml.common.asm.RuntimeDistCleaner/DISTXFORM]: Removing Class Annotation: net/minecraft/client/Minecraft$GameLoadCookie @Lnet/neoforged/api/distmarker/OnlyIn;
[04июл.2026 11:23:07.050] [main/TRACE] [mixin/]: Added class metadata for net/minecraft/client/Minecraft$GameLoadCookie to metadata cache
[04июл.2026 11:23:07.050] [main/DEBUG] [mixin/]: flywheel.impl.mixins.json:MinecraftMixin from mod flywheel->@Inject::flywheel$onEndManualResourceReload(ZLjava/lang/Object;Ljava/util/concurrent/CompletableFuture;Ljava/util/Optional;Lorg/spongepowered/asm/mixin/injection/callback/CallbackInfo;)V doesn't use it's CallbackInfo
[04июл.2026 11:23:07.050] [main/DEBUG] [mixin/]: flywheel.impl.mixins.json:MinecraftMixin from mod flywheel->@Inject::flywheel$onEndManualResourceReload(ZLjava/lang/Object;Ljava/util/concurrent/CompletableFuture;Ljava/util/Optional;Lorg/spongepowered/asm/mixin/injection/callback/CallbackInfo;)V has 0 override(s) in child classes
[04июл.2026 11:23:07.050] [main/DEBUG] [mixin/]: flywheel.impl.mixins.json:MinecraftMixin from mod flywheel->@Inject::flywheel$onEndManualResourceReload(ZLjava/lang/Object;Ljava/util/concurrent/CompletableFuture;Ljava/util/Optional;Lorg/spongepowered/asm/mixin/injection/callback/CallbackInfo;)V won't be passed a CallbackInfo as a result
[04июл.2026 11:23:07.050] [main/DEBUG] [mixin/]: ponder-common.mixins.json:client.WindowResizeMixin from mod ponder->@Inject::catnip$updateWindowSize(Lorg/spongepowered/asm/mixin/injection/callback/CallbackInfo;)V doesn't use it's CallbackInfo
[04июл.2026 11:23:07.050] [main/DEBUG] [mixin/]: ponder-common.mixins.json:client.WindowResizeMixin from mod ponder->@Inject::catnip$updateWindowSize(Lorg/spongepowered/asm/mixin/injection/callback/CallbackInfo;)V has 0 override(s) in child classes
[04июл.2026 11:23:07.050] [main/DEBUG] [mixin/]: ponder-common.mixins.json:client.WindowResizeMixin from mod ponder->@Inject::catnip$updateWindowSize(Lorg/spongepowered/asm/mixin/injection/callback/CallbackInfo;)V won't be passed a CallbackInfo as a result
[04июл.2026 11:23:07.050] [main/DEBUG] [mixin/]: sable.mixins.json:camera.new_camera_types.MinecraftMixin from mod sable->@Inject::sable$preCycleCameraType(Lorg/spongepowered/asm/mixin/injection/callback/CallbackInfo;)V doesn't use it's CallbackInfo
[04июл.2026 11:23:07.050] [main/DEBUG] [mixin/]: sable.mixins.json:camera.new_camera_types.MinecraftMixin from mod sable->@Inject::sable$preCycleCameraType(Lorg/spongepowered/asm/mixin/injection/callback/CallbackInfo;)V has 0 override(s) in child classes
[04июл.2026 11:23:07.050] [main/DEBUG] [mixin/]: sable.mixins.json:camera.new_camera_types.MinecraftMixin from mod sable->@Inject::sable$preCycleCameraType(Lorg/spongepowered/asm/mixin/injection/callback/CallbackInfo;)V won't be passed a CallbackInfo as a result
[04июл.2026 11:23:07.050] [main/DEBUG] [mixin/]: sable.mixins.json:camera.new_camera_types.MinecraftMixin from mod sable->@Inject::sable$postCycleCameraType(Lorg/spongepowered/asm/mixin/injection/callback/CallbackInfo;)V doesn't use it's CallbackInfo
[04июл.2026 11:23:07.050] [main/DEBUG] [mixin/]: sable.mixins.json:camera.new_camera_types.MinecraftMixin from mod sable->@Inject::sable$postCycleCameraType(Lorg/spongepowered/asm/mixin/injection/callback/CallbackInfo;)V has 0 override(s) in child classes
[04июл.2026 11:23:07.050] [main/DEBUG] [mixin/]: sable.mixins.json:camera.new_camera_types.MinecraftMixin from mod sable->@Inject::sable$postCycleCameraType(Lorg/spongepowered/asm/mixin/injection/callback/CallbackInfo;)V won't be passed a CallbackInfo as a result
[04июл.2026 11:23:07.050] [main/DEBUG] [mixin/]: sable.mixins.json:plot.MinecraftMixin from mod sable->@Inject::sable$tickPlotContainer(Lorg/spongepowered/asm/mixin/injection/callback/CallbackInfo;)V doesn't use it's CallbackInfo
[04июл.2026 11:23:07.050] [main/DEBUG] [mixin/]: sable.mixins.json:plot.MinecraftMixin from mod sable->@Inject::sable$tickPlotContainer(Lorg/spongepowered/asm/mixin/injection/callback/CallbackInfo;)V has 0 override(s) in child classes
[04июл.2026 11:23:07.050] [main/DEBUG] [mixin/]: sable.mixins.json:plot.MinecraftMixin from mod sable->@Inject::sable$tickPlotContainer(Lorg/spongepowered/asm/mixin/injection/callback/CallbackInfo;)V won't be passed a CallbackInfo as a result
[04июл.2026 11:23:07.051] [main/DEBUG] [mixin/]: sable.mixins.json:punching.MinecraftMixin from mod sable->@Inject::tryPaddling(Lorg/spongepowered/asm/mixin/injection/callback/CallbackInfoReturnable;)V doesn't use it's CallbackInfoReturnable
[04июл.2026 11:23:07.051] [main/DEBUG] [mixin/]: sable.mixins.json:punching.MinecraftMixin from mod sable->@Inject::tryPaddling(Lorg/spongepowered/asm/mixin/injection/callback/CallbackInfoReturnable;)V has 0 override(s) in child classes
[04июл.2026 11:23:07.051] [main/DEBUG] [mixin/]: sable.mixins.json:punching.MinecraftMixin from mod sable->@Inject::tryPaddling(Lorg/spongepowered/asm/mixin/injection/callback/CallbackInfoReturnable;)V won't be passed a CallbackInfoReturnable as a result
[04июл.2026 11:23:07.054] [main/DEBUG] [net.neoforged.fml.common.asm.RuntimeDistCleaner/DISTXFORM]: Removing Class Annotation: net/minecraft/client/Minecraft @Lnet/neoforged/api/distmarker/OnlyIn;
[04июл.2026 11:23:07.057] [main/DEBUG] [net.neoforged.accesstransformer.AccessTransformer/AXFORM]: Transforming net.minecraft.util.thread.BlockableEventLoop METHOD submitAsync(Ljava/lang/Runnable;)Ljava/util/concurrent/CompletableFuture; to access PUBLIC and LEAVE
[04июл.2026 11:23:07.057] [main/DEBUG] [net.neoforged.fml.common.asm.RuntimeDistCleaner/DISTXFORM]: Removing Class Annotation: com/mojang/blaze3d/platform/WindowEventHandler @Lnet/neoforged/api/distmarker/OnlyIn;
[04июл.2026 11:23:07.058] [main/DEBUG] [net.neoforged.accesstransformer.AccessTransformer/AXFORM]: Transforming net.minecraft.client.gui.screens.Screen FIELD renderables to access PUBLIC and LEAVE
[04июл.2026 11:23:07.058] [main/DEBUG] [net.neoforged.fml.common.asm.RuntimeDistCleaner/DISTXFORM]: Removing Class Annotation: net/minecraft/client/gui/screens/Screen @Lnet/neoforged/api/distmarker/OnlyIn;
[04июл.2026 11:23:07.059] [main/DEBUG] [net.neoforged.fml.common.asm.RuntimeDistCleaner/DISTXFORM]: Removing Class Annotation: net/minecraft/client/gui/components/events/AbstractContainerEventHandler @Lnet/neoforged/api/distmarker/OnlyIn;
[04июл.2026 11:23:07.059] [main/DEBUG] [net.neoforged.fml.common.asm.RuntimeDistCleaner/DISTXFORM]: Removing Class Annotation: net/minecraft/client/gui/components/events/ContainerEventHandler @Lnet/neoforged/api/distmarker/OnlyIn;
[04июл.2026 11:23:07.059] [main/DEBUG] [net.neoforged.fml.common.asm.RuntimeDistCleaner/DISTXFORM]: Removing Class Annotation: net/minecraft/client/gui/components/events/GuiEventListener @Lnet/neoforged/api/distmarker/OnlyIn;
[04июл.2026 11:23:07.059] [main/DEBUG] [net.neoforged.fml.common.asm.RuntimeDistCleaner/DISTXFORM]: Removing Class Annotation: net/minecraft/client/gui/components/TabOrderedElement @Lnet/neoforged/api/distmarker/OnlyIn;
[04июл.2026 11:23:07.059] [main/DEBUG] [net.neoforged.fml.common.asm.RuntimeDistCleaner/DISTXFORM]: Removing Class Annotation: net/minecraft/client/gui/screens/DeathScreen @Lnet/neoforged/api/distmarker/OnlyIn;
[04июл.2026 11:23:07.060] [main/DEBUG] [net.neoforged.fml.common.asm.RuntimeDistCleaner/DISTXFORM]: Removing Class Annotation: net/minecraft/client/gui/screens/TitleScreen @Lnet/neoforged/api/distmarker/OnlyIn;
[04июл.2026 11:23:07.061] [main/DEBUG] [net.neoforged.fml.common.asm.RuntimeDistCleaner/DISTXFORM]: Removing Class Annotation: net/minecraft/client/multiplayer/ServerData @Lnet/neoforged/api/distmarker/OnlyIn;
[04июл.2026 11:23:07.064] [main/DEBUG] [net.neoforged.accesstransformer.AccessTransformer/AXFORM]: Transforming net.minecraft.world.entity.Entity FIELD ENTITY_COUNTER to access PROTECTED and LEAVE
[04июл.2026 11:23:07.064] [main/DEBUG] [net.neoforged.accesstransformer.AccessTransformer/AXFORM]: Transforming net.minecraft.world.entity.Entity FIELD removalReason to access PUBLIC and LEAVE
[04июл.2026 11:23:07.064] [main/DEBUG] [net.neoforged.accesstransformer.AccessTransformer/AXFORM]: Transforming net.minecraft.world.entity.Entity FIELD levelCallback to access PUBLIC and LEAVE
[04июл.2026 11:23:07.064] [main/DEBUG] [net.neoforged.accesstransformer.AccessTransformer/AXFORM]: Transforming net.minecraft.world.entity.Entity METHOD getEyePosition(F)Lnet/minecraft/world/phys/Vec3; to access PUBLIC and REMOVEFINAL
[04июл.2026 11:23:07.064] [main/DEBUG] [net.neoforged.accesstransformer.AccessTransformer/AXFORM]: Transforming net.minecraft.world.entity.Entity METHOD getEncodeId()Ljava/lang/String; to access PUBLIC and LEAVE
[04июл.2026 11:23:07.064] [main/DEBUG] [net.neoforged.accesstransformer.AccessTransformer/AXFORM]: Transforming net.minecraft.world.entity.Entity METHOD setRemoved(Lnet/minecraft/world/entity/Entity$RemovalReason;)V to access PUBLIC and REMOVEFINAL
[04июл.2026 11:23:07.071] [main/DEBUG] [net.neoforged.fml.common.asm.RuntimeDistCleaner/DISTXFORM]: Removing Class Annotation: com/mojang/blaze3d/platform/WindowEventHandler @Lnet/neoforged/api/distmarker/OnlyIn;
[04июл.2026 11:23:07.072] [main/DEBUG] [net.neoforged.accesstransformer.AccessTransformer/AXFORM]: Transforming net.minecraft.util.thread.BlockableEventLoop METHOD submitAsync(Ljava/lang/Runnable;)Ljava/util/concurrent/CompletableFuture; to access PUBLIC and LEAVE
[04июл.2026 11:23:07.124] [main/DEBUG] [mixin/]: Mixing client.DebugMainMixin from veil.debug.mixins.json into net.minecraft.client.main.Main
[04июл.2026 11:23:07.124] [main/DEBUG] [mixin/]: Renaming synthetic method lambda$preMain$0(Ljava/util/concurrent/atomic/AtomicBoolean;)V to mdca1030$veil$lambda$preMain$0$0 in veil.debug.mixins.json:client.DebugMainMixin from mod veil
[04июл.2026 11:23:07.138] [main/DEBUG] [mixin/]: veil.debug.mixins.json:client.DebugMainMixin from mod veil->@Inject::preMain(Lorg/spongepowered/asm/mixin/injection/callback/CallbackInfo;)V doesn't use it's CallbackInfo
[04июл.2026 11:23:07.211] [main/DEBUG] [io.netty.util.internal.logging.InternalLoggerFactory/]: Using SLF4J as the default logging framework
[04июл.2026 11:23:07.212] [main/DEBUG] [io.netty.util.ResourceLeakDetector/]: -Dio.netty.leakDetection.level: simple
[04июл.2026 11:23:07.213] [main/DEBUG] [io.netty.util.ResourceLeakDetector/]: -Dio.netty.leakDetection.targetRecords: 4
[04июл.2026 11:23:07.221] [main/DEBUG] [mixin/]: Mixing accessor.NbtAccounterAccessor from create.mixins.json into net.minecraft.nbt.NbtAccounter
[04июл.2026 11:23:07.278] [main/DEBUG] [mixin/]: Mixing datafixer.BlockPosFormatAndRenamesFixMixin from create.mixins.json into net.minecraft.util.datafix.fixes.BlockPosFormatAndRenamesFix
[04июл.2026 11:23:07.278] [main/DEBUG] [mixin/]: Renaming synthetic method lambda$create$addFixers$2(Lcom/mojang/datafixers/OpticFinder;Lcom/simibubi/create/foundation/utility/DataFixerHelper$BlockPosFixer;Lcom/mojang/datafixers/Typed;)Lcom/mojang/datafixers/Typed; to mdca1030$create$lambda$create$addFixers$2$0 in create.mixins.json:datafixer.BlockPosFormatAndRenamesFixMixin from mod create
[04июл.2026 11:23:07.278] [main/DEBUG] [mixin/]: Renaming synthetic method lambda$create$addFixers$1(Lcom/simibubi/create/foundation/utility/DataFixerHelper$BlockPosFixer;Lcom/mojang/datafixers/Typed;)Lcom/mojang/datafixers/Typed; to mdca1030$create$lambda$create$addFixers$1$1 in create.mixins.json:datafixer.BlockPosFormatAndRenamesFixMixin from mod create
[04июл.2026 11:23:07.278] [main/DEBUG] [mixin/]: Renaming synthetic method lambda$create$addFixers$0(Lcom/simibubi/create/foundation/utility/DataFixerHelper$BlockPosFixer;Lcom/mojang/serialization/Dynamic;)Lcom/mojang/serialization/Dynamic; to mdca1030$create$lambda$create$addFixers$0$2 in create.mixins.json:datafixer.BlockPosFormatAndRenamesFixMixin from mod create
[04июл.2026 11:23:07.285] [main/DEBUG] [mixin/]: create.mixins.json:datafixer.BlockPosFormatAndRenamesFixMixin from mod create->@Inject::create$addFixers(Lorg/spongepowered/asm/mixin/injection/callback/CallbackInfoReturnable;)V doesn't use it's CallbackInfoReturnable
[04июл.2026 11:23:07.285] [main/DEBUG] [mixin/]: create.mixins.json:datafixer.BlockPosFormatAndRenamesFixMixin from mod create->@Inject::create$addFixers(Lorg/spongepowered/asm/mixin/injection/callback/CallbackInfoReturnable;)V has 0 override(s) in child classes
[04июл.2026 11:23:07.285] [main/DEBUG] [mixin/]: create.mixins.json:datafixer.BlockPosFormatAndRenamesFixMixin from mod create->@Inject::create$addFixers(Lorg/spongepowered/asm/mixin/injection/callback/CallbackInfoReturnable;)V won't be passed a CallbackInfoReturnable as a result
[04июл.2026 11:23:07.287] [main/DEBUG] [mixin/]: Mixing datafixer.ItemStackComponentizationFixMixin from create.mixins.json into net.minecraft.util.datafix.fixes.ItemStackComponentizationFix
[04июл.2026 11:23:07.289] [main/DEBUG] [mixin/]: Renaming synthetic method lambda$create$moveItemStackHandlerToItemContainerContents$4(Lcom/mojang/serialization/Dynamic;Lnet/minecraft/util/datafix/fixes/ItemStackComponentizationFix$ItemStackData;Ljava/lang/String;Lcom/mojang/serialization/Dynamic;)V to mdca1030$create$lambda$create$moveItemStackHandlerToItemContainerContents$4$0 in create.mixins.json:datafixer.ItemStackComponentizationFixMixin from mod create
[04июл.2026 11:23:07.289] [main/DEBUG] [mixin/]: Renaming synthetic method lambda$create$moveItemStackHandlerToItemContainerContents$3(Lcom/mojang/serialization/Dynamic;Ljava/util/List;Lcom/mojang/serialization/Dynamic;)V to mdca1030$create$lambda$create$moveItemStackHandlerToItemContainerContents$3$1 in create.mixins.json:datafixer.ItemStackComponentizationFixMixin from mod create
[04июл.2026 11:23:07.289] [main/DEBUG] [mixin/]: Renaming synthetic method lambda$create$moveTagToEnumComponent$2([Ljava/lang/Enum;Lnet/minecraft/util/datafix/fixes/ItemStackComponentizationFix$ItemStackData;Ljava/lang/String;Lcom/mojang/serialization/Dynamic;)V to mdca1030$create$lambda$create$moveTagToEnumComponent$2$2 in create.mixins.json:datafixer.ItemStackComponentizationFixMixin from mod create
[04июл.2026 11:23:07.289] [main/DEBUG] [mixin/]: Renaming synthetic method lambda$create$fixItemsAndTranslateNBTIntoComponents$1(Lnet/minecraft/util/datafix/fixes/ItemStackComponentizationFix$ItemStackData;Lcom/mojang/serialization/Dynamic;)V to mdca1030$create$lambda$create$fixItemsAndTranslateNBTIntoComponents$1$3 in create.mixins.json:datafixer.ItemStackComponentizationFixMixin from mod create
[04июл.2026 11:23:07.289] [main/DEBUG] [mixin/]: Renaming synthetic method lambda$create$fixItemsAndTranslateNBTIntoComponents$0(Lcom/mojang/serialization/Dynamic;Lnet/minecraft/util/datafix/fixes/ItemStackComponentizationFix$ItemStackData;Lcom/mojang/serialization/Dynamic;)V to mdca1030$create$lambda$create$fixItemsAndTranslateNBTIntoComponents$0$4 in create.mixins.json:datafixer.ItemStackComponentizationFixMixin from mod create
[04июл.2026 11:23:07.300] [main/DEBUG] [mixin/]: create.mixins.json:datafixer.ItemStackComponentizationFixMixin from mod create->@Inject::create$fixItemsAndTranslateNBTIntoComponents(Lnet/minecraft/util/datafix/fixes/ItemStackComponentizationFix$ItemStackData;Lcom/mojang/serialization/Dynamic;Lorg/spongepowered/asm/mixin/injection/callback/CallbackInfo;)V doesn't use it's CallbackInfo
[04июл.2026 11:23:07.471] [main/DEBUG] [mixin/]: Mixing datafixer.V1460Mixin from create.mixins.json into net.minecraft.util.datafix.schemas.V1460
[04июл.2026 11:23:07.474] [main/DEBUG] [mixin/]: create.mixins.json:datafixer.V1460Mixin from mod create->@Inject::create$registerEntitiesToBeFixed(Lcom/mojang/datafixers/schemas/Schema;Lorg/spongepowered/asm/mixin/injection/callback/CallbackInfoReturnable;)V does use it's CallbackInfoReturnable
[04июл.2026 11:23:07.474] [main/DEBUG] [mixin/]: create.mixins.json:datafixer.V1460Mixin from mod create->@Inject::create$registerBlockEntitiesToBeFixed(Lcom/mojang/datafixers/schemas/Schema;Lorg/spongepowered/asm/mixin/injection/callback/CallbackInfoReturnable;)V does use it's CallbackInfoReturnable
[04июл.2026 11:23:07.609] [main/DEBUG] [mixin/]: Mixing accessor.SystemReportAccessor from create.mixins.json into net.minecraft.SystemReport
[04июл.2026 11:23:07.609] [main/DEBUG] [mixin/]: Renaming @Accessor method getOPERATING_SYSTEM()Ljava/lang/String; to getOPERATING_SYSTEM$create_$md$ca1030$0 in create.mixins.json:accessor.SystemReportAccessor from mod create
[04июл.2026 11:23:07.609] [main/DEBUG] [mixin/]: Renaming @Accessor method getJAVA_VERSION()Ljava/lang/String; to getJAVA_VERSION$create_$md$ca1030$1 in create.mixins.json:accessor.SystemReportAccessor from mod create
[04июл.2026 11:23:07.625] [main/DEBUG] [oshi.util.FileUtil/]: No oshi.properties file found from ClassLoader cpw.mods.modlauncher.TransformingClassLoader@2b98b3bb
[04июл.2026 11:23:07.817] [Datafixer Bootstrap/INFO] [com.mojang.datafixers.DataFixerBuilder/]: 229 Datafixer optimizations took 211 milliseconds
[04июл.2026 11:23:07.871] [main/DEBUG] [oshi.util.FileUtil/]: No oshi.architecture.properties file found from ClassLoader cpw.mods.modlauncher.TransformingClassLoader@2b98b3bb
[04июл.2026 11:23:07.903] [pool-19-thread-1/DEBUG] [mixin/]: Mixing BuiltInRegistriesMixin from create.mixins.json into net.minecraft.core.registries.BuiltInRegistries
[04июл.2026 11:23:07.904] [pool-19-thread-1/DEBUG] [mixin/]: Renaming synthetic method lambda$create$ourRegistriesAreNotEmpty$0(Ljava/util/function/Consumer;Lnet/minecraft/core/Registry;)V to mdca1030$create$lambda$create$ourRegistriesAreNotEmpty$0$0 in create.mixins.json:BuiltInRegistriesMixin from mod create
[04июл.2026 11:23:07.909] [pool-19-thread-1/DEBUG] [mixin/]: Mixing accessor.MappedRegistryAccessor from create.mixins.json into net.minecraft.core.MappedRegistry
[04июл.2026 11:23:07.910] [pool-19-thread-1/DEBUG] [mixin/]: Mixing MappedRegistryAccessor from neoforge.mixins.json into net.minecraft.core.MappedRegistry
[04июл.2026 11:23:07.915] [pool-19-thread-1/DEBUG] [mixin/]: Mixing RegistriesMixin from veil.neoforge.mixins.json into net.minecraft.core.registries.Registries
[04июл.2026 11:23:07.916] [pool-19-thread-1/DEBUG] [mixin/]: veil.neoforge.mixins.json:RegistriesMixin from mod veil->@Inject::veilElementsPath(Lnet/minecraft/resources/ResourceKey;Lorg/spongepowered/asm/mixin/injection/callback/CallbackInfoReturnable;)V does use it's CallbackInfoReturnable
[04июл.2026 11:23:07.916] [pool-19-thread-1/DEBUG] [mixin/]: veil.neoforge.mixins.json:RegistriesMixin from mod veil->@Inject::veilTagsPath(Lnet/minecraft/resources/ResourceKey;Lorg/spongepowered/asm/mixin/injection/callback/CallbackInfoReturnable;)V does use it's CallbackInfoReturnable
[04июл.2026 11:23:07.933] [pool-19-thread-1/DEBUG] [mixin/]: Mixing command.ArgumentTypeInfosMixin from sable.mixins.json into net.minecraft.commands.synchronization.ArgumentTypeInfos
[04июл.2026 11:23:07.934] [pool-19-thread-1/DEBUG] [mixin/]: sable.mixins.json:command.ArgumentTypeInfosMixin from mod sable->@Inject::sable$bootstrap(Lnet/minecraft/core/Registry;Lorg/spongepowered/asm/mixin/injection/callback/CallbackInfoReturnable;)V doesn't use it's CallbackInfoReturnable
[04июл.2026 11:23:07.947] [pool-19-thread-1/DEBUG] [mixin/]: Mixing creative_tab_sections.CreativeModeTabMixin from simulated.mixins.json into net.minecraft.world.item.CreativeModeTab
[04июл.2026 11:23:07.964] [pool-19-thread-1/DEBUG] [mixin/]: Mixing accessor.CreateBlockEntityBuilderAccessor from simulated.mixins.json into com.simibubi.create.foundation.data.CreateBlockEntityBuilder
[04июл.2026 11:23:07.983] [pool-19-thread-1/DEBUG] [mixin/]: Mixing levitite.BlockMixin from aeronautics.mixins.json into net.minecraft.world.level.block.Block
[04июл.2026 11:23:07.984] [pool-19-thread-1/DEBUG] [mixin/]: aeronautics.mixins.json:levitite.BlockMixin from mod aeronautics: Class version 65 required is higher than the class version supported by the current version of Mixin (JAVA_18 supports class version 62)
[04июл.2026 11:23:07.985] [pool-19-thread-1/DEBUG] [mixin/]: Mixing BlockMixin from create.mixins.json into net.minecraft.world.level.block.Block
[04июл.2026 11:23:07.986] [pool-19-thread-1/DEBUG] [mixin/]: Mixing entity.entity_kicking.BlockMixin from sable.mixins.json into net.minecraft.world.level.block.Block
[04июл.2026 11:23:07.986] [pool-19-thread-1/DEBUG] [mixin/]: Renaming synthetic method lambda$sable$popResourceFromFace$0(Lnet/minecraft/world/level/Level;DDDLnet/minecraft/world/item/ItemStack;Ldev/ryanhcode/sable/sublevel/SubLevel;)Lnet/minecraft/world/entity/item/ItemEntity; to mdca1030$sable$lambda$sable$popResourceFromFace$0$0 in sable.mixins.json:entity.entity_kicking.BlockMixin from mod sable
[04июл.2026 11:23:07.987] [pool-19-thread-1/DEBUG] [mixin/]: Mixing entity.entity_rotations_and_riding.BlockMixin from sable.mixins.json into net.minecraft.world.level.block.Block
[04июл.2026 11:23:07.998] [pool-19-thread-1/DEBUG] [mixin/]: sable.mixins.json:entity.entity_kicking.BlockMixin from mod sable->@Inject::sable$popResourceFromFace(Lnet/minecraft/world/level/Level;Lnet/minecraft/core/BlockPos;Lnet/minecraft/world/item/ItemStack;Lorg/spongepowered/asm/mixin/injection/callback/CallbackInfo;DDDD)V does use it's CallbackInfo
[04июл.2026 11:23:08.006] [pool-19-thread-1/DEBUG] [mixin/]: Mixing accessor.BlockBehaviourAccessor from simulated.mixins.json into net.minecraft.world.level.block.state.BlockBehaviour
[04июл.2026 11:23:08.007] [pool-19-thread-1/DEBUG] [mixin/]: Mixing accessor.BlockBehaviourAccessor from create.mixins.json into net.minecraft.world.level.block.state.BlockBehaviour
[04июл.2026 11:23:08.013] [pool-19-thread-1/DEBUG] [mixin/]: Mixing EntityTypeMixin from flywheel.impl.mixins.json into net.minecraft.world.entity.EntityType
[04июл.2026 11:23:08.013] [pool-19-thread-1/DEBUG] [mixin/]: Mixing entity.entity_rotations_and_riding.EntityTypeMixin from sable.mixins.json into net.minecraft.world.entity.EntityType
[04июл.2026 11:23:08.016] [pool-19-thread-1/DEBUG] [mixin/]: sable.mixins.json:entity.entity_rotations_and_riding.EntityTypeMixin from mod sable->@Inject::sable$startRidingEntity(Lnet/minecraft/nbt/CompoundTag;Lnet/minecraft/world/level/Level;Ljava/util/function/Function;Lnet/minecraft/world/entity/Entity;Lorg/spongepowered/asm/mixin/injection/callback/CallbackInfoReturnable;)V doesn't use it's CallbackInfoReturnable
[04июл.2026 11:23:08.022] [pool-19-thread-1/DEBUG] [mixin/]: Mixing punching.ItemInvoker from sable.mixins.json into net.minecraft.world.item.Item
[04июл.2026 11:23:08.022] [pool-19-thread-1/DEBUG] [mixin/]: Renaming @Invoker method sable$getPlayerPOVHitResult(Lnet/minecraft/world/level/Level;Lnet/minecraft/world/entity/player/Player;Lnet/minecraft/world/level/ClipContext$Fluid;)Lnet/minecraft/world/phys/BlockHitResult; to getPlayerPOVHitResult$sable_$md$ca1030$0 in sable.mixins.json:punching.ItemInvoker from mod sable
[04июл.2026 11:23:08.030] [pool-19-thread-1/DEBUG] [mixin/]: Mixing player.PlayerMixin from simulated.mixins.json into net.minecraft.world.entity.player.Player
[04июл.2026 11:23:08.032] [pool-19-thread-1/DEBUG] [mixin/]: Mixing entity.entity_rotations_and_riding.PlayerMixin from sable.mixins.json into net.minecraft.world.entity.player.Player
[04июл.2026 11:23:08.034] [pool-19-thread-1/DEBUG] [mixin/]: Mixing entity.entity_sublevel_collision.PlayerMixin from sable.mixins.json into net.minecraft.world.entity.player.Player
[04июл.2026 11:23:08.041] [pool-19-thread-1/DEBUG] [mixin/]: Mixing interaction_distance.PlayerMixin from sable.mixins.json into net.minecraft.world.entity.player.Player
[04июл.2026 11:23:08.042] [pool-19-thread-1/DEBUG] [mixin/]: Mixing player_freezing.PlayerMixin from sable.mixins.json into net.minecraft.world.entity.player.Player
[04июл.2026 11:23:08.043] [pool-19-thread-1/DEBUG] [mixin/]: Mixing PlayerMixin from create.mixins.json into net.minecraft.world.entity.player.Player
[04июл.2026 11:23:08.053] [pool-19-thread-1/DEBUG] [mixin/]: sable.mixins.json:entity.entity_rotations_and_riding.PlayerMixin from mod sable->@Inject::sable$storeUpDeltaMovement(Lnet/minecraft/world/phys/Vec3;Lorg/spongepowered/asm/mixin/injection/callback/CallbackInfo;)V doesn't use it's CallbackInfo
[04июл.2026 11:23:08.053] [pool-19-thread-1/DEBUG] [mixin/]: sable.mixins.json:entity.entity_rotations_and_riding.PlayerMixin from mod sable->@Inject::sable$storeUpDeltaMovement(Lnet/minecraft/world/phys/Vec3;Lorg/spongepowered/asm/mixin/injection/callback/CallbackInfo;)V has 0 override(s) in child classes
[04июл.2026 11:23:08.053] [pool-19-thread-1/DEBUG] [mixin/]: sable.mixins.json:entity.entity_rotations_and_riding.PlayerMixin from mod sable->@Inject::sable$storeUpDeltaMovement(Lnet/minecraft/world/phys/Vec3;Lorg/spongepowered/asm/mixin/injection/callback/CallbackInfo;)V won't be passed a CallbackInfo as a result
[04июл.2026 11:23:08.055] [pool-19-thread-1/DEBUG] [mixin/]: sable.mixins.json:entity.entity_sublevel_collision.PlayerMixin from mod sable->@Inject::sable$maybeBackOffFromEdge(Lnet/minecraft/world/phys/Vec3;Lnet/minecraft/world/entity/MoverType;Lorg/spongepowered/asm/mixin/injection/callback/CallbackInfoReturnable;)V does use it's CallbackInfoReturnable
[04июл.2026 11:23:08.055] [pool-19-thread-1/DEBUG] [mixin/]: sable.mixins.json:interaction_distance.PlayerMixin from mod sable->@Inject::sable$canInteractWithBlock(Lnet/minecraft/core/BlockPos;DLorg/spongepowered/asm/mixin/injection/callback/CallbackInfoReturnable;)V does use it's CallbackInfoReturnable
[04июл.2026 11:23:08.055] [pool-19-thread-1/DEBUG] [mixin/]: sable.mixins.json:interaction_distance.PlayerMixin from mod sable->@Inject::sable$canInteractWithEntity(Lnet/minecraft/world/phys/AABB;DLorg/spongepowered/asm/mixin/injection/callback/CallbackInfoReturnable;)V does use it's CallbackInfoReturnable
[04июл.2026 11:23:08.056] [pool-19-thread-1/DEBUG] [mixin/]: sable.mixins.json:player_freezing.PlayerMixin from mod sable->@Inject::sable$preFrozenTick(Lorg/spongepowered/asm/mixin/injection/callback/CallbackInfo;)V doesn't use it's CallbackInfo
[04июл.2026 11:23:08.056] [pool-19-thread-1/DEBUG] [mixin/]: sable.mixins.json:player_freezing.PlayerMixin from mod sable->@Inject::sable$preFrozenTick(Lorg/spongepowered/asm/mixin/injection/callback/CallbackInfo;)V has 0 override(s) in child classes
[04июл.2026 11:23:08.056] [pool-19-thread-1/DEBUG] [mixin/]: sable.mixins.json:player_freezing.PlayerMixin from mod sable->@Inject::sable$preFrozenTick(Lorg/spongepowered/asm/mixin/injection/callback/CallbackInfo;)V won't be passed a CallbackInfo as a result
[04июл.2026 11:23:08.071] [pool-19-thread-1/DEBUG] [mixin/]: Mixing CustomItemUseEffectsMixin from create.mixins.json into net.minecraft.world.entity.LivingEntity
[04июл.2026 11:23:08.073] [pool-19-thread-1/DEBUG] [mixin/]: Mixing LavaSwimmingMixin from create.mixins.json into net.minecraft.world.entity.LivingEntity
[04июл.2026 11:23:08.075] [pool-19-thread-1/DEBUG] [mixin/]: Mixing accessor.LivingEntityAccessor from create.mixins.json into net.minecraft.world.entity.LivingEntity
[04июл.2026 11:23:08.075] [pool-19-thread-1/DEBUG] [mixin/]: Mixing climbing_sub_levels.LivingEntityMixin from sable.mixins.json into net.minecraft.world.entity.LivingEntity
[04июл.2026 11:23:08.076] [pool-19-thread-1/DEBUG] [mixin/]: Mixing entity.entities_stick_sublevels.LivingEntityMixin from sable.mixins.json into net.minecraft.world.entity.LivingEntity
[04июл.2026 11:23:08.080] [pool-19-thread-1/DEBUG] [mixin/]: Mixing entity.entities_stick_sublevels.effects.LivingEntityMixin from sable.mixins.json into net.minecraft.world.entity.LivingEntity
[04июл.2026 11:23:08.080] [pool-19-thread-1/DEBUG] [mixin/]: Mixing entity.entity_rotations_and_riding.LivingEntityMixin from sable.mixins.json into net.minecraft.world.entity.LivingEntity
[04июл.2026 11:23:08.082] [pool-19-thread-1/DEBUG] [mixin/]: Mixing entity.entity_sublevel_collision.LivingEntityMixin from sable.mixins.json into net.minecraft.world.entity.LivingEntity
[04июл.2026 11:23:08.086] [pool-19-thread-1/DEBUG] [mixin/]: Mixing respawn_point.sleeping.LivingEntityMixin from sable.mixins.json into net.minecraft.world.entity.LivingEntity
[04июл.2026 11:23:08.087] [pool-19-thread-1/DEBUG] [mixin/]: Mixing entities_stick_sublevels.effects.LivingEntityMixin from sable-neoforge.mixins.json into net.minecraft.world.entity.LivingEntity
[04июл.2026 11:23:08.103] [pool-19-thread-1/DEBUG] [mixin/]: create.mixins.json:CustomItemUseEffectsMixin from mod create->@Inject::create$onShouldTriggerUseEffects(Lorg/spongepowered/asm/mixin/injection/callback/CallbackInfoReturnable;)V does use it's CallbackInfoReturnable
[04июл.2026 11:23:08.103] [pool-19-thread-1/DEBUG] [mixin/]: create.mixins.json:CustomItemUseEffectsMixin from mod create->@Inject::create$onTriggerUseEffects(Lnet/minecraft/world/item/ItemStack;ILorg/spongepowered/asm/mixin/injection/callback/CallbackInfo;)V does use it's CallbackInfo
[04июл.2026 11:23:08.103] [pool-19-thread-1/DEBUG] [mixin/]: create.mixins.json:LavaSwimmingMixin from mod create->@Inject::create$onLavaTravel(Lnet/minecraft/world/phys/Vec3;Lorg/spongepowered/asm/mixin/injection/callback/CallbackInfo;)V doesn't use it's CallbackInfo
[04июл.2026 11:23:08.103] [pool-19-thread-1/DEBUG] [mixin/]: create.mixins.json:LavaSwimmingMixin from mod create->@Inject::create$onLavaTravel(Lnet/minecraft/world/phys/Vec3;Lorg/spongepowered/asm/mixin/injection/callback/CallbackInfo;)V has 0 override(s) in child classes
[04июл.2026 11:23:08.103] [pool-19-thread-1/DEBUG] [mixin/]: create.mixins.json:LavaSwimmingMixin from mod create->@Inject::create$onLavaTravel(Lnet/minecraft/world/phys/Vec3;Lorg/spongepowered/asm/mixin/injection/callback/CallbackInfo;)V won't be passed a CallbackInfo as a result
[04июл.2026 11:23:08.103] [pool-19-thread-1/DEBUG] [mixin/]: sable.mixins.json:entity.entities_stick_sublevels.LivingEntityMixin from mod sable->@Inject::sable$updateRotLerp(Lorg/spongepowered/asm/mixin/injection/callback/CallbackInfo;)V doesn't use it's CallbackInfo
[04июл.2026 11:23:08.103] [pool-19-thread-1/DEBUG] [mixin/]: sable.mixins.json:entity.entities_stick_sublevels.LivingEntityMixin from mod sable->@Inject::sable$updateRotLerp(Lorg/spongepowered/asm/mixin/injection/callback/CallbackInfo;)V has 0 override(s) in child classes
[04июл.2026 11:23:08.103] [pool-19-thread-1/DEBUG] [mixin/]: sable.mixins.json:entity.entities_stick_sublevels.LivingEntityMixin from mod sable->@Inject::sable$updateRotLerp(Lorg/spongepowered/asm/mixin/injection/callback/CallbackInfo;)V won't be passed a CallbackInfo as a result
[04июл.2026 11:23:08.104] [pool-19-thread-1/DEBUG] [mixin/]: sable.mixins.json:entity.entities_stick_sublevels.LivingEntityMixin from mod sable->@Inject::sable$updatePlotPosition(Lorg/spongepowered/asm/mixin/injection/callback/CallbackInfo;)V doesn't use it's CallbackInfo
[04июл.2026 11:23:08.104] [pool-19-thread-1/DEBUG] [mixin/]: sable.mixins.json:entity.entities_stick_sublevels.LivingEntityMixin from mod sable->@Inject::sable$updatePlotPosition(Lorg/spongepowered/asm/mixin/injection/callback/CallbackInfo;)V has 0 override(s) in child classes
[04июл.2026 11:23:08.104] [pool-19-thread-1/DEBUG] [mixin/]: sable.mixins.json:entity.entities_stick_sublevels.LivingEntityMixin from mod sable->@Inject::sable$updatePlotPosition(Lorg/spongepowered/asm/mixin/injection/callback/CallbackInfo;)V won't be passed a CallbackInfo as a result
[04июл.2026 11:23:08.104] [pool-19-thread-1/DEBUG] [mixin/]: sable.mixins.json:entity.entities_stick_sublevels.LivingEntityMixin from mod sable->@Inject::sable$recreateFromPacket(Lnet/minecraft/network/protocol/game/ClientboundAddEntityPacket;Lorg/spongepowered/asm/mixin/injection/callback/CallbackInfo;)V doesn't use it's CallbackInfo
[04июл.2026 11:23:08.104] [pool-19-thread-1/DEBUG] [mixin/]: sable.mixins.json:entity.entities_stick_sublevels.LivingEntityMixin from mod sable->@Inject::sable$recreateFromPacket(Lnet/minecraft/network/protocol/game/ClientboundAddEntityPacket;Lorg/spongepowered/asm/mixin/injection/callback/CallbackInfo;)V has 0 override(s) in child classes
[04июл.2026 11:23:08.104] [pool-19-thread-1/DEBUG] [mixin/]: sable.mixins.json:entity.entities_stick_sublevels.LivingEntityMixin from mod sable->@Inject::sable$recreateFromPacket(Lnet/minecraft/network/protocol/game/ClientboundAddEntityPacket;Lorg/spongepowered/asm/mixin/injection/callback/CallbackInfo;)V won't be passed a CallbackInfo as a result
[04июл.2026 11:23:08.104] [pool-19-thread-1/DEBUG] [mixin/]: sable.mixins.json:entity.entity_rotations_and_riding.LivingEntityMixin from mod sable->@Inject::sable$jumpFromGround(Lorg/spongepowered/asm/mixin/injection/callback/CallbackInfo;)V does use it's CallbackInfo
[04июл.2026 11:23:08.104] [pool-19-thread-1/DEBUG] [mixin/]: sable.mixins.json:entity.entity_sublevel_collision.LivingEntityMixin from mod sable->@Inject::sable$beforeAnimation(Lnet/minecraft/world/phys/Vec3;Lorg/spongepowered/asm/mixin/injection/callback/CallbackInfo;)V doesn't use it's CallbackInfo
[04июл.2026 11:23:08.104] [pool-19-thread-1/DEBUG] [mixin/]: sable.mixins.json:entity.entity_sublevel_collision.LivingEntityMixin from mod sable->@Inject::sable$beforeAnimation(Lnet/minecraft/world/phys/Vec3;Lorg/spongepowered/asm/mixin/injection/callback/CallbackInfo;)V has 0 override(s) in child classes
[04июл.2026 11:23:08.104] [pool-19-thread-1/DEBUG] [mixin/]: sable.mixins.json:entity.entity_sublevel_collision.LivingEntityMixin from mod sable->@Inject::sable$beforeAnimation(Lnet/minecraft/world/phys/Vec3;Lorg/spongepowered/asm/mixin/injection/callback/CallbackInfo;)V won't be passed a CallbackInfo as a result
[04июл.2026 11:23:08.104] [pool-19-thread-1/DEBUG] [mixin/]: sable-neoforge.mixins.json:entities_stick_sublevels.effects.LivingEntityMixin from mod sable->@Inject::playBlockFallSound(Lorg/spongepowered/asm/mixin/injection/callback/CallbackInfo;)V doesn't use it's CallbackInfo
[04июл.2026 11:23:08.104] [pool-19-thread-1/DEBUG] [mixin/]: sable-neoforge.mixins.json:entities_stick_sublevels.effects.LivingEntityMixin from mod sable->@Inject::playBlockFallSound(Lorg/spongepowered/asm/mixin/injection/callback/CallbackInfo;)V has 0 override(s) in child classes
[04июл.2026 11:23:08.104] [pool-19-thread-1/DEBUG] [mixin/]: sable-neoforge.mixins.json:entities_stick_sublevels.effects.LivingEntityMixin from mod sable->@Inject::playBlockFallSound(Lorg/spongepowered/asm/mixin/injection/callback/CallbackInfo;)V won't be passed a CallbackInfo as a result
[04июл.2026 11:23:08.124] [pool-19-thread-1/DEBUG] [mixin/]: Mixing entity.entity_swimming.EntityMixin from sable-neoforge.mixins.json into net.minecraft.world.entity.Entity
[04июл.2026 11:23:08.124] [pool-19-thread-1/DEBUG] [mixin/]: Renaming synthetic method lambda$updateFluidHeightAndDoFluidPushing$2(Lnet/neoforged/neoforge/fluids/FluidType;Ldev/ryanhcode/sable/neoforge/mixinhelper/entity/SableInterimCalculation;)V to mdca1030$sable$lambda$updateFluidHeightAndDoFluidPushing$2$0 in sable-neoforge.mixins.json:entity.entity_swimming.EntityMixin from mod sable
[04июл.2026 11:23:08.124] [pool-19-thread-1/DEBUG] [mixin/]: Renaming synthetic method lambda$updateFluidHeightAndDoFluidPushing$1(Ljava/lang/Object;)Ldev/ryanhcode/sable/neoforge/mixinhelper/entity/SableInterimCalculation; to mdca1030$sable$lambda$updateFluidHeightAndDoFluidPushing$1$1 in sable-neoforge.mixins.json:entity.entity_swimming.EntityMixin from mod sable
[04июл.2026 11:23:08.125] [pool-19-thread-1/DEBUG] [mixin/]: Renaming synthetic method lambda$updateFluidHeightAndDoFluidPushing$0(Ljava/lang/Object;)Ldev/ryanhcode/sable/neoforge/mixinhelper/entity/SableInterimCalculation; to mdca1030$sable$lambda$updateFluidHeightAndDoFluidPushing$0$2 in sable-neoforge.mixins.json:entity.entity_swimming.EntityMixin from mod sable
[04июл.2026 11:23:08.134] [pool-19-thread-1/DEBUG] [mixin/]: Mixing client.QuasarEntityMixin from veil.quasar.mixins.json into net.minecraft.world.entity.Entity
[04июл.2026 11:23:08.135] [pool-19-thread-1/DEBUG] [mixin/]: Mixing spring_item_bounce.EntityMixin from simulated.mixins.json into net.minecraft.world.entity.Entity
[04июл.2026 11:23:08.137] [pool-19-thread-1/DEBUG] [mixin/]: Mixing accessor.EntityAccessor from ponder-common.mixins.json into net.minecraft.world.entity.Entity
[04июл.2026 11:23:08.138] [pool-19-thread-1/DEBUG] [mixin/]: ponder-common.mixins.json:accessor.EntityAccessor from mod ponder: Class version 65 required is higher than the class version supported by the current version of Mixin (JAVA_17 supports class version 61)
[04июл.2026 11:23:08.138] [pool-19-thread-1/DEBUG] [mixin/]: Mixing client.EntityContraptionInteractionMixin from create.mixins.json into net.minecraft.world.entity.Entity
[04июл.2026 11:23:08.138] [pool-19-thread-1/DEBUG] [mixin/]: Renaming synthetic method lambda$create$onSpawnSprintParticle$4(Lnet/minecraft/world/entity/Entity;Lnet/minecraft/core/BlockPos;Lcom/simibubi/create/content/contraptions/Contraption;Lnet/minecraft/world/level/block/state/BlockState;Lnet/minecraft/core/BlockPos;)V to mdca1030$create$lambda$create$onSpawnSprintParticle$4$3 in create.mixins.json:client.EntityContraptionInteractionMixin from mod create
[04июл.2026 11:23:08.138] [pool-19-thread-1/DEBUG] [mixin/]: Renaming synthetic method lambda$create$onMove$3(Lnet/minecraft/world/phys/Vec3;Lnet/minecraft/world/entity/Entity;Lcom/simibubi/create/content/contraptions/AbstractContraptionEntity;)Z to mdca1030$create$lambda$create$onMove$3$4 in create.mixins.json:client.EntityContraptionInteractionMixin from mod create
[04июл.2026 11:23:08.138] [pool-19-thread-1/DEBUG] [mixin/]: Renaming synthetic method lambda$create$contraptionStepSounds$2(Lorg/apache/commons/lang3/mutable/MutableBoolean;Lcom/simibubi/create/content/contraptions/Contraption;Lnet/minecraft/world/level/block/state/BlockState;Lnet/minecraft/core/BlockPos;)V to mdca1030$create$lambda$create$contraptionStepSounds$2$5 in create.mixins.json:client.EntityContraptionInteractionMixin from mod create
[04июл.2026 11:23:08.138] [pool-19-thread-1/DEBUG] [mixin/]: Renaming synthetic method lambda$create$forCollision$1(Lnet/minecraft/world/phys/Vec3;Lorg/apache/logging/log4j/util/TriConsumer;Lcom/simibubi/create/content/contraptions/AbstractContraptionEntity;)V to mdca1030$create$lambda$create$forCollision$1$6 in create.mixins.json:client.EntityContraptionInteractionMixin from mod create
[04июл.2026 11:23:08.138] [pool-19-thread-1/DEBUG] [mixin/]: Renaming synthetic method lambda$create$getIntersectionContraptionsStream$0(Lcom/simibubi/create/content/contraptions/AbstractContraptionEntity;)Z to mdca1030$create$lambda$create$getIntersectionContraptionsStream$0$7 in create.mixins.json:client.EntityContraptionInteractionMixin from mod create
[04июл.2026 11:23:08.143] [pool-19-thread-1/DEBUG] [mixin/]: Mixing clip_overwrite.EntityMixin from sable.mixins.json into net.minecraft.world.entity.Entity
[04июл.2026 11:23:08.144] [pool-19-thread-1/DEBUG] [mixin/]: Mixing death_message.EntityMixin from sable.mixins.json into net.minecraft.world.entity.Entity
[04июл.2026 11:23:08.144] [pool-19-thread-1/DEBUG] [mixin/]: Mixing entity.entities_in_blocks.EntityMixin from sable.mixins.json into net.minecraft.world.entity.Entity
[04июл.2026 11:23:08.146] [pool-19-thread-1/DEBUG] [mixin/]: Mixing entity.entities_stick_sublevels.EntityMixin from sable.mixins.json into net.minecraft.world.entity.Entity
[04июл.2026 11:23:08.146] [pool-19-thread-1/DEBUG] [mixin/]: Mixing entity.entities_stick_sublevels.effects.EntityMixin from sable.mixins.json into net.minecraft.world.entity.Entity
[04июл.2026 11:23:08.148] [pool-19-thread-1/DEBUG] [mixin/]: Mixing entity.entity_collision.EntityMixin from sable.mixins.json into net.minecraft.world.entity.Entity
[04июл.2026 11:23:08.149] [pool-19-thread-1/DEBUG] [mixin/]: Mixing entity.entity_rotations_and_riding.EntityMixin from sable.mixins.json into net.minecraft.world.entity.Entity
[04июл.2026 11:23:08.151] [pool-19-thread-1/DEBUG] [mixin/]: Mixing extension.EntityMixin from sable.mixins.json into net.minecraft.world.entity.Entity
[04июл.2026 11:23:08.152] [pool-19-thread-1/DEBUG] [mixin/]: Mixing interaction_distance.EntityMixin from sable.mixins.json into net.minecraft.world.entity.Entity
[04июл.2026 11:23:08.153] [pool-19-thread-1/DEBUG] [mixin/]: Mixing portal.EntityMixin from sable.mixins.json into net.minecraft.world.entity.Entity
[04июл.2026 11:23:08.153] [pool-19-thread-1/DEBUG] [mixin/]: Mixing tracking_points.EntityMixin from sable.mixins.json into net.minecraft.world.entity.Entity
[04июл.2026 11:23:08.154] [pool-19-thread-1/DEBUG] [mixin/]: Mixing water_occlusion.EntityMixin from sable.mixins.json into net.minecraft.world.entity.Entity
[04июл.2026 11:23:08.154] [pool-19-thread-1/DEBUG] [mixin/]: Mixing camera.camera_rotation.EntityMixin from sable.mixins.json into net.minecraft.world.entity.Entity
[04июл.2026 11:23:08.156] [pool-19-thread-1/DEBUG] [mixin/]: Mixing EntityMixin from createdieselgenerators.mixins.json into net.minecraft.world.entity.Entity
[04июл.2026 11:23:08.156] [pool-19-thread-1/DEBUG] [mixin/]: createdieselgenerators.mixins.json:EntityMixin from mod createdieselgenerators: Class version 65 required is higher than the class version supported by the current version of Mixin (JAVA_17 supports class version 61)
[04июл.2026 11:23:08.158] [pool-19-thread-1/DEBUG] [mixin/]: Mixing entity.entity_sublevel_collision.EntityMixin from sable.mixins.json into net.minecraft.world.entity.Entity
[04июл.2026 11:23:08.162] [pool-19-thread-1/DEBUG] [mixin/]: Mixing EntityMixin from create.mixins.json into net.minecraft.world.entity.Entity
[04июл.2026 11:23:08.197] [pool-19-thread-1/DEBUG] [mixin/]: sable-neoforge.mixins.json:entity.entity_swimming.EntityMixin from mod sable->@Inject::sable$subLevelFluidOnEyes(Lorg/spongepowered/asm/mixin/injection/callback/CallbackInfo;)V doesn't use it's CallbackInfo
[04июл.2026 11:23:08.198] [pool-19-thread-1/DEBUG] [mixin/]: sable-neoforge.mixins.json:entity.entity_swimming.EntityMixin from mod sable->@Inject::sable$subLevelFluidOnEyes(Lorg/spongepowered/asm/mixin/injection/callback/CallbackInfo;)V has 0 override(s) in child classes
[04июл.2026 11:23:08.198] [pool-19-thread-1/DEBUG] [mixin/]: sable-neoforge.mixins.json:entity.entity_swimming.EntityMixin from mod sable->@Inject::sable$subLevelFluidOnEyes(Lorg/spongepowered/asm/mixin/injection/callback/CallbackInfo;)V won't be passed a CallbackInfo as a result
[04июл.2026 11:23:08.198] [pool-19-thread-1/DEBUG] [mixin/]: veil.quasar.mixins.json:client.QuasarEntityMixin from mod veil->@Inject::remove(Lorg/spongepowered/asm/mixin/injection/callback/CallbackInfo;)V doesn't use it's CallbackInfo
[04июл.2026 11:23:08.198] [pool-19-thread-1/DEBUG] [mixin/]: veil.quasar.mixins.json:client.QuasarEntityMixin from mod veil->@Inject::remove(Lorg/spongepowered/asm/mixin/injection/callback/CallbackInfo;)V has 0 override(s) in child classes
[04июл.2026 11:23:08.198] [pool-19-thread-1/DEBUG] [mixin/]: veil.quasar.mixins.json:client.QuasarEntityMixin from mod veil->@Inject::remove(Lorg/spongepowered/asm/mixin/injection/callback/CallbackInfo;)V won't be passed a CallbackInfo as a result
[04июл.2026 11:23:08.198] [pool-19-thread-1/DEBUG] [mixin/]: simulated.mixins.json:spring_item_bounce.EntityMixin from mod simulated->@Inject::awardAdvancementBeforeFallReset(DZLnet/minecraft/world/level/block/state/BlockState;Lnet/minecraft/core/BlockPos;Lorg/spongepowered/asm/mixin/injection/callback/CallbackInfo;)V doesn't use it's CallbackInfo
[04июл.2026 11:23:08.198] [pool-19-thread-1/DEBUG] [mixin/]: simulated.mixins.json:spring_item_bounce.EntityMixin from mod simulated->@Inject::awardAdvancementBeforeFallReset(DZLnet/minecraft/world/level/block/state/BlockState;Lnet/minecraft/core/BlockPos;Lorg/spongepowered/asm/mixin/injection/callback/CallbackInfo;)V has 0 override(s) in child classes
[04июл.2026 11:23:08.198] [pool-19-thread-1/DEBUG] [mixin/]: simulated.mixins.json:spring_item_bounce.EntityMixin from mod simulated->@Inject::awardAdvancementBeforeFallReset(DZLnet/minecraft/world/level/block/state/BlockState;Lnet/minecraft/core/BlockPos;Lorg/spongepowered/asm/mixin/injection/callback/CallbackInfo;)V won't be passed a CallbackInfo as a result
[04июл.2026 11:23:08.198] [pool-19-thread-1/DEBUG] [mixin/]: create.mixins.json:client.EntityContraptionInteractionMixin from mod create->@Inject::create$contraptionStepSounds(Lnet/minecraft/world/entity/MoverType;Lnet/minecraft/world/phys/Vec3;Lorg/spongepowered/asm/mixin/injection/callback/CallbackInfo;)V doesn't use it's CallbackInfo
[04июл.2026 11:23:08.198] [pool-19-thread-1/DEBUG] [mixin/]: create.mixins.json:client.EntityContraptionInteractionMixin from mod create->@Inject::create$contraptionStepSounds(Lnet/minecraft/world/entity/MoverType;Lnet/minecraft/world/phys/Vec3;Lorg/spongepowered/asm/mixin/injection/callback/CallbackInfo;)V has 0 override(s) in child classes
[04июл.2026 11:23:08.198] [pool-19-thread-1/DEBUG] [mixin/]: create.mixins.json:client.EntityContraptionInteractionMixin from mod create->@Inject::create$contraptionStepSounds(Lnet/minecraft/world/entity/MoverType;Lnet/minecraft/world/phys/Vec3;Lorg/spongepowered/asm/mixin/injection/callback/CallbackInfo;)V won't be passed a CallbackInfo as a result
[04июл.2026 11:23:08.198] [pool-19-thread-1/DEBUG] [mixin/]: create.mixins.json:client.EntityContraptionInteractionMixin from mod create->@Inject::create$onMove(Lnet/minecraft/world/entity/MoverType;Lnet/minecraft/world/phys/Vec3;Lorg/spongepowered/asm/mixin/injection/callback/CallbackInfo;)V doesn't use it's CallbackInfo
[04июл.2026 11:23:08.198] [pool-19-thread-1/DEBUG] [mixin/]: create.mixins.json:client.EntityContraptionInteractionMixin from mod create->@Inject::create$onMove(Lnet/minecraft/world/entity/MoverType;Lnet/minecraft/world/phys/Vec3;Lorg/spongepowered/asm/mixin/injection/callback/CallbackInfo;)V has 0 override(s) in child classes
[04июл.2026 11:23:08.198] [pool-19-thread-1/DEBUG] [mixin/]: create.mixins.json:client.EntityContraptionInteractionMixin from mod create->@Inject::create$onMove(Lnet/minecraft/world/entity/MoverType;Lnet/minecraft/world/phys/Vec3;Lorg/spongepowered/asm/mixin/injection/callback/CallbackInfo;)V won't be passed a CallbackInfo as a result
[04июл.2026 11:23:08.198] [pool-19-thread-1/DEBUG] [mixin/]: create.mixins.json:client.EntityContraptionInteractionMixin from mod create->@Inject::create$onSpawnSprintParticle(Lorg/spongepowered/asm/mixin/injection/callback/CallbackInfo;)V doesn't use it's CallbackInfo
[04июл.2026 11:23:08.198] [pool-19-thread-1/DEBUG] [mixin/]: create.mixins.json:client.EntityContraptionInteractionMixin from mod create->@Inject::create$onSpawnSprintParticle(Lorg/spongepowered/asm/mixin/injection/callback/CallbackInfo;)V has 0 override(s) in child classes
[04июл.2026 11:23:08.198] [pool-19-thread-1/DEBUG] [mixin/]: create.mixins.json:client.EntityContraptionInteractionMixin from mod create->@Inject::create$onSpawnSprintParticle(Lorg/spongepowered/asm/mixin/injection/callback/CallbackInfo;)V won't be passed a CallbackInfo as a result
[04июл.2026 11:23:08.198] [pool-19-thread-1/DEBUG] [mixin/]: sable.mixins.json:death_message.EntityMixin from mod sable->@Inject::sable$updateLastSubLevelId(Lorg/spongepowered/asm/mixin/injection/callback/CallbackInfo;)V doesn't use it's CallbackInfo
[04июл.2026 11:23:08.198] [pool-19-thread-1/DEBUG] [mixin/]: sable.mixins.json:death_message.EntityMixin from mod sable->@Inject::sable$updateLastSubLevelId(Lorg/spongepowered/asm/mixin/injection/callback/CallbackInfo;)V has 0 override(s) in child classes
[04июл.2026 11:23:08.198] [pool-19-thread-1/DEBUG] [mixin/]: sable.mixins.json:death_message.EntityMixin from mod sable->@Inject::sable$updateLastSubLevelId(Lorg/spongepowered/asm/mixin/injection/callback/CallbackInfo;)V won't be passed a CallbackInfo as a result
[04июл.2026 11:23:08.198] [pool-19-thread-1/DEBUG] [mixin/]: sable.mixins.json:entity.entities_in_blocks.EntityMixin from mod sable->@Inject::checkInsideBlocks(Lorg/spongepowered/asm/mixin/injection/callback/CallbackInfo;)V doesn't use it's CallbackInfo
[04июл.2026 11:23:08.198] [pool-19-thread-1/DEBUG] [mixin/]: sable.mixins.json:entity.entities_in_blocks.EntityMixin from mod sable->@Inject::checkInsideBlocks(Lorg/spongepowered/asm/mixin/injection/callback/CallbackInfo;)V has 0 override(s) in child classes
[04июл.2026 11:23:08.198] [pool-19-thread-1/DEBUG] [mixin/]: sable.mixins.json:entity.entities_in_blocks.EntityMixin from mod sable->@Inject::checkInsideBlocks(Lorg/spongepowered/asm/mixin/injection/callback/CallbackInfo;)V won't be passed a CallbackInfo as a result
[04июл.2026 11:23:08.198] [pool-19-thread-1/DEBUG] [mixin/]: sable.mixins.json:entity.entities_stick_sublevels.EntityMixin from mod sable->@Inject::sable$updateSubLevelPosition(Lorg/spongepowered/asm/mixin/injection/callback/CallbackInfo;)V doesn't use it's CallbackInfo
[04июл.2026 11:23:08.198] [pool-19-thread-1/DEBUG] [mixin/]: sable.mixins.json:entity.entities_stick_sublevels.EntityMixin from mod sable->@Inject::sable$updateSubLevelPosition(Lorg/spongepowered/asm/mixin/injection/callback/CallbackInfo;)V has 0 override(s) in child classes
[04июл.2026 11:23:08.198] [pool-19-thread-1/DEBUG] [mixin/]: sable.mixins.json:entity.entities_stick_sublevels.EntityMixin from mod sable->@Inject::sable$updateSubLevelPosition(Lorg/spongepowered/asm/mixin/injection/callback/CallbackInfo;)V won't be passed a CallbackInfo as a result
[04июл.2026 11:23:08.199] [pool-19-thread-1/DEBUG] [mixin/]: sable.mixins.json:entity.entities_stick_sublevels.EntityMixin from mod sable->@Inject::sable$recreateFromPacket(Lnet/minecraft/network/protocol/game/ClientboundAddEntityPacket;Lorg/spongepowered/asm/mixin/injection/callback/CallbackInfo;)V doesn't use it's CallbackInfo
[04июл.2026 11:23:08.199] [pool-19-thread-1/DEBUG] [mixin/]: sable.mixins.json:entity.entities_stick_sublevels.EntityMixin from mod sable->@Inject::sable$recreateFromPacket(Lnet/minecraft/network/protocol/game/ClientboundAddEntityPacket;Lorg/spongepowered/asm/mixin/injection/callback/CallbackInfo;)V has 0 override(s) in child classes
[04июл.2026 11:23:08.199] [pool-19-thread-1/DEBUG] [mixin/]: sable.mixins.json:entity.entities_stick_sublevels.EntityMixin from mod sable->@Inject::sable$recreateFromPacket(Lnet/minecraft/network/protocol/game/ClientboundAddEntityPacket;Lorg/spongepowered/asm/mixin/injection/callback/CallbackInfo;)V won't be passed a CallbackInfo as a result
[04июл.2026 11:23:08.199] [pool-19-thread-1/DEBUG] [mixin/]: sable.mixins.json:entity.entities_stick_sublevels.effects.EntityMixin from mod sable->@Inject::sable$spawnSprintParticle(Lorg/spongepowered/asm/mixin/injection/callback/CallbackInfo;)V doesn't use it's CallbackInfo
[04июл.2026 11:23:08.199] [pool-19-thread-1/DEBUG] [mixin/]: sable.mixins.json:entity.entities_stick_sublevels.effects.EntityMixin from mod sable->@Inject::sable$spawnSprintParticle(Lorg/spongepowered/asm/mixin/injection/callback/CallbackInfo;)V has 0 override(s) in child classes
[04июл.2026 11:23:08.199] [pool-19-thread-1/DEBUG] [mixin/]: sable.mixins.json:entity.entities_stick_sublevels.effects.EntityMixin from mod sable->@Inject::sable$spawnSprintParticle(Lorg/spongepowered/asm/mixin/injection/callback/CallbackInfo;)V won't be passed a CallbackInfo as a result
[04июл.2026 11:23:08.199] [pool-19-thread-1/DEBUG] [mixin/]: sable.mixins.json:entity.entities_stick_sublevels.effects.EntityMixin from mod sable->@Inject::sable$preGetOnPos(FLorg/spongepowered/asm/mixin/injection/callback/CallbackInfoReturnable;)V does use it's CallbackInfoReturnable
[04июл.2026 11:23:08.199] [pool-19-thread-1/DEBUG] [mixin/]: sable.mixins.json:entity.entity_rotations_and_riding.EntityMixin from mod sable->@Inject::moveRelative(FLnet/minecraft/world/phys/Vec3;Lorg/spongepowered/asm/mixin/injection/callback/CallbackInfo;)V does use it's CallbackInfo
[04июл.2026 11:23:08.199] [pool-19-thread-1/DEBUG] [mixin/]: sable.mixins.json:entity.entity_rotations_and_riding.EntityMixin from mod sable->@Inject::sable$onRidingTick(Lorg/spongepowered/asm/mixin/injection/callback/CallbackInfo;)V doesn't use it's CallbackInfo
[04июл.2026 11:23:08.199] [pool-19-thread-1/DEBUG] [mixin/]: sable.mixins.json:entity.entity_rotations_and_riding.EntityMixin from mod sable->@Inject::sable$onRidingTick(Lorg/spongepowered/asm/mixin/injection/callback/CallbackInfo;)V has 0 override(s) in child classes
[04июл.2026 11:23:08.199] [pool-19-thread-1/DEBUG] [mixin/]: sable.mixins.json:entity.entity_rotations_and_riding.EntityMixin from mod sable->@Inject::sable$onRidingTick(Lorg/spongepowered/asm/mixin/injection/callback/CallbackInfo;)V won't be passed a CallbackInfo as a result
[04июл.2026 11:23:08.199] [pool-19-thread-1/DEBUG] [mixin/]: sable.mixins.json:entity.entity_rotations_and_riding.EntityMixin from mod sable->@Inject::sable$onPositionRider(Lnet/minecraft/world/entity/Entity;Lorg/spongepowered/asm/mixin/injection/callback/CallbackInfo;)V doesn't use it's CallbackInfo
[04июл.2026 11:23:08.199] [pool-19-thread-1/DEBUG] [mixin/]: sable.mixins.json:entity.entity_rotations_and_riding.EntityMixin from mod sable->@Inject::sable$onPositionRider(Lnet/minecraft/world/entity/Entity;Lorg/spongepowered/asm/mixin/injection/callback/CallbackInfo;)V has 0 override(s) in child classes
[04июл.2026 11:23:08.199] [pool-19-thread-1/DEBUG] [mixin/]: sable.mixins.json:entity.entity_rotations_and_riding.EntityMixin from mod sable->@Inject::sable$onPositionRider(Lnet/minecraft/world/entity/Entity;Lorg/spongepowered/asm/mixin/injection/callback/CallbackInfo;)V won't be passed a CallbackInfo as a result
[04июл.2026 11:23:08.199] [pool-19-thread-1/DEBUG] [mixin/]: sable.mixins.json:tracking_points.EntityMixin from mod sable->@Inject::sable$load(Lnet/minecraft/nbt/CompoundTag;Lorg/spongepowered/asm/mixin/injection/callback/CallbackInfo;)V doesn't use it's CallbackInfo
[04июл.2026 11:23:08.199] [pool-19-thread-1/DEBUG] [mixin/]: sable.mixins.json:tracking_points.EntityMixin from mod sable->@Inject::sable$load(Lnet/minecraft/nbt/CompoundTag;Lorg/spongepowered/asm/mixin/injection/callback/CallbackInfo;)V has 0 override(s) in child classes
[04июл.2026 11:23:08.199] [pool-19-thread-1/DEBUG] [mixin/]: sable.mixins.json:tracking_points.EntityMixin from mod sable->@Inject::sable$load(Lnet/minecraft/nbt/CompoundTag;Lorg/spongepowered/asm/mixin/injection/callback/CallbackInfo;)V won't be passed a CallbackInfo as a result
[04июл.2026 11:23:08.199] [pool-19-thread-1/DEBUG] [mixin/]: sable.mixins.json:water_occlusion.EntityMixin from mod sable->@Inject::sable$updateFluidHeightAndDoFluidPushing(Lnet/minecraft/tags/TagKey;DLorg/spongepowered/asm/mixin/injection/callback/CallbackInfoReturnable;)V does use it's CallbackInfoReturnable
[04июл.2026 11:23:08.199] [pool-19-thread-1/DEBUG] [mixin/]: sable.mixins.json:camera.camera_rotation.EntityMixin from mod sable->@Inject::sable$calculateViewVector(FFLorg/spongepowered/asm/mixin/injection/callback/CallbackInfoReturnable;)V does use it's CallbackInfoReturnable
[04июл.2026 11:23:08.199] [pool-19-thread-1/DEBUG] [mixin/]: createdieselgenerators.mixins.json:EntityMixin from mod createdieselgenerators->@Inject::load(Lnet/minecraft/nbt/CompoundTag;Lorg/spongepowered/asm/mixin/injection/callback/CallbackInfo;)V doesn't use it's CallbackInfo
[04июл.2026 11:23:08.199] [pool-19-thread-1/DEBUG] [mixin/]: createdieselgenerators.mixins.json:EntityMixin from mod createdieselgenerators->@Inject::load(Lnet/minecraft/nbt/CompoundTag;Lorg/spongepowered/asm/mixin/injection/callback/CallbackInfo;)V has 0 override(s) in child classes
[04июл.2026 11:23:08.200] [pool-19-thread-1/DEBUG] [mixin/]: createdieselgenerators.mixins.json:EntityMixin from mod createdieselgenerators->@Inject::load(Lnet/minecraft/nbt/CompoundTag;Lorg/spongepowered/asm/mixin/injection/callback/CallbackInfo;)V won't be passed a CallbackInfo as a result
[04июл.2026 11:23:08.200] [pool-19-thread-1/DEBUG] [mixin/]: createdieselgenerators.mixins.json:EntityMixin from mod createdieselgenerators->@Inject::save(Lnet/minecraft/nbt/CompoundTag;Lorg/spongepowered/asm/mixin/injection/callback/CallbackInfoReturnable;)V doesn't use it's CallbackInfoReturnable
[04июл.2026 11:23:08.200] [pool-19-thread-1/DEBUG] [mixin/]: createdieselgenerators.mixins.json:EntityMixin from mod createdieselgenerators->@Inject::save(Lnet/minecraft/nbt/CompoundTag;Lorg/spongepowered/asm/mixin/injection/callback/CallbackInfoReturnable;)V has 0 override(s) in child classes
[04июл.2026 11:23:08.200] [pool-19-thread-1/DEBUG] [mixin/]: createdieselgenerators.mixins.json:EntityMixin from mod createdieselgenerators->@Inject::save(Lnet/minecraft/nbt/CompoundTag;Lorg/spongepowered/asm/mixin/injection/callback/CallbackInfoReturnable;)V won't be passed a CallbackInfoReturnable as a result
[04июл.2026 11:23:08.200] [pool-19-thread-1/DEBUG] [mixin/]: sable.mixins.json:entity.entity_sublevel_collision.EntityMixin from mod sable->@Inject::sable$moveInject(Lnet/minecraft/world/entity/MoverType;Lnet/minecraft/world/phys/Vec3;Lorg/spongepowered/asm/mixin/injection/callback/CallbackInfo;)V doesn't use it's CallbackInfo
[04июл.2026 11:23:08.200] [pool-19-thread-1/DEBUG] [mixin/]: sable.mixins.json:entity.entity_sublevel_collision.EntityMixin from mod sable->@Inject::sable$moveInject(Lnet/minecraft/world/entity/MoverType;Lnet/minecraft/world/phys/Vec3;Lorg/spongepowered/asm/mixin/injection/callback/CallbackInfo;)V has 0 override(s) in child classes
[04июл.2026 11:23:08.200] [pool-19-thread-1/DEBUG] [mixin/]: sable.mixins.json:entity.entity_sublevel_collision.EntityMixin from mod sable->@Inject::sable$moveInject(Lnet/minecraft/world/entity/MoverType;Lnet/minecraft/world/phys/Vec3;Lorg/spongepowered/asm/mixin/injection/callback/CallbackInfo;)V won't be passed a CallbackInfo as a result
[04июл.2026 11:23:08.200] [pool-19-thread-1/DEBUG] [mixin/]: sable.mixins.json:entity.entity_sublevel_collision.EntityMixin from mod sable->@Inject::sable$tickInject(Lorg/spongepowered/asm/mixin/injection/callback/CallbackInfo;)V doesn't use it's CallbackInfo
[04июл.2026 11:23:08.200] [pool-19-thread-1/DEBUG] [mixin/]: sable.mixins.json:entity.entity_sublevel_collision.EntityMixin from mod sable->@Inject::sable$tickInject(Lorg/spongepowered/asm/mixin/injection/callback/CallbackInfo;)V has 0 override(s) in child classes
[04июл.2026 11:23:08.200] [pool-19-thread-1/DEBUG] [mixin/]: sable.mixins.json:entity.entity_sublevel_collision.EntityMixin from mod sable->@Inject::sable$tickInject(Lorg/spongepowered/asm/mixin/injection/callback/CallbackInfo;)V won't be passed a CallbackInfo as a result
[04июл.2026 11:23:08.213] [pool-19-thread-1/DEBUG] [mixin/]: Mixing NetworkServerPlayerMixin from veil.network.mixins.json into net.minecraft.server.level.ServerPlayer
[04июл.2026 11:23:08.214] [pool-19-thread-1/DEBUG] [mixin/]: Mixing entity.entities_stick_sublevels.player.ServerPlayerMixin from sable.mixins.json into net.minecraft.server.level.ServerPlayer
[04июл.2026 11:23:08.215] [pool-19-thread-1/DEBUG] [mixin/]: Mixing entity.entity_rotations_and_riding.ServerPlayerMixin from sable.mixins.json into net.minecraft.server.level.ServerPlayer
[04июл.2026 11:23:08.216] [pool-19-thread-1/DEBUG] [mixin/]: Mixing entity.teleport_players.ServerPlayerMixin from sable.mixins.json into net.minecraft.server.level.ServerPlayer
[04июл.2026 11:23:08.217] [pool-19-thread-1/DEBUG] [mixin/]: Mixing player_freezing.ServerPlayerMixin from sable.mixins.json into net.minecraft.server.level.ServerPlayer
[04июл.2026 11:23:08.217] [pool-19-thread-1/DEBUG] [mixin/]: Mixing respawn_point.ServerPlayerMixin from sable.mixins.json into net.minecraft.server.level.ServerPlayer
[04июл.2026 11:23:08.219] [pool-19-thread-1/DEBUG] [mixin/]: Mixing respawn_point.sleeping.ServerPlayerMixin from sable.mixins.json into net.minecraft.server.level.ServerPlayer
[04июл.2026 11:23:08.220] [pool-19-thread-1/DEBUG] [mixin/]: Mixing tracking_points.ServerPlayerMixin from sable.mixins.json into net.minecraft.server.level.ServerPlayer
[04июл.2026 11:23:08.226] [pool-19-thread-1/DEBUG] [mixin/]: sable.mixins.json:entity.entities_stick_sublevels.player.ServerPlayerMixin from mod sable->@Inject::tick(Lorg/spongepowered/asm/mixin/injection/callback/CallbackInfo;)V doesn't use it's CallbackInfo
[04июл.2026 11:23:08.226] [pool-19-thread-1/DEBUG] [mixin/]: sable.mixins.json:entity.entities_stick_sublevels.player.ServerPlayerMixin from mod sable->@Inject::tick(Lorg/spongepowered/asm/mixin/injection/callback/CallbackInfo;)V has 0 override(s) in child classes
[04июл.2026 11:23:08.226] [pool-19-thread-1/DEBUG] [mixin/]: sable.mixins.json:entity.entities_stick_sublevels.player.ServerPlayerMixin from mod sable->@Inject::tick(Lorg/spongepowered/asm/mixin/injection/callback/CallbackInfo;)V won't be passed a CallbackInfo as a result
[04июл.2026 11:23:08.226] [pool-19-thread-1/DEBUG] [mixin/]: sable.mixins.json:player_freezing.ServerPlayerMixin from mod sable->@Inject::setSable$frozenToSubLevel(Lorg/spongepowered/asm/mixin/injection/callback/CallbackInfo;)V doesn't use it's CallbackInfo
[04июл.2026 11:23:08.226] [pool-19-thread-1/DEBUG] [mixin/]: sable.mixins.json:player_freezing.ServerPlayerMixin from mod sable->@Inject::setSable$frozenToSubLevel(Lorg/spongepowered/asm/mixin/injection/callback/CallbackInfo;)V has 0 override(s) in child classes
[04июл.2026 11:23:08.227] [pool-19-thread-1/DEBUG] [mixin/]: sable.mixins.json:player_freezing.ServerPlayerMixin from mod sable->@Inject::setSable$frozenToSubLevel(Lorg/spongepowered/asm/mixin/injection/callback/CallbackInfo;)V won't be passed a CallbackInfo as a result
[04июл.2026 11:23:08.227] [pool-19-thread-1/DEBUG] [mixin/]: sable.mixins.json:respawn_point.ServerPlayerMixin from mod sable->@Inject::sable$setRespawnPosition(Lnet/minecraft/resources/ResourceKey;Lnet/minecraft/core/BlockPos;FZZLorg/spongepowered/asm/mixin/injection/callback/CallbackInfo;)V does use it's CallbackInfo
[04июл.2026 11:23:08.227] [pool-19-thread-1/DEBUG] [mixin/]: sable.mixins.json:respawn_point.ServerPlayerMixin from mod sable->@Inject::sable$addRespawnPoint(Lnet/minecraft/nbt/CompoundTag;Lorg/spongepowered/asm/mixin/injection/callback/CallbackInfo;)V doesn't use it's CallbackInfo
[04июл.2026 11:23:08.227] [pool-19-thread-1/DEBUG] [mixin/]: sable.mixins.json:respawn_point.ServerPlayerMixin from mod sable->@Inject::sable$addRespawnPoint(Lnet/minecraft/nbt/CompoundTag;Lorg/spongepowered/asm/mixin/injection/callback/CallbackInfo;)V has 0 override(s) in child classes
[04июл.2026 11:23:08.227] [pool-19-thread-1/DEBUG] [mixin/]: sable.mixins.json:respawn_point.ServerPlayerMixin from mod sable->@Inject::sable$addRespawnPoint(Lnet/minecraft/nbt/CompoundTag;Lorg/spongepowered/asm/mixin/injection/callback/CallbackInfo;)V won't be passed a CallbackInfo as a result
[04июл.2026 11:23:08.227] [pool-19-thread-1/DEBUG] [mixin/]: sable.mixins.json:respawn_point.ServerPlayerMixin from mod sable->@Inject::sable$readRespawnPoint(Lnet/minecraft/nbt/CompoundTag;Lorg/spongepowered/asm/mixin/injection/callback/CallbackInfo;)V doesn't use it's CallbackInfo
[04июл.2026 11:23:08.227] [pool-19-thread-1/DEBUG] [mixin/]: sable.mixins.json:respawn_point.ServerPlayerMixin from mod sable->@Inject::sable$readRespawnPoint(Lnet/minecraft/nbt/CompoundTag;Lorg/spongepowered/asm/mixin/injection/callback/CallbackInfo;)V has 0 override(s) in child classes
[04июл.2026 11:23:08.227] [pool-19-thread-1/DEBUG] [mixin/]: sable.mixins.json:respawn_point.ServerPlayerMixin from mod sable->@Inject::sable$readRespawnPoint(Lnet/minecraft/nbt/CompoundTag;Lorg/spongepowered/asm/mixin/injection/callback/CallbackInfo;)V won't be passed a CallbackInfo as a result
[04июл.2026 11:23:08.227] [pool-19-thread-1/DEBUG] [mixin/]: sable.mixins.json:tracking_points.ServerPlayerMixin from mod sable->@Inject::addAdditionalSaveData(Lnet/minecraft/nbt/CompoundTag;Lorg/spongepowered/asm/mixin/injection/callback/CallbackInfo;)V doesn't use it's CallbackInfo
[04июл.2026 11:23:08.227] [pool-19-thread-1/DEBUG] [mixin/]: sable.mixins.json:tracking_points.ServerPlayerMixin from mod sable->@Inject::addAdditionalSaveData(Lnet/minecraft/nbt/CompoundTag;Lorg/spongepowered/asm/mixin/injection/callback/CallbackInfo;)V has 0 override(s) in child classes
[04июл.2026 11:23:08.227] [pool-19-thread-1/DEBUG] [mixin/]: sable.mixins.json:tracking_points.ServerPlayerMixin from mod sable->@Inject::addAdditionalSaveData(Lnet/minecraft/nbt/CompoundTag;Lorg/spongepowered/asm/mixin/injection/callback/CallbackInfo;)V won't be passed a CallbackInfo as a result
[04июл.2026 11:23:08.235] [pool-19-thread-1/DEBUG] [mixin/]: Mixing compatibility.create.redstone_links.RedstoneLinkNetworkHandlerMixin from sable-neoforge.mixins.json into com.simibubi.create.content.redstone.link.RedstoneLinkNetworkHandler
[04июл.2026 11:23:08.248] [pool-19-thread-1/DEBUG] [io.netty.util.internal.PlatformDependent0/]: -Dio.netty.noUnsafe: false
[04июл.2026 11:23:08.249] [pool-19-thread-1/DEBUG] [io.netty.util.internal.PlatformDependent0/]: Java version: 21
[04июл.2026 11:23:08.249] [pool-19-thread-1/DEBUG] [io.netty.util.internal.PlatformDependent0/]: sun.misc.Unsafe.theUnsafe: available
[04июл.2026 11:23:08.249] [pool-19-thread-1/DEBUG] [io.netty.util.internal.PlatformDependent0/]: sun.misc.Unsafe.copyMemory: available
[04июл.2026 11:23:08.249] [pool-19-thread-1/DEBUG] [io.netty.util.internal.PlatformDependent0/]: sun.misc.Unsafe.storeFence: available
[04июл.2026 11:23:08.249] [pool-19-thread-1/DEBUG] [io.netty.util.internal.PlatformDependent0/]: java.nio.Buffer.address: available
[04июл.2026 11:23:08.250] [pool-19-thread-1/DEBUG] [io.netty.util.internal.PlatformDependent0/]: java.nio.Bits.unaligned: available, true
[04июл.2026 11:23:08.250] [pool-19-thread-1/DEBUG] [io.netty.util.internal.PlatformDependent0/]: java.nio.DirectByteBuffer.<init>(long, {int,long}): unavailable
[04июл.2026 11:23:08.250] [pool-19-thread-1/DEBUG] [io.netty.util.internal.PlatformDependent/]: sun.misc.Unsafe: available
[04июл.2026 11:23:08.251] [pool-19-thread-1/DEBUG] [io.netty.util.internal.PlatformDependent/]: maxDirectMemory: 8552185856 bytes (maybe)
[04июл.2026 11:23:08.251] [pool-19-thread-1/DEBUG] [io.netty.util.internal.PlatformDependent/]: -Dio.netty.tmpdir: C:\Users\Kostya\AppData\Local\Temp (java.io.tmpdir)
[04июл.2026 11:23:08.251] [pool-19-thread-1/DEBUG] [io.netty.util.internal.PlatformDependent/]: -Dio.netty.bitMode: 64 (sun.arch.data.model)
[04июл.2026 11:23:08.251] [pool-19-thread-1/DEBUG] [io.netty.util.internal.PlatformDependent/]: Platform: Windows
[04июл.2026 11:23:08.251] [pool-19-thread-1/DEBUG] [io.netty.util.internal.PlatformDependent/]: -Dio.netty.maxDirectMemory: -1 bytes
[04июл.2026 11:23:08.251] [pool-19-thread-1/DEBUG] [io.netty.util.internal.PlatformDependent/]: -Dio.netty.uninitializedArrayAllocationThreshold: -1
[04июл.2026 11:23:08.252] [pool-19-thread-1/DEBUG] [io.netty.util.internal.CleanerJava9/]: java.nio.ByteBuffer.cleaner(): available
[04июл.2026 11:23:08.252] [pool-19-thread-1/DEBUG] [io.netty.util.internal.PlatformDependent/]: -Dio.netty.noPreferDirect: false
[04июл.2026 11:23:08.255] [pool-19-thread-1/DEBUG] [mixin/]: Mixing accessor.StateHolderAccessor from create.mixins.json into net.minecraft.world.level.block.state.StateHolder
[04июл.2026 11:23:08.257] [pool-19-thread-1/DEBUG] [mixin/]: Mixing block_properties.BlockStateMixin from sable.mixins.json into net.minecraft.world.level.block.state.BlockState
[04июл.2026 11:23:08.261] [pool-19-thread-1/DEBUG] [mixin/]: Mixing clip_overwrite.BlockGetterMixin from sable.mixins.json into net.minecraft.world.level.BlockGetter
[04июл.2026 11:23:08.261] [pool-19-thread-1/DEBUG] [mixin/]: Renaming synthetic method lambda$originalClip$1(Lnet/minecraft/world/level/ClipContext;)Lnet/minecraft/world/phys/BlockHitResult; to mdca1030$sable$lambda$originalClip$1$0 in sable.mixins.json:clip_overwrite.BlockGetterMixin from mod sable
[04июл.2026 11:23:08.261] [pool-19-thread-1/DEBUG] [mixin/]: Renaming synthetic method lambda$originalClip$0(Lnet/minecraft/world/level/BlockGetter;Lnet/minecraft/world/level/ClipContext;Lnet/minecraft/core/BlockPos;)Lnet/minecraft/world/phys/BlockHitResult; to mdca1030$sable$lambda$originalClip$0$1 in sable.mixins.json:clip_overwrite.BlockGetterMixin from mod sable
[04июл.2026 11:23:08.268] [pool-19-thread-1/DEBUG] [mixin/]: Mixing block_placement.EntityGetterMixin from sable.mixins.json into net.minecraft.world.level.EntityGetter
[04июл.2026 11:23:08.271] [pool-19-thread-1/DEBUG] [mixin/]: Mixing plot.lighting.BlockAndTintGetterMixin from sable.mixins.json into net.minecraft.world.level.BlockAndTintGetter
[04июл.2026 11:23:08.279] [pool-19-thread-1/DEBUG] [mixin/]: Mixing LevelMixin from flywheel.impl.mixins.json into net.minecraft.world.level.Level
[04июл.2026 11:23:08.279] [pool-19-thread-1/DEBUG] [mixin/]: Mixing entity.entity_sublevel_collision.LevelMixin from sable.mixins.json into net.minecraft.world.level.Level
[04июл.2026 11:23:08.279] [pool-19-thread-1/DEBUG] [mixin/]: Mixing world_border.LevelMixin from sable.mixins.json into net.minecraft.world.level.Level
[04июл.2026 11:23:08.279] [pool-19-thread-1/DEBUG] [mixin/]: Mixing compatibility.create.super_glue.LevelAccessor from sable-neoforge.mixins.json into net.minecraft.world.level.Level
[04июл.2026 11:23:08.279] [pool-19-thread-1/DEBUG] [mixin/]: sable.mixins.json:world_border.LevelMixin from mod sable->@Inject::sable$initializeWorldBorder(Lnet/minecraft/world/level/storage/WritableLevelData;Lnet/minecraft/resources/ResourceKey;Lnet/minecraft/core/RegistryAccess;Lnet/minecraft/core/Holder;Ljava/util/function/Supplier;ZZJILorg/spongepowered/asm/mixin/injection/callback/CallbackInfo;)V doesn't use it's CallbackInfo
[04июл.2026 11:23:08.279] [pool-19-thread-1/DEBUG] [mixin/]: sable.mixins.json:world_border.LevelMixin from mod sable->@Inject::sable$initializeWorldBorder(Lnet/minecraft/world/level/storage/WritableLevelData;Lnet/minecraft/resources/ResourceKey;Lnet/minecraft/core/RegistryAccess;Lnet/minecraft/core/Holder;Ljava/util/function/Supplier;ZZJILorg/spongepowered/asm/mixin/injection/callback/CallbackInfo;)V has 0 override(s) in child classes
[04июл.2026 11:23:08.281] [pool-19-thread-1/DEBUG] [mixin/]: sable.mixins.json:world_border.LevelMixin from mod sable->@Inject::sable$initializeWorldBorder(Lnet/minecraft/world/level/storage/WritableLevelData;Lnet/minecraft/resources/ResourceKey;Lnet/minecraft/core/RegistryAccess;Lnet/minecraft/core/Holder;Ljava/util/function/Supplier;ZZJILorg/spongepowered/asm/mixin/injection/callback/CallbackInfo;)V won't be passed a CallbackInfo as a result
[04июл.2026 11:23:08.285] [pool-19-thread-1/DEBUG] [mixin/]: Mixing NetworkServerLevelMixin from veil.network.mixins.json into net.minecraft.server.level.ServerLevel
[04июл.2026 11:23:08.285] [pool-19-thread-1/DEBUG] [mixin/]: Mixing accessor.ServerLevelAccessor from create.mixins.json into net.minecraft.server.level.ServerLevel
[04июл.2026 11:23:08.285] [pool-19-thread-1/DEBUG] [mixin/]: Mixing block_decal_render.ServerLevelMixin from sable.mixins.json into net.minecraft.server.level.ServerLevel
[04июл.2026 11:23:08.285] [pool-19-thread-1/DEBUG] [mixin/]: Mixing entity.entity_aabb_lookup.LevelsMixin from sable.mixins.json into net.minecraft.server.level.ServerLevel
[04июл.2026 11:23:08.286] [pool-19-thread-1/DEBUG] [mixin/]: Mixing entity.entity_kicking.ServerLevelMixin from sable.mixins.json into net.minecraft.server.level.ServerLevel
[04июл.2026 11:23:08.286] [pool-19-thread-1/DEBUG] [mixin/]: Mixing entity.server_entities_tick.ServerLevelMixin from sable.mixins.json into net.minecraft.server.level.ServerLevel
[04июл.2026 11:23:08.287] [pool-19-thread-1/DEBUG] [mixin/]: Mixing explosion.ServerLevelMixin from sable.mixins.json into net.minecraft.server.level.ServerLevel
[04июл.2026 11:23:08.287] [pool-19-thread-1/DEBUG] [mixin/]: Mixing particle.ServerLevelMixin from sable.mixins.json into net.minecraft.server.level.ServerLevel
[04июл.2026 11:23:08.287] [pool-19-thread-1/DEBUG] [mixin/]: Mixing physics.ServerLevelMixin from sable.mixins.json into net.minecraft.server.level.ServerLevel
[04июл.2026 11:23:08.288] [pool-19-thread-1/DEBUG] [mixin/]: Mixing plot.LevelsMixin from sable.mixins.json into net.minecraft.server.level.ServerLevel
[04июл.2026 11:23:08.289] [pool-19-thread-1/DEBUG] [mixin/]: Mixing plot.ServerLevelMixin from sable.mixins.json into net.minecraft.server.level.ServerLevel
[04июл.2026 11:23:08.291] [pool-19-thread-1/DEBUG] [mixin/]: Mixing water_occlusion.LevelsMixin from sable.mixins.json into net.minecraft.server.level.ServerLevel
[04июл.2026 11:23:08.299] [pool-19-thread-1/DEBUG] [mixin/]: sable.mixins.json:entity.entity_aabb_lookup.LevelsMixin from mod sable->@Inject::sable$postGetEntities(Lorg/spongepowered/asm/mixin/injection/callback/CallbackInfoReturnable;)V does use it's CallbackInfoReturnable
[04июл.2026 11:23:08.299] [pool-19-thread-1/DEBUG] [mixin/]: sable.mixins.json:entity.entity_kicking.ServerLevelMixin from mod sable->@Inject::sable$kickEntity(Lnet/minecraft/world/entity/Entity;Lorg/spongepowered/asm/mixin/injection/callback/CallbackInfoReturnable;)V doesn't use it's CallbackInfoReturnable
[04июл.2026 11:23:08.299] [pool-19-thread-1/DEBUG] [mixin/]: sable.mixins.json:entity.entity_kicking.ServerLevelMixin from mod sable->@Inject::sable$kickEntity(Lnet/minecraft/world/entity/Entity;Lorg/spongepowered/asm/mixin/injection/callback/CallbackInfoReturnable;)V has 0 override(s) in child classes
[04июл.2026 11:23:08.299] [pool-19-thread-1/DEBUG] [mixin/]: sable.mixins.json:entity.entity_kicking.ServerLevelMixin from mod sable->@Inject::sable$kickEntity(Lnet/minecraft/world/entity/Entity;Lorg/spongepowered/asm/mixin/injection/callback/CallbackInfoReturnable;)V won't be passed a CallbackInfoReturnable as a result
[04июл.2026 11:23:08.299] [pool-19-thread-1/DEBUG] [mixin/]: sable.mixins.json:plot.ServerLevelMixin from mod sable->@Inject::sable$init(Lorg/spongepowered/asm/mixin/injection/callback/CallbackInfo;)V doesn't use it's CallbackInfo
[04июл.2026 11:23:08.299] [pool-19-thread-1/DEBUG] [mixin/]: sable.mixins.json:plot.ServerLevelMixin from mod sable->@Inject::sable$init(Lorg/spongepowered/asm/mixin/injection/callback/CallbackInfo;)V has 0 override(s) in child classes
[04июл.2026 11:23:08.299] [pool-19-thread-1/DEBUG] [mixin/]: sable.mixins.json:plot.ServerLevelMixin from mod sable->@Inject::sable$init(Lorg/spongepowered/asm/mixin/injection/callback/CallbackInfo;)V won't be passed a CallbackInfo as a result
[04июл.2026 11:23:08.299] [pool-19-thread-1/DEBUG] [mixin/]: sable.mixins.json:plot.ServerLevelMixin from mod sable->@Inject::sable$close(Lorg/spongepowered/asm/mixin/injection/callback/CallbackInfo;)V doesn't use it's CallbackInfo
[04июл.2026 11:23:08.299] [pool-19-thread-1/DEBUG] [mixin/]: sable.mixins.json:plot.ServerLevelMixin from mod sable->@Inject::sable$close(Lorg/spongepowered/asm/mixin/injection/callback/CallbackInfo;)V has 0 override(s) in child classes
[04июл.2026 11:23:08.299] [pool-19-thread-1/DEBUG] [mixin/]: sable.mixins.json:plot.ServerLevelMixin from mod sable->@Inject::sable$close(Lorg/spongepowered/asm/mixin/injection/callback/CallbackInfo;)V won't be passed a CallbackInfo as a result
[04июл.2026 11:23:08.299] [pool-19-thread-1/DEBUG] [mixin/]: sable.mixins.json:plot.ServerLevelMixin from mod sable->@Inject::sable$saveSubLevels(Lnet/minecraft/util/ProgressListener;ZZLorg/spongepowered/asm/mixin/injection/callback/CallbackInfo;)V doesn't use it's CallbackInfo
[04июл.2026 11:23:08.299] [pool-19-thread-1/DEBUG] [mixin/]: sable.mixins.json:plot.ServerLevelMixin from mod sable->@Inject::sable$saveSubLevels(Lnet/minecraft/util/ProgressListener;ZZLorg/spongepowered/asm/mixin/injection/callback/CallbackInfo;)V has 0 override(s) in child classes
[04июл.2026 11:23:08.299] [pool-19-thread-1/DEBUG] [mixin/]: sable.mixins.json:plot.ServerLevelMixin from mod sable->@Inject::sable$saveSubLevels(Lnet/minecraft/util/ProgressListener;ZZLorg/spongepowered/asm/mixin/injection/callback/CallbackInfo;)V won't be passed a CallbackInfo as a result
[04июл.2026 11:23:08.299] [pool-19-thread-1/DEBUG] [mixin/]: sable.mixins.json:plot.ServerLevelMixin from mod sable->@Inject::sable$tickPlotContainer(Ljava/util/function/BooleanSupplier;Lorg/spongepowered/asm/mixin/injection/callback/CallbackInfo;)V doesn't use it's CallbackInfo
[04июл.2026 11:23:08.299] [pool-19-thread-1/DEBUG] [mixin/]: sable.mixins.json:plot.ServerLevelMixin from mod sable->@Inject::sable$tickPlotContainer(Ljava/util/function/BooleanSupplier;Lorg/spongepowered/asm/mixin/injection/callback/CallbackInfo;)V has 0 override(s) in child classes
[04июл.2026 11:23:08.299] [pool-19-thread-1/DEBUG] [mixin/]: sable.mixins.json:plot.ServerLevelMixin from mod sable->@Inject::sable$tickPlotContainer(Ljava/util/function/BooleanSupplier;Lorg/spongepowered/asm/mixin/injection/callback/CallbackInfo;)V won't be passed a CallbackInfo as a result
[04июл.2026 11:23:08.299] [pool-19-thread-1/DEBUG] [mixin/]: sable.mixins.json:plot.ServerLevelMixin from mod sable->@Inject::sable$shouldTickBlocksAt(JLorg/spongepowered/asm/mixin/injection/callback/CallbackInfoReturnable;)V does use it's CallbackInfoReturnable
[04июл.2026 11:23:08.299] [pool-19-thread-1/DEBUG] [mixin/]: sable.mixins.json:plot.ServerLevelMixin from mod sable->@Inject::sable$isNaturalSpawningAllowed(Lnet/minecraft/world/level/ChunkPos;Lorg/spongepowered/asm/mixin/injection/callback/CallbackInfoReturnable;)V does use it's CallbackInfoReturnable
[04июл.2026 11:23:08.308] [pool-19-thread-1/DEBUG] [mixin/]: Mixing item_converter.ItemEntityMixin from aeronautics.mixins.json into net.minecraft.world.entity.item.ItemEntity
[04июл.2026 11:23:08.308] [pool-19-thread-1/DEBUG] [mixin/]: aeronautics.mixins.json:item_converter.ItemEntityMixin from mod aeronautics: Class version 65 required is higher than the class version supported by the current version of Mixin (JAVA_18 supports class version 62)
[04июл.2026 11:23:08.310] [pool-19-thread-1/DEBUG] [mixin/]: Mixing levitite.ItemEntityMixin from aeronautics.mixins.json into net.minecraft.world.entity.item.ItemEntity
[04июл.2026 11:23:08.310] [pool-19-thread-1/DEBUG] [mixin/]: aeronautics.mixins.json:levitite.ItemEntityMixin from mod aeronautics: Class version 65 required is higher than the class version supported by the current version of Mixin (JAVA_18 supports class version 62)
[04июл.2026 11:23:08.311] [pool-19-thread-1/DEBUG] [mixin/]: Mixing entity.entity_sublevel_collision.ItemEntityMixin from sable.mixins.json into net.minecraft.world.entity.item.ItemEntity
[04июл.2026 11:23:08.313] [pool-19-thread-1/DEBUG] [mixin/]: aeronautics.mixins.json:item_converter.ItemEntityMixin from mod aeronautics->@Inject::aeronautics$tick(Lorg/spongepowered/asm/mixin/injection/callback/CallbackInfo;)V doesn't use it's CallbackInfo
[04июл.2026 11:23:08.313] [pool-19-thread-1/DEBUG] [mixin/]: aeronautics.mixins.json:item_converter.ItemEntityMixin from mod aeronautics->@Inject::aeronautics$tick(Lorg/spongepowered/asm/mixin/injection/callback/CallbackInfo;)V has 0 override(s) in child classes
[04июл.2026 11:23:08.313] [pool-19-thread-1/DEBUG] [mixin/]: aeronautics.mixins.json:item_converter.ItemEntityMixin from mod aeronautics->@Inject::aeronautics$tick(Lorg/spongepowered/asm/mixin/injection/callback/CallbackInfo;)V won't be passed a CallbackInfo as a result
[04июл.2026 11:23:08.313] [pool-19-thread-1/DEBUG] [mixin/]: aeronautics.mixins.json:levitite.ItemEntityMixin from mod aeronautics->@Inject::aeronautics$levitatingGravity(Lorg/spongepowered/asm/mixin/injection/callback/CallbackInfoReturnable;)V does use it's CallbackInfoReturnable
[04июл.2026 11:23:08.313] [pool-19-thread-1/DEBUG] [mixin/]: aeronautics.mixins.json:levitite.ItemEntityMixin from mod aeronautics->@Inject::aeronautics$levitatingDragAndSparkles(Lorg/spongepowered/asm/mixin/injection/callback/CallbackInfo;)V doesn't use it's CallbackInfo
[04июл.2026 11:23:08.313] [pool-19-thread-1/DEBUG] [mixin/]: aeronautics.mixins.json:levitite.ItemEntityMixin from mod aeronautics->@Inject::aeronautics$levitatingDragAndSparkles(Lorg/spongepowered/asm/mixin/injection/callback/CallbackInfo;)V has 0 override(s) in child classes
[04июл.2026 11:23:08.313] [pool-19-thread-1/DEBUG] [mixin/]: aeronautics.mixins.json:levitite.ItemEntityMixin from mod aeronautics->@Inject::aeronautics$levitatingDragAndSparkles(Lorg/spongepowered/asm/mixin/injection/callback/CallbackInfo;)V won't be passed a CallbackInfo as a result
[04июл.2026 11:23:08.332] [pool-19-thread-1/DEBUG] [mixin/]: Mixing voxel_shape_iteration.DiscreteVoxelShapeAccessor from sable.mixins.json into net.minecraft.world.phys.shapes.DiscreteVoxelShape
[04июл.2026 11:23:08.333] [pool-19-thread-1/DEBUG] [mixin/]: Mixing voxel_shape_iteration.BitSetDiscreteVoxelShapeAccessor from sable.mixins.json into net.minecraft.world.phys.shapes.BitSetDiscreteVoxelShape
[04июл.2026 11:23:08.334] [pool-19-thread-1/DEBUG] [mixin/]: Mixing voxel_shape_iteration.VoxelShapeMixin from sable.mixins.json into net.minecraft.world.phys.shapes.VoxelShape
[04июл.2026 11:23:08.441] [pool-19-thread-1/DEBUG] [mixin/]: Mixing accessor.DispenserBlockAccessor from create.mixins.json into net.minecraft.world.level.block.DispenserBlock
[04июл.2026 11:23:08.447] [pool-19-thread-1/DEBUG] [mixin/]: Mixing impact.TntBlockMixin from sable.mixins.json into net.minecraft.world.level.block.TntBlock
[04июл.2026 11:23:08.451] [pool-19-thread-1/DEBUG] [mixin/]: Mixing accessor.CropBlockAccessor from create.mixins.json into net.minecraft.world.level.block.CropBlock
[04июл.2026 11:23:08.461] [pool-19-thread-1/DEBUG] [mixin/]: Mixing portal.NetherPortalBlockMixin from sable.mixins.json into net.minecraft.world.level.block.NetherPortalBlock
[04июл.2026 11:23:08.468] [pool-19-thread-1/DEBUG] [mixin/]: Mixing prevent_overgrowth.VineBlockMixin from sable.mixins.json into net.minecraft.world.level.block.VineBlock
[04июл.2026 11:23:08.482] [pool-19-thread-1/DEBUG] [mixin/]: Mixing torsion_spring.ComparatorBlockMixin from simulated.mixins.json into net.minecraft.world.level.block.ComparatorBlock
[04июл.2026 11:23:08.491] [pool-19-thread-1/DEBUG] [mixin/]: Mixing accessor.ConcretePowderBlockAccessor from create.mixins.json into net.minecraft.world.level.block.ConcretePowderBlock
[04июл.2026 11:23:08.500] [pool-19-thread-1/DEBUG] [mixin/]: Mixing impact.BellBlockMixin from sable.mixins.json into net.minecraft.world.level.block.BellBlock
[04июл.2026 11:23:08.504] [pool-19-thread-1/DEBUG] [mixin/]: Mixing BeehiveBlockMixin from create.mixins.json into net.minecraft.world.level.block.BeehiveBlock
[04июл.2026 11:23:08.504] [pool-19-thread-1/DEBUG] [mixin/]: Mixing impact.BeehiveBlockMixin from sable.mixins.json into net.minecraft.world.level.block.BeehiveBlock
[04июл.2026 11:23:08.549] [pool-19-thread-1/DEBUG] [mixin/]: Mixing water_occlusion.WaterFluidMixin from sable.mixins.json into net.minecraft.world.level.material.WaterFluid
[04июл.2026 11:23:08.551] [pool-19-thread-1/DEBUG] [mixin/]: Mixing WaterWheelFluidSpreadMixin from create.mixins.json into net.minecraft.world.level.material.FlowingFluid
[04июл.2026 11:23:08.555] [pool-19-thread-1/DEBUG] [mixin/]: Mixing accessor.FlowingFluidAccessor from create.mixins.json into net.minecraft.world.level.material.FlowingFluid
[04июл.2026 11:23:08.555] [pool-19-thread-1/DEBUG] [mixin/]: Mixing fluids_on_sub_levels.FlowingFluidMixin from sable.mixins.json into net.minecraft.world.level.material.FlowingFluid
[04июл.2026 11:23:08.556] [pool-19-thread-1/DEBUG] [mixin/]: create.mixins.json:WaterWheelFluidSpreadMixin from mod create->@Inject::create$canPassThroughOnWaterWheel(Lnet/minecraft/world/level/BlockGetter;Lnet/minecraft/world/level/material/Fluid;Lnet/minecraft/core/BlockPos;Lnet/minecraft/world/level/block/state/BlockState;Lnet/minecraft/core/Direction;Lnet/minecraft/core/BlockPos;Lnet/minecraft/world/level/block/state/BlockState;Lnet/minecraft/world/level/material/FluidState;Lorg/spongepowered/asm/mixin/injection/callback/CallbackInfoReturnable;)V does use it's CallbackInfoReturnable
[04июл.2026 11:23:08.556] [pool-19-thread-1/DEBUG] [mixin/]: sable.mixins.json:fluids_on_sub_levels.FlowingFluidMixin from mod sable->@Inject::sable$canSpreadTo(Lnet/minecraft/world/level/BlockGetter;Lnet/minecraft/core/BlockPos;Lnet/minecraft/world/level/block/state/BlockState;Lnet/minecraft/core/Direction;Lnet/minecraft/core/BlockPos;Lnet/minecraft/world/level/block/state/BlockState;Lnet/minecraft/world/level/material/FluidState;Lnet/minecraft/world/level/material/Fluid;Lorg/spongepowered/asm/mixin/injection/callback/CallbackInfoReturnable;)V does use it's CallbackInfoReturnable
[04июл.2026 11:23:08.588] [pool-19-thread-1/DEBUG] [mixin/]: Mixing accessor.FallingBlockEntityAccessor from create.mixins.json into net.minecraft.world.entity.item.FallingBlockEntity
[04июл.2026 11:23:08.588] [pool-19-thread-1/DEBUG] [mixin/]: Renaming @Invoker method create$callInit(Lnet/minecraft/world/level/Level;DDDLnet/minecraft/world/level/block/state/BlockState;)Lnet/minecraft/world/entity/item/FallingBlockEntity; to callInit$create_$md$ca1030$0 in create.mixins.json:accessor.FallingBlockEntityAccessor from mod create
[04июл.2026 11:23:08.588] [pool-19-thread-1/DEBUG] [mixin/]: Mixing entity.falling_block.FallingBlockEntityMixin from sable.mixins.json into net.minecraft.world.entity.item.FallingBlockEntity
[04июл.2026 11:23:08.592] [pool-19-thread-1/DEBUG] [mixin/]: sable.mixins.json:entity.falling_block.FallingBlockEntityMixin from mod sable->@Inject::sable$beforeOnGroundCheck(Lorg/spongepowered/asm/mixin/injection/callback/CallbackInfo;)V doesn't use it's CallbackInfo
[04июл.2026 11:23:08.592] [pool-19-thread-1/DEBUG] [mixin/]: sable.mixins.json:entity.falling_block.FallingBlockEntityMixin from mod sable->@Inject::sable$beforeOnGroundCheck(Lorg/spongepowered/asm/mixin/injection/callback/CallbackInfo;)V has 0 override(s) in child classes
[04июл.2026 11:23:08.592] [pool-19-thread-1/DEBUG] [mixin/]: sable.mixins.json:entity.falling_block.FallingBlockEntityMixin from mod sable->@Inject::sable$beforeOnGroundCheck(Lorg/spongepowered/asm/mixin/injection/callback/CallbackInfo;)V won't be passed a CallbackInfo as a result
[04июл.2026 11:23:08.594] [pool-19-thread-1/DEBUG] [mixin/]: Mixing visualmanage.BlockEntityMixin from flywheel.impl.mixins.json into net.minecraft.world.level.block.entity.BlockEntity
[04июл.2026 11:23:08.594] [pool-19-thread-1/DEBUG] [mixin/]: flywheel.impl.mixins.json:visualmanage.BlockEntityMixin from mod flywheel->@Inject::flywheel$removeVisual(Lorg/spongepowered/asm/mixin/injection/callback/CallbackInfo;)V doesn't use it's CallbackInfo
[04июл.2026 11:23:08.594] [pool-19-thread-1/DEBUG] [mixin/]: flywheel.impl.mixins.json:visualmanage.BlockEntityMixin from mod flywheel->@Inject::flywheel$removeVisual(Lorg/spongepowered/asm/mixin/injection/callback/CallbackInfo;)V has 0 override(s) in child classes
[04июл.2026 11:23:08.594] [pool-19-thread-1/DEBUG] [mixin/]: flywheel.impl.mixins.json:visualmanage.BlockEntityMixin from mod flywheel->@Inject::flywheel$removeVisual(Lorg/spongepowered/asm/mixin/injection/callback/CallbackInfo;)V won't be passed a CallbackInfo as a result
[04июл.2026 11:23:08.723] [pool-19-thread-1/DEBUG] [mixin/]: Mixing accessor.MobEffectInstanceAccessor from create.mixins.json into net.minecraft.world.effect.MobEffectInstance
[04июл.2026 11:23:08.738] [pool-19-thread-1/DEBUG] [mixin/]: Mixing MobMixin from create.mixins.json into net.minecraft.world.entity.Mob
[04июл.2026 11:23:08.738] [pool-19-thread-1/DEBUG] [mixin/]: Mixing entity.sublevels_block_sky.SubLevelsBlockSkyMixin from sable.mixins.json into net.minecraft.world.entity.Mob
[04июл.2026 11:23:08.744] [pool-19-thread-1/DEBUG] [mixin/]: Mixing entity.entity_leashing.LeashableMixin from sable.mixins.json into net.minecraft.world.entity.Leashable
[04июл.2026 11:23:08.749] [pool-19-thread-1/DEBUG] [mixin/]: Mixing entity.tnt_jumps.PrimedTntMixin from sable.mixins.json into net.minecraft.world.entity.item.PrimedTnt
[04июл.2026 11:23:08.749] [pool-19-thread-1/DEBUG] [mixin/]: sable.mixins.json:entity.tnt_jumps.PrimedTntMixin from mod sable->@Inject::sable$setTntJump(Lnet/minecraft/world/level/Level;DDDLnet/minecraft/world/entity/LivingEntity;Lorg/spongepowered/asm/mixin/injection/callback/CallbackInfo;)V doesn't use it's CallbackInfo
[04июл.2026 11:23:08.749] [pool-19-thread-1/DEBUG] [mixin/]: sable.mixins.json:entity.tnt_jumps.PrimedTntMixin from mod sable->@Inject::sable$setTntJump(Lnet/minecraft/world/level/Level;DDDLnet/minecraft/world/entity/LivingEntity;Lorg/spongepowered/asm/mixin/injection/callback/CallbackInfo;)V has 0 override(s) in child classes
[04июл.2026 11:23:08.749] [pool-19-thread-1/DEBUG] [mixin/]: sable.mixins.json:entity.tnt_jumps.PrimedTntMixin from mod sable->@Inject::sable$setTntJump(Lnet/minecraft/world/level/Level;DDDLnet/minecraft/world/entity/LivingEntity;Lorg/spongepowered/asm/mixin/injection/callback/CallbackInfo;)V won't be passed a CallbackInfo as a result
[04июл.2026 11:23:08.775] [pool-19-thread-1/DEBUG] [mixin/]: Mixing BlockEntityTypeMixin from flywheel.impl.mixins.json into net.minecraft.world.level.block.entity.BlockEntityType
[04июл.2026 11:23:08.776] [pool-19-thread-1/DEBUG] [mixin/]: Mixing BlockEntityTypeAccessor from neoforge.mixins.json into net.minecraft.world.level.block.entity.BlockEntityType
[04июл.2026 11:23:08.800] [pool-19-thread-1/DEBUG] [mixin/]: Mixing assembly.AbstractFurnaceBlockEntityMixin from sable.mixins.json into net.minecraft.world.level.block.entity.AbstractFurnaceBlockEntity
[04июл.2026 11:23:08.804] [pool-19-thread-1/DEBUG] [mixin/]: Mixing sign_interaction.SignBlockEntityMixin from sable.mixins.json into net.minecraft.world.level.block.entity.SignBlockEntity
[04июл.2026 11:23:08.841] [pool-19-thread-1/DEBUG] [mixin/]: Mixing aabb.AABBMixin from simulated.mixins.json into net.minecraft.world.phys.AABB
[04июл.2026 11:23:08.841] [pool-19-thread-1/DEBUG] [mixin/]: Renaming @Invoker method invokeGetDirection(Lnet/minecraft/world/phys/AABB;Lnet/minecraft/world/phys/Vec3;[DLnet/minecraft/core/Direction;DDD)Lnet/minecraft/core/Direction; to invokeGetDirection$simulated_$md$ca1030$0 in simulated.mixins.json:aabb.AABBMixin from mod simulated
[04июл.2026 11:23:08.846] [pool-19-thread-1/DEBUG] [mixin/]: Mixing entity.arrows_hit_blocks.AbstractArrowMixin from sable.mixins.json into net.minecraft.world.entity.projectile.AbstractArrow
[04июл.2026 11:23:08.849] [pool-19-thread-1/DEBUG] [mixin/]: sable.mixins.json:entity.arrows_hit_blocks.AbstractArrowMixin from mod sable->@Inject::sable$startFalling(Lorg/spongepowered/asm/mixin/injection/callback/CallbackInfo;)V doesn't use it's CallbackInfo
[04июл.2026 11:23:08.849] [pool-19-thread-1/DEBUG] [mixin/]: sable.mixins.json:entity.arrows_hit_blocks.AbstractArrowMixin from mod sable->@Inject::sable$startFalling(Lorg/spongepowered/asm/mixin/injection/callback/CallbackInfo;)V has 0 override(s) in child classes
[04июл.2026 11:23:08.849] [pool-19-thread-1/DEBUG] [mixin/]: sable.mixins.json:entity.arrows_hit_blocks.AbstractArrowMixin from mod sable->@Inject::sable$startFalling(Lorg/spongepowered/asm/mixin/injection/callback/CallbackInfo;)V won't be passed a CallbackInfo as a result
[04июл.2026 11:23:08.852] [pool-19-thread-1/DEBUG] [mixin/]: Mixing entity.projectile.ProjectileMixin from sable.mixins.json into net.minecraft.world.entity.projectile.Projectile
[04июл.2026 11:23:08.854] [pool-19-thread-1/DEBUG] [mixin/]: sable.mixins.json:entity.projectile.ProjectileMixin from mod sable->@Inject::sable$shootFromRotation(Lnet/minecraft/world/entity/Entity;FFFFFLorg/spongepowered/asm/mixin/injection/callback/CallbackInfo;)V doesn't use it's CallbackInfo
[04июл.2026 11:23:08.854] [pool-19-thread-1/DEBUG] [mixin/]: sable.mixins.json:entity.projectile.ProjectileMixin from mod sable->@Inject::sable$shootFromRotation(Lnet/minecraft/world/entity/Entity;FFFFFLorg/spongepowered/asm/mixin/injection/callback/CallbackInfo;)V has 0 override(s) in child classes
[04июл.2026 11:23:08.854] [pool-19-thread-1/DEBUG] [mixin/]: sable.mixins.json:entity.projectile.ProjectileMixin from mod sable->@Inject::sable$shootFromRotation(Lnet/minecraft/world/entity/Entity;FFFFFLorg/spongepowered/asm/mixin/injection/callback/CallbackInfo;)V won't be passed a CallbackInfo as a result
[04июл.2026 11:23:08.902] [pool-19-thread-1/DEBUG] [mixin/]: Mixing enchanting_table.EnchantingTableBlockEntityMixin from sable.mixins.json into net.minecraft.world.level.block.entity.EnchantingTableBlockEntity
[04июл.2026 11:23:08.909] [pool-19-thread-1/DEBUG] [mixin/]: Mixing ItemStackMixin from create.mixins.json into net.minecraft.world.item.ItemStack
[04июл.2026 11:23:08.909] [pool-19-thread-1/DEBUG] [mixin/]: Renaming synthetic method lambda$create$migrateOldClipboardComponents$0(Lcom/simibubi/create/content/equipment/clipboard/ClipboardContent;Lnet/minecraft/util/Unit;)Lcom/simibubi/create/content/equipment/clipboard/ClipboardContent; to mdca1030$create$lambda$create$migrateOldClipboardComponents$0$0 in create.mixins.json:ItemStackMixin from mod create
[04июл.2026 11:23:08.912] [pool-19-thread-1/DEBUG] [mixin/]: create.mixins.json:ItemStackMixin from mod create->@Inject::create$migrateOldClipboardComponents(Lnet/minecraft/world/level/ItemLike;ILnet/minecraft/core/component/PatchedDataComponentMap;Lorg/spongepowered/asm/mixin/injection/callback/CallbackInfo;)V doesn't use it's CallbackInfo
[04июл.2026 11:23:08.924] [pool-19-thread-1/DEBUG] [mixin/]: Mixing prevent_freezing.BiomeMixin from sable.mixins.json into net.minecraft.world.level.biome.Biome
[04июл.2026 11:23:08.925] [pool-19-thread-1/DEBUG] [mixin/]: Renaming synthetic method lambda$sable$preventFreezing$0(Lnet/minecraft/world/level/Level;Lnet/minecraft/core/BlockPos;)Z to mdca1030$sable$lambda$sable$preventFreezing$0$0 in sable.mixins.json:prevent_freezing.BiomeMixin from mod sable
[04июл.2026 11:23:09.068] [pool-19-thread-1/DEBUG] [mixin/]: Mixing SmithingMenuMixin from create.mixins.json into net.minecraft.world.inventory.SmithingMenu
[04июл.2026 11:23:09.069] [pool-19-thread-1/DEBUG] [mixin/]: Renaming synthetic method lambda$create$preventUnbreakingOnBacktanks$0(Lnet/minecraft/world/item/ItemStack;Lnet/minecraft/core/Holder;)Z to mdca1030$create$lambda$create$preventUnbreakingOnBacktanks$0$0 in create.mixins.json:SmithingMenuMixin from mod create
[04июл.2026 11:23:09.071] [pool-19-thread-1/DEBUG] [mixin/]: create.mixins.json:SmithingMenuMixin from mod create->@Inject::create$awardAdvancementWhenTrimmingCardboardArmor(Lnet/minecraft/world/entity/player/Player;Lnet/minecraft/world/item/ItemStack;Lorg/spongepowered/asm/mixin/injection/callback/CallbackInfo;)V doesn't use it's CallbackInfo
[04июл.2026 11:23:09.071] [pool-19-thread-1/DEBUG] [mixin/]: create.mixins.json:SmithingMenuMixin from mod create->@Inject::create$awardAdvancementWhenTrimmingCardboardArmor(Lnet/minecraft/world/entity/player/Player;Lnet/minecraft/world/item/ItemStack;Lorg/spongepowered/asm/mixin/injection/callback/CallbackInfo;)V has 0 override(s) in child classes
[04июл.2026 11:23:09.071] [pool-19-thread-1/DEBUG] [mixin/]: create.mixins.json:SmithingMenuMixin from mod create->@Inject::create$awardAdvancementWhenTrimmingCardboardArmor(Lnet/minecraft/world/entity/player/Player;Lnet/minecraft/world/item/ItemStack;Lorg/spongepowered/asm/mixin/injection/callback/CallbackInfo;)V won't be passed a CallbackInfo as a result
[04июл.2026 11:23:09.200] [pool-19-thread-1/DEBUG] [mixin/]: Mixing entity.entity_collision.CollisionContextMixin from sable.mixins.json into net.minecraft.world.phys.shapes.CollisionContext
[04июл.2026 11:23:09.460] [pool-19-thread-1/DEBUG] [mixin/]: Mixing BlockItemMixin from create.mixins.json into net.minecraft.world.item.BlockItem
[04июл.2026 11:23:09.461] [pool-19-thread-1/DEBUG] [mixin/]: create.mixins.json:BlockItemMixin from mod create->@Inject::create$fixDeployerPlacement(Lnet/minecraft/world/item/context/BlockPlaceContext;Lorg/spongepowered/asm/mixin/injection/callback/CallbackInfoReturnable;)V does use it's CallbackInfoReturnable
[04июл.2026 11:23:09.468] [pool-19-thread-1/DEBUG] [mixin/]: Mixing lodestone_compat.CompassItemMixin from simulated.mixins.json into net.minecraft.world.item.CompassItem
[04июл.2026 11:23:09.469] [pool-19-thread-1/DEBUG] [mixin/]: simulated.mixins.json:lodestone_compat.CompassItemMixin from mod simulated->@Inject::simulated$checkID(Lnet/minecraft/world/item/ItemStack;Lnet/minecraft/world/level/Level;Lnet/minecraft/world/entity/Entity;IZLorg/spongepowered/asm/mixin/injection/callback/CallbackInfo;)V doesn't use it's CallbackInfo
[04июл.2026 11:23:09.470] [pool-19-thread-1/DEBUG] [mixin/]: simulated.mixins.json:lodestone_compat.CompassItemMixin from mod simulated->@Inject::simulated$checkID(Lnet/minecraft/world/item/ItemStack;Lnet/minecraft/world/level/Level;Lnet/minecraft/world/entity/Entity;IZLorg/spongepowered/asm/mixin/injection/callback/CallbackInfo;)V has 0 override(s) in child classes
[04июл.2026 11:23:09.470] [pool-19-thread-1/DEBUG] [mixin/]: simulated.mixins.json:lodestone_compat.CompassItemMixin from mod simulated->@Inject::simulated$checkID(Lnet/minecraft/world/item/ItemStack;Lnet/minecraft/world/level/Level;Lnet/minecraft/world/entity/Entity;IZLorg/spongepowered/asm/mixin/injection/callback/CallbackInfo;)V won't be passed a CallbackInfo as a result
[04июл.2026 11:23:09.472] [pool-19-thread-1/DEBUG] [mixin/]: Mixing shears_break_envelopes.ShearsItemMixin from aeronautics.mixins.json into net.minecraft.world.item.ShearsItem
[04июл.2026 11:23:09.472] [pool-19-thread-1/DEBUG] [mixin/]: aeronautics.mixins.json:shears_break_envelopes.ShearsItemMixin from mod aeronautics: Class version 65 required is higher than the class version supported by the current version of Mixin (JAVA_18 supports class version 62)
[04июл.2026 11:23:09.476] [pool-19-thread-1/DEBUG] [mixin/]: Mixing honey_glue.ArmorStandItemMixin from simulated.mixins.json into net.minecraft.world.item.ArmorStandItem
[04июл.2026 11:23:09.476] [pool-19-thread-1/DEBUG] [mixin/]: Renaming synthetic method lambda$ignoreGlues$0(Lnet/minecraft/world/entity/Entity;)Z to mdca1030$simulated$lambda$ignoreGlues$0$0 in simulated.mixins.json:honey_glue.ArmorStandItemMixin from mod simulated
[04июл.2026 11:23:09.553] [pool-19-thread-1/DEBUG] [mixin/]: Mixing ArmorTrimMixin from create.mixins.json into net.minecraft.world.item.armortrim.ArmorTrim
[04июл.2026 11:23:09.553] [pool-19-thread-1/DEBUG] [mixin/]: Renaming synthetic method lambda$new$0(Ljava/lang/Boolean;Lnet/minecraft/core/Holder;)Lnet/minecraft/resources/ResourceLocation; to mdca1030$create$lambda$new$0$0 in create.mixins.json:ArmorTrimMixin from mod create
[04июл.2026 11:23:09.555] [pool-19-thread-1/DEBUG] [mixin/]: create.mixins.json:ArmorTrimMixin from mod create->@Inject::create$swapTexturesForCardboardTrimsInner(Lnet/minecraft/core/Holder;Lorg/spongepowered/asm/mixin/injection/callback/CallbackInfoReturnable;)V does use it's CallbackInfoReturnable
[04июл.2026 11:23:09.562] [pool-19-thread-1/DEBUG] [mixin/]: create.mixins.json:ArmorTrimMixin from mod create->@Inject::create$swapTexturesForCardboardTrimsOuter(Lnet/minecraft/core/Holder;Lorg/spongepowered/asm/mixin/injection/callback/CallbackInfoReturnable;)V does use it's CallbackInfoReturnable
[04июл.2026 11:23:09.574] [pool-19-thread-1/DEBUG] [mixin/]: Mixing world_border.WorldBorderMixin from sable.mixins.json into net.minecraft.world.level.border.WorldBorder
[04июл.2026 11:23:09.577] [pool-19-thread-1/DEBUG] [mixin/]: sable.mixins.json:world_border.WorldBorderMixin from mod sable->@Inject::sable$isWithinBounds(DDDLorg/spongepowered/asm/mixin/injection/callback/CallbackInfoReturnable;)V does use it's CallbackInfoReturnable
[04июл.2026 11:23:09.577] [pool-19-thread-1/DEBUG] [mixin/]: sable.mixins.json:world_border.WorldBorderMixin from mod sable->@Inject::sable$clampToBounds(DDDLorg/spongepowered/asm/mixin/injection/callback/CallbackInfoReturnable;)V does use it's CallbackInfoReturnable
[04июл.2026 11:23:09.577] [pool-19-thread-1/DEBUG] [mixin/]: sable.mixins.json:world_border.WorldBorderMixin from mod sable->@Inject::sable$isInsideCloseToBorder(Lnet/minecraft/world/entity/Entity;Lnet/minecraft/world/phys/AABB;Lorg/spongepowered/asm/mixin/injection/callback/CallbackInfoReturnable;)V does use it's CallbackInfoReturnable
[04июл.2026 11:23:09.581] [pool-19-thread-1/DEBUG] [mixin/]: Mixing balloon.LevelChunkMixin from aeronautics.mixins.json into net.minecraft.world.level.chunk.LevelChunk
[04июл.2026 11:23:09.581] [pool-19-thread-1/DEBUG] [mixin/]: aeronautics.mixins.json:balloon.LevelChunkMixin from mod aeronautics: Class version 65 required is higher than the class version supported by the current version of Mixin (JAVA_18 supports class version 62)
[04июл.2026 11:23:09.582] [pool-19-thread-1/DEBUG] [mixin/]: Mixing visualmanage.LevelChunkMixin from flywheel.impl.mixins.json into net.minecraft.world.level.chunk.LevelChunk
[04июл.2026 11:23:09.582] [pool-19-thread-1/DEBUG] [mixin/]: Mixing plot.LevelChunkMixin from sable.mixins.json into net.minecraft.world.level.chunk.LevelChunk
[04июл.2026 11:23:09.583] [pool-19-thread-1/DEBUG] [mixin/]: Mixing plot.lighting.LevelChunkMixin from sable.mixins.json into net.minecraft.world.level.chunk.LevelChunk
[04июл.2026 11:23:09.585] [pool-19-thread-1/DEBUG] [mixin/]: aeronautics.mixins.json:balloon.LevelChunkMixin from mod aeronautics->@Inject::simulated$preSetBlockState(Lnet/minecraft/core/BlockPos;Lnet/minecraft/world/level/block/state/BlockState;ZLorg/spongepowered/asm/mixin/injection/callback/CallbackInfoReturnable;)V doesn't use it's CallbackInfoReturnable
[04июл.2026 11:23:09.586] [pool-19-thread-1/DEBUG] [mixin/]: aeronautics.mixins.json:balloon.LevelChunkMixin from mod aeronautics->@Inject::simulated$preSetBlockState(Lnet/minecraft/core/BlockPos;Lnet/minecraft/world/level/block/state/BlockState;ZLorg/spongepowered/asm/mixin/injection/callback/CallbackInfoReturnable;)V has 0 override(s) in child classes
[04июл.2026 11:23:09.586] [pool-19-thread-1/DEBUG] [mixin/]: aeronautics.mixins.json:balloon.LevelChunkMixin from mod aeronautics->@Inject::simulated$preSetBlockState(Lnet/minecraft/core/BlockPos;Lnet/minecraft/world/level/block/state/BlockState;ZLorg/spongepowered/asm/mixin/injection/callback/CallbackInfoReturnable;)V won't be passed a CallbackInfoReturnable as a result
[04июл.2026 11:23:09.586] [pool-19-thread-1/DEBUG] [mixin/]: flywheel.impl.mixins.json:visualmanage.LevelChunkMixin from mod flywheel->@Inject::flywheel$onBlockEntityAdded(Lnet/minecraft/world/level/block/entity/BlockEntity;Lorg/spongepowered/asm/mixin/injection/callback/CallbackInfo;)V doesn't use it's CallbackInfo
[04июл.2026 11:23:09.586] [pool-19-thread-1/DEBUG] [mixin/]: flywheel.impl.mixins.json:visualmanage.LevelChunkMixin from mod flywheel->@Inject::flywheel$onBlockEntityAdded(Lnet/minecraft/world/level/block/entity/BlockEntity;Lorg/spongepowered/asm/mixin/injection/callback/CallbackInfo;)V has 0 override(s) in child classes
[04июл.2026 11:23:09.586] [pool-19-thread-1/DEBUG] [mixin/]: flywheel.impl.mixins.json:visualmanage.LevelChunkMixin from mod flywheel->@Inject::flywheel$onBlockEntityAdded(Lnet/minecraft/world/level/block/entity/BlockEntity;Lorg/spongepowered/asm/mixin/injection/callback/CallbackInfo;)V won't be passed a CallbackInfo as a result
[04июл.2026 11:23:09.586] [pool-19-thread-1/DEBUG] [mixin/]: sable.mixins.json:plot.LevelChunkMixin from mod sable->@Inject::sable$preSetBlockState(Lnet/minecraft/core/BlockPos;Lnet/minecraft/world/level/block/state/BlockState;ZLorg/spongepowered/asm/mixin/injection/callback/CallbackInfoReturnable;)V doesn't use it's CallbackInfoReturnable
[04июл.2026 11:23:09.586] [pool-19-thread-1/DEBUG] [mixin/]: sable.mixins.json:plot.LevelChunkMixin from mod sable->@Inject::sable$preSetBlockState(Lnet/minecraft/core/BlockPos;Lnet/minecraft/world/level/block/state/BlockState;ZLorg/spongepowered/asm/mixin/injection/callback/CallbackInfoReturnable;)V has 0 override(s) in child classes
[04июл.2026 11:23:09.586] [pool-19-thread-1/DEBUG] [mixin/]: sable.mixins.json:plot.LevelChunkMixin from mod sable->@Inject::sable$preSetBlockState(Lnet/minecraft/core/BlockPos;Lnet/minecraft/world/level/block/state/BlockState;ZLorg/spongepowered/asm/mixin/injection/callback/CallbackInfoReturnable;)V won't be passed a CallbackInfoReturnable as a result
[04июл.2026 11:23:09.586] [pool-19-thread-1/DEBUG] [mixin/]: sable.mixins.json:plot.LevelChunkMixin from mod sable->@Inject::sable$postSetBlockState(Lnet/minecraft/core/BlockPos;Lnet/minecraft/world/level/block/state/BlockState;ZLorg/spongepowered/asm/mixin/injection/callback/CallbackInfoReturnable;)V doesn't use it's CallbackInfoReturnable
[04июл.2026 11:23:09.586] [pool-19-thread-1/DEBUG] [mixin/]: sable.mixins.json:plot.LevelChunkMixin from mod sable->@Inject::sable$postSetBlockState(Lnet/minecraft/core/BlockPos;Lnet/minecraft/world/level/block/state/BlockState;ZLorg/spongepowered/asm/mixin/injection/callback/CallbackInfoReturnable;)V has 0 override(s) in child classes
[04июл.2026 11:23:09.586] [pool-19-thread-1/DEBUG] [mixin/]: sable.mixins.json:plot.LevelChunkMixin from mod sable->@Inject::sable$postSetBlockState(Lnet/minecraft/core/BlockPos;Lnet/minecraft/world/level/block/state/BlockState;ZLorg/spongepowered/asm/mixin/injection/callback/CallbackInfoReturnable;)V won't be passed a CallbackInfoReturnable as a result
[04июл.2026 11:23:09.586] [pool-19-thread-1/DEBUG] [mixin/]: sable.mixins.json:plot.LevelChunkMixin from mod sable->@Inject::sable$postSetBlockState(Lnet/minecraft/core/BlockPos;Lnet/minecraft/world/level/block/state/BlockState;ZLorg/spongepowered/asm/mixin/injection/callback/CallbackInfoReturnable;)V doesn't use it's CallbackInfoReturnable
[04июл.2026 11:23:09.586] [pool-19-thread-1/DEBUG] [mixin/]: sable.mixins.json:plot.LevelChunkMixin from mod sable->@Inject::sable$postSetBlockState(Lnet/minecraft/core/BlockPos;Lnet/minecraft/world/level/block/state/BlockState;ZLorg/spongepowered/asm/mixin/injection/callback/CallbackInfoReturnable;)V has 0 override(s) in child classes
[04июл.2026 11:23:09.586] [pool-19-thread-1/DEBUG] [mixin/]: sable.mixins.json:plot.LevelChunkMixin from mod sable->@Inject::sable$postSetBlockState(Lnet/minecraft/core/BlockPos;Lnet/minecraft/world/level/block/state/BlockState;ZLorg/spongepowered/asm/mixin/injection/callback/CallbackInfoReturnable;)V won't be passed a CallbackInfoReturnable as a result
[04июл.2026 11:23:09.586] [pool-19-thread-1/DEBUG] [mixin/]: sable.mixins.json:plot.LevelChunkMixin from mod sable->@Inject::sable$postSetBlockState(Lnet/minecraft/core/BlockPos;Lnet/minecraft/world/level/block/state/BlockState;ZLorg/spongepowered/asm/mixin/injection/callback/CallbackInfoReturnable;)V doesn't use it's CallbackInfoReturnable
[04июл.2026 11:23:09.586] [pool-19-thread-1/DEBUG] [mixin/]: sable.mixins.json:plot.LevelChunkMixin from mod sable->@Inject::sable$postSetBlockState(Lnet/minecraft/core/BlockPos;Lnet/minecraft/world/level/block/state/BlockState;ZLorg/spongepowered/asm/mixin/injection/callback/CallbackInfoReturnable;)V has 0 override(s) in child classes
[04июл.2026 11:23:09.586] [pool-19-thread-1/DEBUG] [mixin/]: sable.mixins.json:plot.LevelChunkMixin from mod sable->@Inject::sable$postSetBlockState(Lnet/minecraft/core/BlockPos;Lnet/minecraft/world/level/block/state/BlockState;ZLorg/spongepowered/asm/mixin/injection/callback/CallbackInfoReturnable;)V won't be passed a CallbackInfoReturnable as a result
[04июл.2026 11:23:09.586] [pool-19-thread-1/DEBUG] [mixin/]: sable.mixins.json:plot.LevelChunkMixin from mod sable->@Inject::sable$postSetBlockState(Lnet/minecraft/core/BlockPos;Lnet/minecraft/world/level/block/state/BlockState;ZLorg/spongepowered/asm/mixin/injection/callback/CallbackInfoReturnable;)V doesn't use it's CallbackInfoReturnable
[04июл.2026 11:23:09.586] [pool-19-thread-1/DEBUG] [mixin/]: sable.mixins.json:plot.LevelChunkMixin from mod sable->@Inject::sable$postSetBlockState(Lnet/minecraft/core/BlockPos;Lnet/minecraft/world/level/block/state/BlockState;ZLorg/spongepowered/asm/mixin/injection/callback/CallbackInfoReturnable;)V has 0 override(s) in child classes
[04июл.2026 11:23:09.587] [pool-19-thread-1/DEBUG] [mixin/]: sable.mixins.json:plot.LevelChunkMixin from mod sable->@Inject::sable$postSetBlockState(Lnet/minecraft/core/BlockPos;Lnet/minecraft/world/level/block/state/BlockState;ZLorg/spongepowered/asm/mixin/injection/callback/CallbackInfoReturnable;)V won't be passed a CallbackInfoReturnable as a result
[04июл.2026 11:23:09.610] [pool-19-thread-1/DEBUG] [mixin/]: Mixing clip_overwrite.HitResultMixin from sable.mixins.json into net.minecraft.world.phys.HitResult
[04июл.2026 11:23:09.610] [pool-19-thread-1/DEBUG] [mixin/]: Mixing block_placement.BlockPlaceContextMixin from sable.mixins.json into net.minecraft.world.item.context.BlockPlaceContext
[04июл.2026 11:23:09.613] [pool-19-thread-1/DEBUG] [mixin/]: sable.mixins.json:block_placement.BlockPlaceContextMixin from mod sable->@Inject::sable$canPlace(Lorg/spongepowered/asm/mixin/injection/callback/CallbackInfoReturnable;)V does use it's CallbackInfoReturnable
[04июл.2026 11:23:09.614] [pool-19-thread-1/DEBUG] [mixin/]: Mixing accessor.UseOnContextAccessor from create.mixins.json into net.minecraft.world.item.context.UseOnContext
[04июл.2026 11:23:09.614] [pool-19-thread-1/DEBUG] [mixin/]: Mixing block_placement.UseOnContextMixin from sable.mixins.json into net.minecraft.world.item.context.UseOnContext
[04июл.2026 11:23:09.614] [pool-19-thread-1/DEBUG] [mixin/]: Mixing UseOnContextInvoker from createdieselgenerators.mixins.json into net.minecraft.world.item.context.UseOnContext
[04июл.2026 11:23:09.614] [pool-19-thread-1/DEBUG] [mixin/]: createdieselgenerators.mixins.json:UseOnContextInvoker from mod createdieselgenerators: Class version 65 required is higher than the class version supported by the current version of Mixin (JAVA_17 supports class version 61)
[04июл.2026 11:23:09.614] [pool-19-thread-1/DEBUG] [mixin/]: sable.mixins.json:block_placement.UseOnContextMixin from mod sable->@Inject::sable$getHorizontalDirection(Lorg/spongepowered/asm/mixin/injection/callback/CallbackInfoReturnable;)V does use it's CallbackInfoReturnable
[04июл.2026 11:23:09.614] [pool-19-thread-1/DEBUG] [mixin/]: sable.mixins.json:block_placement.UseOnContextMixin from mod sable->@Inject::sable$getRotation(Lorg/spongepowered/asm/mixin/injection/callback/CallbackInfoReturnable;)V does use it's CallbackInfoReturnable
[04июл.2026 11:23:09.616] [pool-19-thread-1/DEBUG] [mixin/]: Mixing explosion.ExplosionMixin from sable.mixins.json into net.minecraft.world.level.Explosion
[04июл.2026 11:23:09.619] [pool-19-thread-1/DEBUG] [mixin/]: sable.mixins.json:explosion.ExplosionMixin from mod sable->@Inject::sable$preExplode(Lorg/spongepowered/asm/mixin/injection/callback/CallbackInfo;)V doesn't use it's CallbackInfo
[04июл.2026 11:23:09.619] [pool-19-thread-1/DEBUG] [mixin/]: sable.mixins.json:explosion.ExplosionMixin from mod sable->@Inject::sable$preExplode(Lorg/spongepowered/asm/mixin/injection/callback/CallbackInfo;)V has 0 override(s) in child classes
[04июл.2026 11:23:09.620] [pool-19-thread-1/DEBUG] [mixin/]: sable.mixins.json:explosion.ExplosionMixin from mod sable->@Inject::sable$preExplode(Lorg/spongepowered/asm/mixin/injection/callback/CallbackInfo;)V won't be passed a CallbackInfo as a result
[04июл.2026 11:23:09.620] [pool-19-thread-1/DEBUG] [mixin/]: sable.mixins.json:explosion.ExplosionMixin from mod sable->@Inject::sable$redirectBlockExplosionResistance(Lorg/spongepowered/asm/mixin/injection/callback/CallbackInfo;Ljava/util/Set;IIIIDDDDFDDDFLnet/minecraft/core/BlockPos;Lnet/minecraft/world/level/block/state/BlockState;Lnet/minecraft/world/level/material/FluidState;)V doesn't use it's CallbackInfo
[04июл.2026 11:23:09.620] [pool-19-thread-1/DEBUG] [mixin/]: sable.mixins.json:explosion.ExplosionMixin from mod sable->@Inject::sable$redirectBlockExplosionResistance(Lorg/spongepowered/asm/mixin/injection/callback/CallbackInfo;Ljava/util/Set;IIIIDDDDFDDDFLnet/minecraft/core/BlockPos;Lnet/minecraft/world/level/block/state/BlockState;Lnet/minecraft/world/level/material/FluidState;)V has 0 override(s) in child classes
[04июл.2026 11:23:09.620] [pool-19-thread-1/DEBUG] [mixin/]: sable.mixins.json:explosion.ExplosionMixin from mod sable->@Inject::sable$redirectBlockExplosionResistance(Lorg/spongepowered/asm/mixin/injection/callback/CallbackInfo;Ljava/util/Set;IIIIDDDDFDDDFLnet/minecraft/core/BlockPos;Lnet/minecraft/world/level/block/state/BlockState;Lnet/minecraft/world/level/material/FluidState;)V won't be passed a CallbackInfo as a result
[04июл.2026 11:23:09.638] [pool-19-thread-1/DEBUG] [mixin/]: Mixing entity.entity_sublevel_collision.AbstractMinecartMixin from sable.mixins.json into net.minecraft.world.entity.vehicle.AbstractMinecart
[04июл.2026 11:23:09.638] [pool-19-thread-1/DEBUG] [mixin/]: sable.mixins.json:entity.entity_sublevel_collision.AbstractMinecartMixin from mod sable->@Inject::sable$postTick(Lorg/spongepowered/asm/mixin/injection/callback/CallbackInfo;)V doesn't use it's CallbackInfo
[04июл.2026 11:23:09.638] [pool-19-thread-1/DEBUG] [mixin/]: sable.mixins.json:entity.entity_sublevel_collision.AbstractMinecartMixin from mod sable->@Inject::sable$postTick(Lorg/spongepowered/asm/mixin/injection/callback/CallbackInfo;)V has 0 override(s) in child classes
[04июл.2026 11:23:09.638] [pool-19-thread-1/DEBUG] [mixin/]: sable.mixins.json:entity.entity_sublevel_collision.AbstractMinecartMixin from mod sable->@Inject::sable$postTick(Lorg/spongepowered/asm/mixin/injection/callback/CallbackInfo;)V won't be passed a CallbackInfo as a result
[04июл.2026 11:23:09.647] [pool-19-thread-1/DEBUG] [mixin/]: Mixing entity.entity_pathfinding.PathNavigationMixin from sable.mixins.json into net.minecraft.world.entity.ai.navigation.PathNavigation
[04июл.2026 11:23:09.650] [pool-19-thread-1/DEBUG] [mixin/]: sable.mixins.json:entity.entity_pathfinding.PathNavigationMixin from mod sable->@Inject::sable$createPath(Ljava/util/Set;IZIFLorg/spongepowered/asm/mixin/injection/callback/CallbackInfoReturnable;)V does use it's CallbackInfoReturnable
[04июл.2026 11:23:09.651] [pool-19-thread-1/DEBUG] [mixin/]: Mixing entity.entity_pathfinding.GroundPathNavigationMixin from sable.mixins.json into net.minecraft.world.entity.ai.navigation.GroundPathNavigation
[04июл.2026 11:23:09.651] [pool-19-thread-1/DEBUG] [mixin/]: Mixing entity.sublevels_block_sky.SubLevelsBlockSkyMixin from sable.mixins.json into net.minecraft.world.entity.ai.navigation.GroundPathNavigation
[04июл.2026 11:23:09.652] [pool-19-thread-1/DEBUG] [mixin/]: sable.mixins.json:entity.entity_pathfinding.GroundPathNavigationMixin from mod sable->@Inject::sable$createPath(Lnet/minecraft/world/entity/Entity;ILorg/spongepowered/asm/mixin/injection/callback/CallbackInfoReturnable;)V does use it's CallbackInfoReturnable
[04июл.2026 11:23:09.671] [pool-19-thread-1/DEBUG] [mixin/]: Mixing entity.sublevels_block_sky.SubLevelsBlockSkyMixin from sable.mixins.json into net.minecraft.world.entity.ai.goal.FleeSunGoal
[04июл.2026 11:23:09.679] [pool-19-thread-1/DEBUG] [mixin/]: Mixing entity.tamed_teleport.TamableAnimalMixin from sable.mixins.json into net.minecraft.world.entity.TamableAnimal
[04июл.2026 11:23:09.688] [pool-19-thread-1/DEBUG] [mixin/]: Mixing accessor.MinecartFurnaceAccessor from create.mixins.json into net.minecraft.world.entity.vehicle.MinecartFurnace
[04июл.2026 11:23:09.695] [pool-19-thread-1/DEBUG] [mixin/]: Mixing CreeperMixin from createdieselgenerators.mixins.json into net.minecraft.world.entity.monster.Creeper
[04июл.2026 11:23:09.695] [pool-19-thread-1/DEBUG] [mixin/]: createdieselgenerators.mixins.json:CreeperMixin from mod createdieselgenerators: Class version 65 required is higher than the class version supported by the current version of Mixin (JAVA_17 supports class version 61)
[04июл.2026 11:23:09.698] [pool-19-thread-1/DEBUG] [mixin/]: createdieselgenerators.mixins.json:CreeperMixin from mod createdieselgenerators->@Inject::cdg$mobInteract(Lnet/minecraft/world/entity/player/Player;Lnet/minecraft/world/InteractionHand;Lorg/spongepowered/asm/mixin/injection/callback/CallbackInfoReturnable;)V doesn't use it's CallbackInfoReturnable
[04июл.2026 11:23:09.698] [pool-19-thread-1/DEBUG] [mixin/]: createdieselgenerators.mixins.json:CreeperMixin from mod createdieselgenerators->@Inject::cdg$mobInteract(Lnet/minecraft/world/entity/player/Player;Lnet/minecraft/world/InteractionHand;Lorg/spongepowered/asm/mixin/injection/callback/CallbackInfoReturnable;)V has 0 override(s) in child classes
[04июл.2026 11:23:09.698] [pool-19-thread-1/DEBUG] [mixin/]: createdieselgenerators.mixins.json:CreeperMixin from mod createdieselgenerators->@Inject::cdg$mobInteract(Lnet/minecraft/world/entity/player/Player;Lnet/minecraft/world/InteractionHand;Lorg/spongepowered/asm/mixin/injection/callback/CallbackInfoReturnable;)V won't be passed a CallbackInfoReturnable as a result
[04июл.2026 11:23:09.729] [pool-19-thread-1/DEBUG] [mixin/]: Mixing accessor.ItemFrameAccessor from create.mixins.json into net.minecraft.world.entity.decoration.ItemFrame
[04июл.2026 11:23:09.763] [pool-19-thread-1/DEBUG] [mixin/]: Mixing entity.entity_ai.EatBlockGoalMixin from sable.mixins.json into net.minecraft.world.entity.ai.goal.EatBlockGoal
[04июл.2026 11:23:10.002] [pool-19-thread-1/DEBUG] [mixin/]: Mixing accessor.ProjectileDispenseBehaviorAccessor from create.mixins.json into net.minecraft.core.dispenser.ProjectileDispenseBehavior
[04июл.2026 11:23:10.002] [pool-19-thread-1/DEBUG] [mixin/]: Mixing recoil.ProjectileDispenseBehaviorMixin from sable.mixins.json into net.minecraft.core.dispenser.ProjectileDispenseBehavior
[04июл.2026 11:23:10.002] [pool-19-thread-1/DEBUG] [mixin/]: sable.mixins.json:recoil.ProjectileDispenseBehaviorMixin from mod sable->@Inject::sable$applyRecoil(Lnet/minecraft/core/dispenser/BlockSource;Lnet/minecraft/world/item/ItemStack;Lorg/spongepowered/asm/mixin/injection/callback/CallbackInfoReturnable;)V doesn't use it's CallbackInfoReturnable
[04июл.2026 11:23:10.002] [pool-19-thread-1/DEBUG] [mixin/]: sable.mixins.json:recoil.ProjectileDispenseBehaviorMixin from mod sable->@Inject::sable$applyRecoil(Lnet/minecraft/core/dispenser/BlockSource;Lnet/minecraft/world/item/ItemStack;Lorg/spongepowered/asm/mixin/injection/callback/CallbackInfoReturnable;)V has 0 override(s) in child classes
[04июл.2026 11:23:10.003] [pool-19-thread-1/DEBUG] [mixin/]: sable.mixins.json:recoil.ProjectileDispenseBehaviorMixin from mod sable->@Inject::sable$applyRecoil(Lnet/minecraft/core/dispenser/BlockSource;Lnet/minecraft/world/item/ItemStack;Lorg/spongepowered/asm/mixin/injection/callback/CallbackInfoReturnable;)V won't be passed a CallbackInfoReturnable as a result
[04июл.2026 11:23:10.035] [pool-19-thread-1/DEBUG] [mixin/]: Mixing accessor.ShapedRecipeAccessor from create.mixins.json into net.minecraft.world.item.crafting.ShapedRecipe
[04июл.2026 11:23:10.096] [pool-19-thread-1/DEBUG] [mixin/]: Mixing EnchantedCountIncreaseFunctionMixin from create.mixins.json into net.minecraft.world.level.storage.loot.functions.EnchantedCountIncreaseFunction
[04июл.2026 11:23:10.097] [pool-19-thread-1/DEBUG] [mixin/]: create.mixins.json:EnchantedCountIncreaseFunctionMixin from mod create->@Inject::create$crushingWheelLooting(Lnet/minecraft/world/item/ItemStack;Lnet/minecraft/world/level/storage/loot/LootContext;Lorg/spongepowered/asm/mixin/injection/callback/CallbackInfoReturnable;)V doesn't use it's CallbackInfoReturnable
[04июл.2026 11:23:10.097] [pool-19-thread-1/DEBUG] [mixin/]: create.mixins.json:EnchantedCountIncreaseFunctionMixin from mod create->@Inject::create$crushingWheelLooting(Lnet/minecraft/world/item/ItemStack;Lnet/minecraft/world/level/storage/loot/LootContext;Lorg/spongepowered/asm/mixin/injection/callback/CallbackInfoReturnable;)V has 0 override(s) in child classes
[04июл.2026 11:23:10.097] [pool-19-thread-1/DEBUG] [mixin/]: create.mixins.json:EnchantedCountIncreaseFunctionMixin from mod create->@Inject::create$crushingWheelLooting(Lnet/minecraft/world/item/ItemStack;Lnet/minecraft/world/level/storage/loot/LootContext;Lorg/spongepowered/asm/mixin/injection/callback/CallbackInfoReturnable;)V won't be passed a CallbackInfoReturnable as a result
[04июл.2026 11:23:10.127] [pool-19-thread-1/DEBUG] [mixin/]: Mixing LootItemAccessor from createdieselgenerators.mixins.json into net.minecraft.world.level.storage.loot.entries.LootItem
[04июл.2026 11:23:10.128] [pool-19-thread-1/DEBUG] [mixin/]: createdieselgenerators.mixins.json:LootItemAccessor from mod createdieselgenerators: Class version 65 required is higher than the class version supported by the current version of Mixin (JAVA_17 supports class version 61)
[04июл.2026 11:23:10.129] [pool-19-thread-1/DEBUG] [mixin/]: Mixing LootTableAccessor from createdieselgenerators.mixins.json into net.minecraft.world.level.storage.loot.LootTable
[04июл.2026 11:23:10.129] [pool-19-thread-1/DEBUG] [mixin/]: createdieselgenerators.mixins.json:LootTableAccessor from mod createdieselgenerators: Class version 65 required is higher than the class version supported by the current version of Mixin (JAVA_17 supports class version 61)
[04июл.2026 11:23:10.130] [pool-19-thread-1/DEBUG] [mixin/]: Mixing LootPoolAccessor from createdieselgenerators.mixins.json into net.minecraft.world.level.storage.loot.LootPool
[04июл.2026 11:23:10.130] [pool-19-thread-1/DEBUG] [mixin/]: createdieselgenerators.mixins.json:LootPoolAccessor from mod createdieselgenerators: Class version 65 required is higher than the class version supported by the current version of Mixin (JAVA_17 supports class version 61)
[04июл.2026 11:23:10.446] [pool-19-thread-1/DEBUG] [mixin/]: Mixing compatibility.create.airflow.FanProcessingTypeMixin from sable-neoforge.mixins.json into com.simibubi.create.content.kinetics.fan.processing.FanProcessingType
[04июл.2026 11:23:10.446] [pool-19-thread-1/DEBUG] [mixin/]: Renaming synthetic method lambda$getAt$0(Lcom/llamalad7/mixinextras/injector/wrapoperation/Operation;Lnet/minecraft/world/level/Level;Ldev/ryanhcode/sable/sublevel/SubLevel;Lnet/minecraft/core/BlockPos;)Lcom/simibubi/create/content/kinetics/fan/processing/FanProcessingType; to mdca1030$sable$lambda$getAt$0$0 in sable-neoforge.mixins.json:compatibility.create.airflow.FanProcessingTypeMixin from mod sable
[04июл.2026 11:23:10.462] [pool-19-thread-1/DEBUG] [net.neoforged.neoforge.registries.GameData/REGISTRIES]: Creating vanilla freeze snapshot
[04июл.2026 11:23:10.475] [pool-19-thread-1/DEBUG] [net.neoforged.neoforge.registries.GameData/REGISTRIES]: Vanilla freeze snapshot created
[04июл.2026 11:23:10.531] [main/DEBUG] [mixin/]: Mixing NetworkMinecraftServerMixin from veil.network.mixins.json into net.minecraft.server.MinecraftServer
[04июл.2026 11:23:10.532] [main/DEBUG] [mixin/]: Mixing MinecraftServerMixin from veil.scheduler.mixins.json into net.minecraft.server.MinecraftServer
[04июл.2026 11:23:10.532] [main/DEBUG] [mixin/]: Mixing accessor.MinecraftServerAccessor from ponder-common.mixins.json into net.minecraft.server.MinecraftServer
[04июл.2026 11:23:10.532] [main/DEBUG] [mixin/]: ponder-common.mixins.json:accessor.MinecraftServerAccessor from mod ponder: Class version 65 required is higher than the class version supported by the current version of Mixin (JAVA_17 supports class version 61)
[04июл.2026 11:23:10.532] [main/DEBUG] [mixin/]: Mixing udp.MinecraftServerMixin from sable.mixins.json into net.minecraft.server.MinecraftServer
[04июл.2026 11:23:10.533] [main/DEBUG] [mixin/]: veil.scheduler.mixins.json:MinecraftServerMixin from mod veil->@Inject::stopServer(Lorg/spongepowered/asm/mixin/injection/callback/CallbackInfo;)V doesn't use it's CallbackInfo
[04июл.2026 11:23:10.533] [main/DEBUG] [mixin/]: veil.scheduler.mixins.json:MinecraftServerMixin from mod veil->@Inject::stopServer(Lorg/spongepowered/asm/mixin/injection/callback/CallbackInfo;)V has 0 override(s) in child classes
[04июл.2026 11:23:10.533] [main/DEBUG] [mixin/]: veil.scheduler.mixins.json:MinecraftServerMixin from mod veil->@Inject::stopServer(Lorg/spongepowered/asm/mixin/injection/callback/CallbackInfo;)V won't be passed a CallbackInfo as a result
[04июл.2026 11:23:10.533] [main/DEBUG] [mixin/]: sable.mixins.json:udp.MinecraftServerMixin from mod sable->@Inject::sable$keepUdpSocketsAlive(Ljava/util/function/BooleanSupplier;Lorg/spongepowered/asm/mixin/injection/callback/CallbackInfo;)V doesn't use it's CallbackInfo
[04июл.2026 11:23:10.533] [main/DEBUG] [mixin/]: sable.mixins.json:udp.MinecraftServerMixin from mod sable->@Inject::sable$keepUdpSocketsAlive(Ljava/util/function/BooleanSupplier;Lorg/spongepowered/asm/mixin/injection/callback/CallbackInfo;)V has 0 override(s) in child classes
[04июл.2026 11:23:10.534] [main/DEBUG] [mixin/]: sable.mixins.json:udp.MinecraftServerMixin from mod sable->@Inject::sable$keepUdpSocketsAlive(Ljava/util/function/BooleanSupplier;Lorg/spongepowered/asm/mixin/injection/callback/CallbackInfo;)V won't be passed a CallbackInfo as a result
[04июл.2026 11:23:10.554] [main/DEBUG] [mixin/]: Mixing level_accelerator.ServerChunkCacheAccessor from sable.mixins.json into net.minecraft.server.level.ServerChunkCache
[04июл.2026 11:23:10.554] [main/DEBUG] [mixin/]: Mixing plot.ServerChunkCacheMixin from sable.mixins.json into net.minecraft.server.level.ServerChunkCache
[04июл.2026 11:23:10.559] [main/DEBUG] [mixin/]: sable.mixins.json:plot.ServerChunkCacheMixin from mod sable->@Inject::init(Lnet/minecraft/server/level/ServerLevel;Lnet/minecraft/world/level/storage/LevelStorageSource$LevelStorageAccess;Lcom/mojang/datafixers/DataFixer;Lnet/minecraft/world/level/levelgen/structure/templatesystem/StructureTemplateManager;Ljava/util/concurrent/Executor;Lnet/minecraft/world/level/chunk/ChunkGenerator;IIZLnet/minecraft/server/level/progress/ChunkProgressListener;Lnet/minecraft/world/level/entity/ChunkStatusUpdateListener;Ljava/util/function/Supplier;Lorg/spongepowered/asm/mixin/injection/callback/CallbackInfo;)V doesn't use it's CallbackInfo
[04июл.2026 11:23:10.559] [main/DEBUG] [mixin/]: sable.mixins.json:plot.ServerChunkCacheMixin from mod sable->@Inject::init(Lnet/minecraft/server/level/ServerLevel;Lnet/minecraft/world/level/storage/LevelStorageSource$LevelStorageAccess;Lcom/mojang/datafixers/DataFixer;Lnet/minecraft/world/level/levelgen/structure/templatesystem/StructureTemplateManager;Ljava/util/concurrent/Executor;Lnet/minecraft/world/level/chunk/ChunkGenerator;IIZLnet/minecraft/server/level/progress/ChunkProgressListener;Lnet/minecraft/world/level/entity/ChunkStatusUpdateListener;Ljava/util/function/Supplier;Lorg/spongepowered/asm/mixin/injection/callback/CallbackInfo;)V has 0 override(s) in child classes
[04июл.2026 11:23:10.559] [main/DEBUG] [mixin/]: sable.mixins.json:plot.ServerChunkCacheMixin from mod sable->@Inject::init(Lnet/minecraft/server/level/ServerLevel;Lnet/minecraft/world/level/storage/LevelStorageSource$LevelStorageAccess;Lcom/mojang/datafixers/DataFixer;Lnet/minecraft/world/level/levelgen/structure/templatesystem/StructureTemplateManager;Ljava/util/concurrent/Executor;Lnet/minecraft/world/level/chunk/ChunkGenerator;IIZLnet/minecraft/server/level/progress/ChunkProgressListener;Lnet/minecraft/world/level/entity/ChunkStatusUpdateListener;Ljava/util/function/Supplier;Lorg/spongepowered/asm/mixin/injection/callback/CallbackInfo;)V won't be passed a CallbackInfo as a result
[04июл.2026 11:23:10.559] [main/DEBUG] [mixin/]: sable.mixins.json:plot.ServerChunkCacheMixin from mod sable->@Inject::getChunkNow(IILorg/spongepowered/asm/mixin/injection/callback/CallbackInfoReturnable;)V does use it's CallbackInfoReturnable
[04июл.2026 11:23:10.559] [main/DEBUG] [mixin/]: sable.mixins.json:plot.ServerChunkCacheMixin from mod sable->@Inject::getChunkFutureMainThread(IILnet/minecraft/world/level/chunk/status/ChunkStatus;ZLorg/spongepowered/asm/mixin/injection/callback/CallbackInfoReturnable;)V does use it's CallbackInfoReturnable
[04июл.2026 11:23:10.559] [main/DEBUG] [mixin/]: sable.mixins.json:plot.ServerChunkCacheMixin from mod sable->@Inject::hasChunk(IILorg/spongepowered/asm/mixin/injection/callback/CallbackInfoReturnable;)V does use it's CallbackInfoReturnable
[04июл.2026 11:23:10.559] [main/DEBUG] [mixin/]: sable.mixins.json:plot.ServerChunkCacheMixin from mod sable->@Inject::getChunkForLighting(IILorg/spongepowered/asm/mixin/injection/callback/CallbackInfoReturnable;)V does use it's CallbackInfoReturnable
[04июл.2026 11:23:10.559] [main/DEBUG] [mixin/]: sable.mixins.json:plot.ServerChunkCacheMixin from mod sable->@Inject::isPositionTicking(JLorg/spongepowered/asm/mixin/injection/callback/CallbackInfoReturnable;)V does use it's CallbackInfoReturnable
[04июл.2026 11:23:10.559] [main/DEBUG] [mixin/]: sable.mixins.json:plot.ServerChunkCacheMixin from mod sable->@Inject::getFullChunk(JLjava/util/function/Consumer;Lorg/spongepowered/asm/mixin/injection/callback/CallbackInfo;)V does use it's CallbackInfo
[04июл.2026 11:23:10.559] [main/DEBUG] [mixin/]: sable.mixins.json:plot.ServerChunkCacheMixin from mod sable->@Inject::blockChanged(Lnet/minecraft/core/BlockPos;Lorg/spongepowered/asm/mixin/injection/callback/CallbackInfo;)V does use it's CallbackInfo
[04июл.2026 11:23:10.559] [main/DEBUG] [mixin/]: sable.mixins.json:plot.ServerChunkCacheMixin from mod sable->@Inject::getVisibleChunkIfPresent(JLorg/spongepowered/asm/mixin/injection/callback/CallbackInfoReturnable;)V does use it's CallbackInfoReturnable
[04июл.2026 11:23:10.562] [main/DEBUG] [mixin/]: Mixing MapItemSavedDataMixin from create.mixins.json into net.minecraft.world.level.saveddata.maps.MapItemSavedData
[04июл.2026 11:23:10.566] [main/DEBUG] [mixin/]: create.mixins.json:MapItemSavedDataMixin from mod create->@Inject::create$onLoad(Lnet/minecraft/nbt/CompoundTag;Lnet/minecraft/core/HolderLookup$Provider;Lorg/spongepowered/asm/mixin/injection/callback/CallbackInfoReturnable;)V does use it's CallbackInfoReturnable
[04июл.2026 11:23:10.566] [main/DEBUG] [mixin/]: create.mixins.json:MapItemSavedDataMixin from mod create->@Inject::create$onSave(Lnet/minecraft/nbt/CompoundTag;Lnet/minecraft/core/HolderLookup$Provider;Lorg/spongepowered/asm/mixin/injection/callback/CallbackInfoReturnable;)V doesn't use it's CallbackInfoReturnable
[04июл.2026 11:23:10.566] [main/DEBUG] [mixin/]: create.mixins.json:MapItemSavedDataMixin from mod create->@Inject::create$onSave(Lnet/minecraft/nbt/CompoundTag;Lnet/minecraft/core/HolderLookup$Provider;Lorg/spongepowered/asm/mixin/injection/callback/CallbackInfoReturnable;)V has 0 override(s) in child classes
[04июл.2026 11:23:10.566] [main/DEBUG] [mixin/]: create.mixins.json:MapItemSavedDataMixin from mod create->@Inject::create$onSave(Lnet/minecraft/nbt/CompoundTag;Lnet/minecraft/core/HolderLookup$Provider;Lorg/spongepowered/asm/mixin/injection/callback/CallbackInfoReturnable;)V won't be passed a CallbackInfoReturnable as a result
[04июл.2026 11:23:10.566] [main/DEBUG] [mixin/]: create.mixins.json:MapItemSavedDataMixin from mod create->@Inject::create$onCheckBanners(Lnet/minecraft/world/level/BlockGetter;IILorg/spongepowered/asm/mixin/injection/callback/CallbackInfo;)V doesn't use it's CallbackInfo
[04июл.2026 11:23:10.566] [main/DEBUG] [mixin/]: create.mixins.json:MapItemSavedDataMixin from mod create->@Inject::create$onCheckBanners(Lnet/minecraft/world/level/BlockGetter;IILorg/spongepowered/asm/mixin/injection/callback/CallbackInfo;)V has 0 override(s) in child classes
[04июл.2026 11:23:10.566] [main/DEBUG] [mixin/]: create.mixins.json:MapItemSavedDataMixin from mod create->@Inject::create$onCheckBanners(Lnet/minecraft/world/level/BlockGetter;IILorg/spongepowered/asm/mixin/injection/callback/CallbackInfo;)V won't be passed a CallbackInfo as a result
[04июл.2026 11:23:10.567] [main/DEBUG] [mixin/]: Mixing rope.ClientSubLevelContainerMixin from simulated.mixins.json into dev.ryanhcode.sable.api.sublevel.ClientSubLevelContainer
[04июл.2026 11:23:10.568] [main/DEBUG] [mixin/]: simulated.mixins.json:rope.ClientSubLevelContainerMixin from mod simulated->@Inject::sable$tickRopeInterpolation(Lorg/spongepowered/asm/mixin/injection/callback/CallbackInfo;)V doesn't use it's CallbackInfo
[04июл.2026 11:23:10.568] [main/DEBUG] [mixin/]: simulated.mixins.json:rope.ClientSubLevelContainerMixin from mod simulated->@Inject::sable$tickRopeInterpolation(Lorg/spongepowered/asm/mixin/injection/callback/CallbackInfo;)V has 0 override(s) in child classes
[04июл.2026 11:23:10.568] [main/DEBUG] [mixin/]: simulated.mixins.json:rope.ClientSubLevelContainerMixin from mod simulated->@Inject::sable$tickRopeInterpolation(Lorg/spongepowered/asm/mixin/injection/callback/CallbackInfo;)V won't be passed a CallbackInfo as a result
[04июл.2026 11:23:10.703] [main/DEBUG] [mixin/]: Mixing command.ExecuteCommandMixin from sable.mixins.json into net.minecraft.server.commands.ExecuteCommand
[04июл.2026 11:23:10.703] [main/DEBUG] [mixin/]: Renaming synthetic method lambda$sable$then$2(Lcom/mojang/brigadier/context/CommandContext;)Ljava/util/Collection; to mdca1030$sable$lambda$sable$then$2$0 in sable.mixins.json:command.ExecuteCommandMixin from mod sable
[04июл.2026 11:23:10.703] [main/DEBUG] [mixin/]: Renaming synthetic method lambda$sable$then$1(Lcom/mojang/brigadier/context/CommandContext;)Ljava/util/Collection; to mdca1030$sable$lambda$sable$then$1$1 in sable.mixins.json:command.ExecuteCommandMixin from mod sable
[04июл.2026 11:23:10.703] [main/DEBUG] [mixin/]: Renaming synthetic method lambda$sable$then$0(Lcom/mojang/brigadier/context/CommandContext;)Ljava/util/Collection; to mdca1030$sable$lambda$sable$then$0$2 in sable.mixins.json:command.ExecuteCommandMixin from mod sable
[04июл.2026 11:23:10.718] [main/DEBUG] [mixin/]: Mixing command.DataCommandsMixin from sable.mixins.json into net.minecraft.server.commands.data.DataCommands
[04июл.2026 11:23:10.808] [main/DEBUG] [mixin/]: Mixing game_test.TestCommandMixin from sable.mixins.json into net.minecraft.gametest.framework.TestCommand
[04июл.2026 11:23:10.809] [main/DEBUG] [mixin/]: sable.mixins.json:game_test.TestCommandMixin from mod sable->@Inject::resetGameTestInfo(Lnet/minecraft/gametest/framework/GameTestInfo;Lorg/spongepowered/asm/mixin/injection/callback/CallbackInfoReturnable;)V doesn't use it's CallbackInfoReturnable
[04июл.2026 11:23:10.842] [main/WARN] [net.minecraft.commands.Commands/]: Ambiguity between arguments [teleport, location] and [teleport, destination] with inputs: [0.1 -0.5 .9, 0 0 0]
[04июл.2026 11:23:10.843] [main/WARN] [net.minecraft.commands.Commands/]: Ambiguity between arguments [teleport, location] and [teleport, targets] with inputs: [0.1 -0.5 .9, 0 0 0]
[04июл.2026 11:23:10.844] [main/WARN] [net.minecraft.commands.Commands/]: Ambiguity between arguments [teleport, destination] and [teleport, targets] with inputs: [Player, 0123, @e, dd12be42-52a9-4a91-a8a1-11c01849e498]
[04июл.2026 11:23:10.845] [main/WARN] [net.minecraft.commands.Commands/]: Ambiguity between arguments [teleport, targets] and [teleport, destination] with inputs: [Player, 0123, dd12be42-52a9-4a91-a8a1-11c01849e498]
[04июл.2026 11:23:10.845] [main/WARN] [net.minecraft.commands.Commands/]: Ambiguity between arguments [teleport, targets, location] and [teleport, targets, destination] with inputs: [0.1 -0.5 .9, 0 0 0]
[04июл.2026 11:23:10.850] [Render thread/DEBUG] [mixin/]: Mixing client.PipelineRenderSystemMixin from veil.pipeline.mixins.json into com.mojang.blaze3d.systems.RenderSystem
[04июл.2026 11:23:10.851] [Render thread/DEBUG] [mixin/]: Mixing RenderSystemMixin from flywheel.backend.mixins.json into com.mojang.blaze3d.systems.RenderSystem
[04июл.2026 11:23:10.851] [Render thread/DEBUG] [mixin/]: Mixing client.accessor.RenderSystemAccessor from ponder-common.mixins.json into com.mojang.blaze3d.systems.RenderSystem
[04июл.2026 11:23:10.851] [Render thread/DEBUG] [mixin/]: ponder-common.mixins.json:client.accessor.RenderSystemAccessor from mod ponder: Class version 65 required is higher than the class version supported by the current version of Mixin (JAVA_17 supports class version 61)
[04июл.2026 11:23:10.851] [Render thread/DEBUG] [mixin/]: Renaming @Accessor method catnip$getShaderLightDirections()[Lorg/joml/Vector3f; to catnip$getShaderLightDirections$ponder_$md$ca1030$0 in ponder-common.mixins.json:client.accessor.RenderSystemAccessor from mod ponder
[04июл.2026 11:23:10.852] [Render thread/DEBUG] [mixin/]: veil.pipeline.mixins.json:client.PipelineRenderSystemMixin from mod veil->@Inject::setShader(Ljava/util/function/Supplier;Lorg/spongepowered/asm/mixin/injection/callback/CallbackInfo;)V doesn't use it's CallbackInfo
[04июл.2026 11:23:10.852] [Render thread/DEBUG] [mixin/]: veil.pipeline.mixins.json:client.PipelineRenderSystemMixin from mod veil->@Inject::setShaderLights(Lorg/joml/Vector3f;Lorg/joml/Vector3f;Lorg/spongepowered/asm/mixin/injection/callback/CallbackInfo;)V doesn't use it's CallbackInfo
[04июл.2026 11:23:10.852] [Render thread/DEBUG] [mixin/]: flywheel.backend.mixins.json:RenderSystemMixin from mod flywheel->@Inject::flywheel$onInitRenderer(Lorg/spongepowered/asm/mixin/injection/callback/CallbackInfo;)V doesn't use it's CallbackInfo
[04июл.2026 11:23:10.852] [Render thread/DEBUG] [mixin/]: flywheel.backend.mixins.json:RenderSystemMixin from mod flywheel->@Inject::flywheel$onSetFogStart(Lorg/spongepowered/asm/mixin/injection/callback/CallbackInfo;)V doesn't use it's CallbackInfo
[04июл.2026 11:23:10.853] [Render thread/DEBUG] [mixin/]: flywheel.backend.mixins.json:RenderSystemMixin from mod flywheel->@Inject::flywheel$onSetFogEnd(Lorg/spongepowered/asm/mixin/injection/callback/CallbackInfo;)V doesn't use it's CallbackInfo
[04июл.2026 11:23:10.853] [Render thread/DEBUG] [mixin/]: flywheel.backend.mixins.json:RenderSystemMixin from mod flywheel->@Inject::flywheel$onSetFogShape(Lorg/spongepowered/asm/mixin/injection/callback/CallbackInfo;)V doesn't use it's CallbackInfo
[04июл.2026 11:23:10.853] [Render thread/DEBUG] [mixin/]: flywheel.backend.mixins.json:RenderSystemMixin from mod flywheel->@Inject::flywheel$onSetFogColor(Lorg/spongepowered/asm/mixin/injection/callback/CallbackInfo;)V doesn't use it's CallbackInfo
[04июл.2026 11:23:10.857] [Render thread/DEBUG] [mixin/]: Mixing client.DebugAutoStorageIndexBufferMixin from veil.debug.mixins.json into com.mojang.blaze3d.systems.RenderSystem$AutoStorageIndexBuffer
[04июл.2026 11:23:10.857] [Render thread/DEBUG] [mixin/]: Mixing client.PipelineAutoStorageIndexBufferMixin from veil.pipeline.mixins.json into com.mojang.blaze3d.systems.RenderSystem$AutoStorageIndexBuffer
[04июл.2026 11:23:10.858] [Render thread/DEBUG] [mixin/]: veil.debug.mixins.json:client.DebugAutoStorageIndexBufferMixin from mod veil->@Inject::nameBuffer(Lorg/spongepowered/asm/mixin/injection/callback/CallbackInfo;)V doesn't use it's CallbackInfo
[04июл.2026 11:23:10.861] [Render thread/DEBUG] [mixin/]: Mixing accessor.FramebufferRenderTargetAccessor from veil.framebuffer.mixins.json into com.mojang.blaze3d.pipeline.RenderTarget
[04июл.2026 11:23:10.861] [Render thread/DEBUG] [mixin/]: Mixing client.PerformanceRenderTargetMixin from veil.performance.mixins.json into com.mojang.blaze3d.pipeline.RenderTarget
[04июл.2026 11:23:10.864] [Render thread/DEBUG] [mixin/]: Mixing client.PipelineRenderTargetMixin from veil.pipeline.mixins.json into com.mojang.blaze3d.pipeline.RenderTarget
[04июл.2026 11:23:10.867] [Render thread/DEBUG] [mixin/]: veil.performance.mixins.json:client.PerformanceRenderTargetMixin from mod veil->@Inject::copyDepthFrom(Lcom/mojang/blaze3d/pipeline/RenderTarget;Lorg/spongepowered/asm/mixin/injection/callback/CallbackInfo;)V does use it's CallbackInfo
[04июл.2026 11:23:10.868] [Render thread/DEBUG] [mixin/]: veil.performance.mixins.json:client.PerformanceRenderTargetMixin from mod veil->@Inject::clear(ZLorg/spongepowered/asm/mixin/injection/callback/CallbackInfo;)V does use it's CallbackInfo
[04июл.2026 11:23:10.868] [Render thread/DEBUG] [mixin/]: veil.performance.mixins.json:client.PerformanceRenderTargetMixin from mod veil->@Inject::_blitToScreen(IIZLorg/spongepowered/asm/mixin/injection/callback/CallbackInfo;)V does use it's CallbackInfo
[04июл.2026 11:23:10.868] [Render thread/DEBUG] [mixin/]: veil.pipeline.mixins.json:client.PipelineRenderTargetMixin from mod veil->@Inject::destroyBuffers(Lorg/spongepowered/asm/mixin/injection/callback/CallbackInfo;)V doesn't use it's CallbackInfo
[04июл.2026 11:23:10.868] [Render thread/DEBUG] [mixin/]: veil.pipeline.mixins.json:client.PipelineRenderTargetMixin from mod veil->@Inject::destroyBuffers(Lorg/spongepowered/asm/mixin/injection/callback/CallbackInfo;)V has 0 override(s) in child classes
[04июл.2026 11:23:10.868] [Render thread/DEBUG] [mixin/]: veil.pipeline.mixins.json:client.PipelineRenderTargetMixin from mod veil->@Inject::destroyBuffers(Lorg/spongepowered/asm/mixin/injection/callback/CallbackInfo;)V won't be passed a CallbackInfo as a result
[04июл.2026 11:23:10.868] [Render thread/DEBUG] [mixin/]: veil.pipeline.mixins.json:client.PipelineRenderTargetMixin from mod veil->@Inject::createBuffers(Lorg/spongepowered/asm/mixin/injection/callback/CallbackInfo;)V doesn't use it's CallbackInfo
[04июл.2026 11:23:10.868] [Render thread/DEBUG] [mixin/]: veil.pipeline.mixins.json:client.PipelineRenderTargetMixin from mod veil->@Inject::createBuffers(Lorg/spongepowered/asm/mixin/injection/callback/CallbackInfo;)V has 0 override(s) in child classes
[04июл.2026 11:23:10.868] [Render thread/DEBUG] [mixin/]: veil.pipeline.mixins.json:client.PipelineRenderTargetMixin from mod veil->@Inject::createBuffers(Lorg/spongepowered/asm/mixin/injection/callback/CallbackInfo;)V won't be passed a CallbackInfo as a result
[04июл.2026 11:23:10.868] [Render thread/DEBUG] [mixin/]: veil.pipeline.mixins.json:client.PipelineRenderTargetMixin from mod veil->@Inject::bindRead(Lorg/spongepowered/asm/mixin/injection/callback/CallbackInfo;)V does use it's CallbackInfo
[04июл.2026 11:23:10.868] [Render thread/DEBUG] [mixin/]: veil.pipeline.mixins.json:client.PipelineRenderTargetMixin from mod veil->@Inject::bindWrite(ZLorg/spongepowered/asm/mixin/injection/callback/CallbackInfo;)V does use it's CallbackInfo
[04июл.2026 11:23:10.868] [Render thread/DEBUG] [mixin/]: veil.pipeline.mixins.json:client.PipelineRenderTargetMixin from mod veil->@Inject::getColorTextureId(Lorg/spongepowered/asm/mixin/injection/callback/CallbackInfoReturnable;)V does use it's CallbackInfoReturnable
[04июл.2026 11:23:10.868] [Render thread/DEBUG] [mixin/]: veil.pipeline.mixins.json:client.PipelineRenderTargetMixin from mod veil->@Inject::getDepthTextureId(Lorg/spongepowered/asm/mixin/injection/callback/CallbackInfoReturnable;)V does use it's CallbackInfoReturnable
[04июл.2026 11:23:10.870] [Render thread/DEBUG] [mixin/]: Mixing client.accessor.ScreenAccessor from ponder-common.mixins.json into net.minecraft.client.gui.screens.Screen
[04июл.2026 11:23:10.871] [Render thread/DEBUG] [mixin/]: ponder-common.mixins.json:client.accessor.ScreenAccessor from mod ponder: Class version 65 required is higher than the class version supported by the current version of Mixin (JAVA_17 supports class version 61)
[04июл.2026 11:23:10.874] [Render thread/DEBUG] [mixin/]: Mixing client.NecromancerClientLevelMixin from veil.necromancer.mixins.json into net.minecraft.client.multiplayer.ClientLevel
[04июл.2026 11:23:10.874] [Render thread/DEBUG] [mixin/]: Mixing entity.entity_aabb_lookup.LevelsMixin from sable.mixins.json into net.minecraft.client.multiplayer.ClientLevel
[04июл.2026 11:23:10.874] [Render thread/DEBUG] [mixin/]: Mixing plot.LevelsMixin from sable.mixins.json into net.minecraft.client.multiplayer.ClientLevel
[04июл.2026 11:23:10.875] [Render thread/DEBUG] [mixin/]: Mixing water_occlusion.LevelsMixin from sable.mixins.json into net.minecraft.client.multiplayer.ClientLevel
[04июл.2026 11:23:10.875] [Render thread/DEBUG] [mixin/]: Mixing clip_overwrite.ClientLevelMixin from sable.mixins.json into net.minecraft.client.multiplayer.ClientLevel
[04июл.2026 11:23:10.875] [Render thread/DEBUG] [mixin/]: Mixing particle.ClientLevelMixin from sable.mixins.json into net.minecraft.client.multiplayer.ClientLevel
[04июл.2026 11:23:10.876] [Render thread/DEBUG] [mixin/]: Mixing sublevel_sounds.ClientLevelMixin from sable.mixins.json into net.minecraft.client.multiplayer.ClientLevel
[04июл.2026 11:23:10.876] [Render thread/DEBUG] [mixin/]: Mixing client.multimining_destruction_progress.ClientLevelAccessor from offroad.mixins.json into net.minecraft.client.multiplayer.ClientLevel
[04июл.2026 11:23:10.876] [Render thread/DEBUG] [mixin/]: offroad.mixins.json:client.multimining_destruction_progress.ClientLevelAccessor from mod offroad: Class version 65 required is higher than the class version supported by the current version of Mixin (JAVA_18 supports class version 62)
[04июл.2026 11:23:10.879] [Render thread/DEBUG] [mixin/]: veil.necromancer.mixins.json:client.NecromancerClientLevelMixin from mod veil->@Inject::addEntity(Lnet/minecraft/world/entity/Entity;Lorg/spongepowered/asm/mixin/injection/callback/CallbackInfo;)V doesn't use it's CallbackInfo
[04июл.2026 11:23:10.879] [Render thread/DEBUG] [mixin/]: veil.necromancer.mixins.json:client.NecromancerClientLevelMixin from mod veil->@Inject::addEntity(Lnet/minecraft/world/entity/Entity;Lorg/spongepowered/asm/mixin/injection/callback/CallbackInfo;)V has 0 override(s) in child classes
[04июл.2026 11:23:10.879] [Render thread/DEBUG] [mixin/]: veil.necromancer.mixins.json:client.NecromancerClientLevelMixin from mod veil->@Inject::addEntity(Lnet/minecraft/world/entity/Entity;Lorg/spongepowered/asm/mixin/injection/callback/CallbackInfo;)V won't be passed a CallbackInfo as a result
[04июл.2026 11:23:10.879] [Render thread/DEBUG] [mixin/]: sable.mixins.json:entity.entity_aabb_lookup.LevelsMixin from mod sable->@Inject::sable$postGetEntities(Lorg/spongepowered/asm/mixin/injection/callback/CallbackInfoReturnable;)V does use it's CallbackInfoReturnable
[04июл.2026 11:23:10.879] [Render thread/DEBUG] [mixin/]: sable.mixins.json:particle.ClientLevelMixin from mod sable->@Inject::sable$subLevelAnimateTick(IIILorg/spongepowered/asm/mixin/injection/callback/CallbackInfo;)V doesn't use it's CallbackInfo
[04июл.2026 11:23:10.879] [Render thread/DEBUG] [mixin/]: sable.mixins.json:particle.ClientLevelMixin from mod sable->@Inject::sable$subLevelAnimateTick(IIILorg/spongepowered/asm/mixin/injection/callback/CallbackInfo;)V has 0 override(s) in child classes
[04июл.2026 11:23:10.879] [Render thread/DEBUG] [mixin/]: sable.mixins.json:particle.ClientLevelMixin from mod sable->@Inject::sable$subLevelAnimateTick(IIILorg/spongepowered/asm/mixin/injection/callback/CallbackInfo;)V won't be passed a CallbackInfo as a result
[04июл.2026 11:23:10.886] [Render thread/DEBUG] [mixin/]: Mixing handle.LocalPlayerMixin from simulated.mixins.json into net.minecraft.client.player.LocalPlayer
[04июл.2026 11:23:10.886] [Render thread/DEBUG] [mixin/]: Mixing hold_interaction.LocalPlayerMixin from simulated.mixins.json into net.minecraft.client.player.LocalPlayer
[04июл.2026 11:23:10.886] [Render thread/DEBUG] [mixin/]: Mixing client.HeavyBootsOnPlayerMixin from create.mixins.json into net.minecraft.client.player.LocalPlayer
[04июл.2026 11:23:10.887] [Render thread/DEBUG] [mixin/]: Mixing entity.entities_stick_sublevels.effects.LocalPlayerMixin from sable.mixins.json into net.minecraft.client.player.LocalPlayer
[04июл.2026 11:23:10.887] [Render thread/DEBUG] [mixin/]: Mixing entity.entities_stick_sublevels.player.LocalPlayerMixin from sable.mixins.json into net.minecraft.client.player.LocalPlayer
[04июл.2026 11:23:10.899] [Render thread/DEBUG] [mixin/]: Mixing entity.entity_rotations_and_riding.LocalPlayerMixin from sable.mixins.json into net.minecraft.client.player.LocalPlayer
[04июл.2026 11:23:10.901] [Render thread/DEBUG] [mixin/]: Mixing player_freezing.LocalPlayerMixin from sable.mixins.json into net.minecraft.client.player.LocalPlayer
[04июл.2026 11:23:10.905] [Render thread/DEBUG] [mixin/]: simulated.mixins.json:handle.LocalPlayerMixin from mod simulated->@Inject::simulated$alwaysMovingSlowly(Lorg/spongepowered/asm/mixin/injection/callback/CallbackInfoReturnable;)V does use it's CallbackInfoReturnable
[04июл.2026 11:23:10.905] [Render thread/DEBUG] [mixin/]: simulated.mixins.json:hold_interaction.LocalPlayerMixin from mod simulated->@Inject::simulated$handlerShiftBlock(Lorg/spongepowered/asm/mixin/injection/callback/CallbackInfoReturnable;)V does use it's CallbackInfoReturnable
[04июл.2026 11:23:10.905] [Render thread/DEBUG] [mixin/]: create.mixins.json:client.HeavyBootsOnPlayerMixin from mod create->@Inject::create$noSwimmingWithHeavyBootsOn(Lorg/spongepowered/asm/mixin/injection/callback/CallbackInfoReturnable;)V does use it's CallbackInfoReturnable
[04июл.2026 11:23:10.905] [Render thread/DEBUG] [mixin/]: sable.mixins.json:entity.entities_stick_sublevels.effects.LocalPlayerMixin from mod sable->@Inject::sable$playSound(Lnet/minecraft/sounds/SoundEvent;FFLorg/spongepowered/asm/mixin/injection/callback/CallbackInfo;)V does use it's CallbackInfo
[04июл.2026 11:23:10.905] [Render thread/DEBUG] [mixin/]: sable.mixins.json:entity.entities_stick_sublevels.player.LocalPlayerMixin from mod sable->@Inject::sable$preSendPosition(Lorg/spongepowered/asm/mixin/injection/callback/CallbackInfo;)V doesn't use it's CallbackInfo
[04июл.2026 11:23:10.905] [Render thread/DEBUG] [mixin/]: sable.mixins.json:entity.entities_stick_sublevels.player.LocalPlayerMixin from mod sable->@Inject::sable$preSendPosition(Lorg/spongepowered/asm/mixin/injection/callback/CallbackInfo;)V has 0 override(s) in child classes
[04июл.2026 11:23:10.905] [Render thread/DEBUG] [mixin/]: sable.mixins.json:entity.entities_stick_sublevels.player.LocalPlayerMixin from mod sable->@Inject::sable$preSendPosition(Lorg/spongepowered/asm/mixin/injection/callback/CallbackInfo;)V won't be passed a CallbackInfo as a result
[04июл.2026 11:23:10.905] [Render thread/DEBUG] [mixin/]: sable.mixins.json:entity.entities_stick_sublevels.player.LocalPlayerMixin from mod sable->@Inject::sable$postSendPosition(Lorg/spongepowered/asm/mixin/injection/callback/CallbackInfo;)V doesn't use it's CallbackInfo
[04июл.2026 11:23:10.905] [Render thread/DEBUG] [mixin/]: sable.mixins.json:entity.entities_stick_sublevels.player.LocalPlayerMixin from mod sable->@Inject::sable$postSendPosition(Lorg/spongepowered/asm/mixin/injection/callback/CallbackInfo;)V has 0 override(s) in child classes
[04июл.2026 11:23:10.905] [Render thread/DEBUG] [mixin/]: sable.mixins.json:entity.entities_stick_sublevels.player.LocalPlayerMixin from mod sable->@Inject::sable$postSendPosition(Lorg/spongepowered/asm/mixin/injection/callback/CallbackInfo;)V won't be passed a CallbackInfo as a result
[04июл.2026 11:23:10.905] [Render thread/DEBUG] [mixin/]: sable.mixins.json:entity.entity_rotations_and_riding.LocalPlayerMixin from mod sable->@Inject::sable$onStartRiding(Lnet/minecraft/world/entity/Entity;ZLorg/spongepowered/asm/mixin/injection/callback/CallbackInfoReturnable;)V does use it's CallbackInfoReturnable
[04июл.2026 11:23:10.906] [Render thread/DEBUG] [mixin/]: sable.mixins.json:entity.entity_rotations_and_riding.LocalPlayerMixin from mod sable->@Inject::sable$onStartRiding(Lnet/minecraft/world/entity/Entity;ZLorg/spongepowered/asm/mixin/injection/callback/CallbackInfoReturnable;)V does use it's CallbackInfoReturnable
[04июл.2026 11:23:10.906] [Render thread/DEBUG] [mixin/]: sable.mixins.json:entity.entity_rotations_and_riding.LocalPlayerMixin from mod sable->@Inject::sable$onStopRiding(Lorg/spongepowered/asm/mixin/injection/callback/CallbackInfo;)V doesn't use it's CallbackInfo
[04июл.2026 11:23:10.906] [Render thread/DEBUG] [mixin/]: sable.mixins.json:entity.entity_rotations_and_riding.LocalPlayerMixin from mod sable->@Inject::sable$onStopRiding(Lorg/spongepowered/asm/mixin/injection/callback/CallbackInfo;)V has 0 override(s) in child classes
[04июл.2026 11:23:10.906] [Render thread/DEBUG] [mixin/]: sable.mixins.json:entity.entity_rotations_and_riding.LocalPlayerMixin from mod sable->@Inject::sable$onStopRiding(Lorg/spongepowered/asm/mixin/injection/callback/CallbackInfo;)V won't be passed a CallbackInfo as a result
[04июл.2026 11:23:10.908] [Render thread/DEBUG] [mixin/]: Mixing AbstractClientPlayerAccessor from flywheel.backend.mixins.json into net.minecraft.client.player.AbstractClientPlayer
[04июл.2026 11:23:10.911] [Render thread/DEBUG] [mixin/]: Mixing accessor.CreativeModeInventoryScreenAccessor from simulated.mixins.json into net.minecraft.client.gui.screens.inventory.AbstractContainerScreen
[04июл.2026 11:23:10.915] [Render thread/DEBUG] [mixin/]: Mixing accessor.TimerAccessor from ponder-common.mixins.json into net.minecraft.client.DeltaTracker$Timer
[04июл.2026 11:23:10.915] [Render thread/DEBUG] [mixin/]: ponder-common.mixins.json:accessor.TimerAccessor from mod ponder: Class version 65 required is higher than the class version supported by the current version of Mixin (JAVA_17 supports class version 61)
[04июл.2026 11:23:10.915] [Render thread/DEBUG] [mixin/]: Mixing accessor.TimerAccessor from create.mixins.json into net.minecraft.client.DeltaTracker$Timer
[04июл.2026 11:23:10.945] [Render thread/DEBUG] [mixin/]: Mixing ResourceVanillaPackResourcesMixin from veil.resource.mixins.json into net.minecraft.server.packs.VanillaPackResources
[04июл.2026 11:23:10.948] [Render thread/WARN] [net.minecraft.server.packs.VanillaPackResourcesBuilder/]: Assets URL 'union:/C:/Users/Kostya/Documents/GitHub/create_AES/.gradle/repositories/ng_dummy_ng/net/neoforged/neoforge/21.1.227/neoforge-21.1.227.jar%23196!/assets/.mcassetsroot' uses unexpected schema
[04июл.2026 11:23:10.948] [Render thread/WARN] [net.minecraft.server.packs.VanillaPackResourcesBuilder/]: Assets URL 'union:/C:/Users/Kostya/Documents/GitHub/create_AES/.gradle/repositories/ng_dummy_ng/net/neoforged/neoforge/21.1.227/neoforge-21.1.227.jar%23196!/data/.mcassetsroot' uses unexpected schema
[04июл.2026 11:23:10.961] [Render thread/INFO] [com.mojang.authlib.yggdrasil.YggdrasilAuthenticationService/]: Environment: Environment[sessionHost=https://sessionserver.mojang.com, servicesHost=https://api.minecraftservices.com, name=PROD]
[04июл.2026 11:23:10.965] [Render thread/INFO] [net.minecraft.client.Minecraft/]: Setting user: Dev
[04июл.2026 11:23:10.965] [Render thread/DEBUG] [mixin/]: Mixing accessor.KeyMappingsAccessor from simulated.mixins.json into net.minecraft.client.KeyMapping
[04июл.2026 11:23:10.968] [Render thread/DEBUG] [mixin/]: Mixing OptionsMixin from flywheel.backend.mixins.json into net.minecraft.client.Options
[04июл.2026 11:23:10.969] [Render thread/DEBUG] [mixin/]: flywheel.backend.mixins.json:OptionsMixin from mod flywheel->@Inject::flywheel$onLoad(Lorg/spongepowered/asm/mixin/injection/callback/CallbackInfo;)V doesn't use it's CallbackInfo
[04июл.2026 11:23:10.969] [Render thread/DEBUG] [mixin/]: flywheel.backend.mixins.json:OptionsMixin from mod flywheel->@Inject::flywheel$onLoad(Lorg/spongepowered/asm/mixin/injection/callback/CallbackInfo;)V has 0 override(s) in child classes
[04июл.2026 11:23:10.969] [Render thread/DEBUG] [mixin/]: flywheel.backend.mixins.json:OptionsMixin from mod flywheel->@Inject::flywheel$onLoad(Lorg/spongepowered/asm/mixin/injection/callback/CallbackInfo;)V won't be passed a CallbackInfo as a result
[04июл.2026 11:23:10.969] [Render thread/DEBUG] [mixin/]: flywheel.backend.mixins.json:OptionsMixin from mod flywheel->@Inject::flywheel$onSave(Lorg/spongepowered/asm/mixin/injection/callback/CallbackInfo;)V doesn't use it's CallbackInfo
[04июл.2026 11:23:10.969] [Render thread/DEBUG] [mixin/]: flywheel.backend.mixins.json:OptionsMixin from mod flywheel->@Inject::flywheel$onSave(Lorg/spongepowered/asm/mixin/injection/callback/CallbackInfo;)V has 0 override(s) in child classes
[04июл.2026 11:23:10.969] [Render thread/DEBUG] [mixin/]: flywheel.backend.mixins.json:OptionsMixin from mod flywheel->@Inject::flywheel$onSave(Lorg/spongepowered/asm/mixin/injection/callback/CallbackInfo;)V won't be passed a CallbackInfo as a result
[04июл.2026 11:23:10.997] [Render thread/DEBUG] [mixin/]: Mixing camera.new_camera_types.CameraTypeMixin from sable.mixins.json into net.minecraft.client.CameraType
[04июл.2026 11:23:10.997] [Render thread/DEBUG] [mixin/]: Renaming @Invoker method create(Ljava/lang/String;IZZ)Lnet/minecraft/client/CameraType; to create$sable_$md$ca1030$0 in sable.mixins.json:camera.new_camera_types.CameraTypeMixin from mod sable
[04июл.2026 11:23:11.016] [Render thread/INFO] [net.minecraft.client.Minecraft/]: Backend library: LWJGL version 3.3.3+5
[04июл.2026 11:23:11.016] [Render thread/DEBUG] [mixin/]: Mixing WindowMixin from veil.fix.mixins.json into com.mojang.blaze3d.platform.Window
[04июл.2026 11:23:11.017] [Render thread/DEBUG] [mixin/]: Mixing client.PipelineWindowMixin from veil.pipeline.mixins.json into com.mojang.blaze3d.platform.Window
[04июл.2026 11:23:11.050] [Render thread/DEBUG] [mixin/]: Mixing client.PipelineGlStateManagerMixin from veil.pipeline.mixins.json into com.mojang.blaze3d.platform.GlStateManager
[04июл.2026 11:23:11.050] [Render thread/DEBUG] [mixin/]: Mixing GlStateManagerMixin from flywheel.backend.mixins.json into com.mojang.blaze3d.platform.GlStateManager
[04июл.2026 11:23:11.054] [Render thread/DEBUG] [mixin/]: flywheel.backend.mixins.json:GlStateManagerMixin from mod flywheel->@Inject::flywheel$onBindBuffer(IILorg/spongepowered/asm/mixin/injection/callback/CallbackInfo;)V doesn't use it's CallbackInfo
[04июл.2026 11:23:11.054] [Render thread/DEBUG] [mixin/]: flywheel.backend.mixins.json:GlStateManagerMixin from mod flywheel->@Inject::flywheel$onBindVertexArray(ILorg/spongepowered/asm/mixin/injection/callback/CallbackInfo;)V doesn't use it's CallbackInfo
[04июл.2026 11:23:11.054] [Render thread/DEBUG] [mixin/]: flywheel.backend.mixins.json:GlStateManagerMixin from mod flywheel->@Inject::flywheel$onUseProgram(ILorg/spongepowered/asm/mixin/injection/callback/CallbackInfo;)V doesn't use it's CallbackInfo
[04июл.2026 11:23:11.054] [Render thread/DEBUG] [mixin/]: flywheel.backend.mixins.json:GlStateManagerMixin from mod flywheel->@Inject::flywheel$onSetupLevelDiffuseLighting(Lorg/joml/Vector3f;Lorg/joml/Vector3f;Lorg/joml/Matrix4f;Lorg/spongepowered/asm/mixin/injection/callback/CallbackInfo;)V doesn't use it's CallbackInfo
[04июл.2026 11:23:11.064] [Render thread/DEBUG] [mixin/]: Mixing resources.PathPackResourcesMixin from veil.neoforge.mixins.json into net.minecraft.server.packs.PathPackResources
[04июл.2026 11:23:11.068] [Render thread/DEBUG] [mixin/]: Mixing NativeImageMixin from veil.fix.mixins.json into com.mojang.blaze3d.platform.NativeImage
[04июл.2026 11:23:11.068] [Render thread/DEBUG] [mixin/]: Mixing accessor.PipelineNativeImageAccessor from veil.pipeline.mixins.json into com.mojang.blaze3d.platform.NativeImage
[04июл.2026 11:23:11.077] [Render thread/DEBUG] [mixin/]: Mixing hold_interaction.MouseHandlerMixin from simulated.mixins.json into net.minecraft.client.MouseHandler
[04июл.2026 11:23:11.077] [Render thread/DEBUG] [mixin/]: Mixing accessor.MouseHandlerAccessor from create.mixins.json into net.minecraft.client.MouseHandler
[04июл.2026 11:23:11.078] [Render thread/DEBUG] [mixin/]: Mixing camera.camera_zoom.MouseHandlerMixin from sable.mixins.json into net.minecraft.client.MouseHandler
[04июл.2026 11:23:11.081] [Render thread/DEBUG] [mixin/]: simulated.mixins.json:hold_interaction.MouseHandlerMixin from mod simulated->@Inject::simulated$turnPlayer(DLorg/spongepowered/asm/mixin/injection/callback/CallbackInfo;)V does use it's CallbackInfo
[04июл.2026 11:23:11.081] [Render thread/DEBUG] [mixin/]: simulated.mixins.json:hold_interaction.MouseHandlerMixin from mod simulated->@Inject::simulated$preOnPress(JIIILorg/spongepowered/asm/mixin/injection/callback/CallbackInfo;)V does use it's CallbackInfo
[04июл.2026 11:23:11.081] [Render thread/DEBUG] [mixin/]: simulated.mixins.json:hold_interaction.MouseHandlerMixin from mod simulated->@Inject::simulated$preOnScroll(JDDLorg/spongepowered/asm/mixin/injection/callback/CallbackInfo;)V does use it's CallbackInfo
[04июл.2026 11:23:11.082] [Render thread/DEBUG] [mixin/]: Mixing client.DebugKeyboardHandlerMixin from veil.debug.mixins.json into net.minecraft.client.KeyboardHandler
[04июл.2026 11:23:11.083] [Render thread/DEBUG] [mixin/]: Mixing hold_interaction.KeyboardHandlerMixin from simulated.mixins.json into net.minecraft.client.KeyboardHandler
[04июл.2026 11:23:11.085] [Render thread/DEBUG] [mixin/]: veil.debug.mixins.json:client.DebugKeyboardHandlerMixin from mod veil->@Inject::handleChunkDebugKeys(ILorg/spongepowered/asm/mixin/injection/callback/CallbackInfoReturnable;)V does use it's CallbackInfoReturnable
[04июл.2026 11:23:11.085] [Render thread/DEBUG] [mixin/]: veil.debug.mixins.json:client.DebugKeyboardHandlerMixin from mod veil->@Inject::printChunkDebugKeys(ILorg/spongepowered/asm/mixin/injection/callback/CallbackInfoReturnable;)V doesn't use it's CallbackInfoReturnable
[04июл.2026 11:23:11.085] [Render thread/DEBUG] [mixin/]: veil.debug.mixins.json:client.DebugKeyboardHandlerMixin from mod veil->@Inject::printChunkDebugKeys(ILorg/spongepowered/asm/mixin/injection/callback/CallbackInfoReturnable;)V has 0 override(s) in child classes
[04июл.2026 11:23:11.085] [Render thread/DEBUG] [mixin/]: veil.debug.mixins.json:client.DebugKeyboardHandlerMixin from mod veil->@Inject::printChunkDebugKeys(ILorg/spongepowered/asm/mixin/injection/callback/CallbackInfoReturnable;)V won't be passed a CallbackInfoReturnable as a result
[04июл.2026 11:23:11.085] [Render thread/DEBUG] [mixin/]: veil.debug.mixins.json:client.DebugKeyboardHandlerMixin from mod veil->@Inject::printChunkDebugKeys(ILorg/spongepowered/asm/mixin/injection/callback/CallbackInfoReturnable;)V doesn't use it's CallbackInfoReturnable
[04июл.2026 11:23:11.085] [Render thread/DEBUG] [mixin/]: veil.debug.mixins.json:client.DebugKeyboardHandlerMixin from mod veil->@Inject::printChunkDebugKeys(ILorg/spongepowered/asm/mixin/injection/callback/CallbackInfoReturnable;)V has 0 override(s) in child classes
[04июл.2026 11:23:11.085] [Render thread/DEBUG] [mixin/]: veil.debug.mixins.json:client.DebugKeyboardHandlerMixin from mod veil->@Inject::printChunkDebugKeys(ILorg/spongepowered/asm/mixin/injection/callback/CallbackInfoReturnable;)V won't be passed a CallbackInfoReturnable as a result
[04июл.2026 11:23:11.085] [Render thread/DEBUG] [mixin/]: veil.debug.mixins.json:client.DebugKeyboardHandlerMixin from mod veil->@Inject::printChunkDebugKeys(ILorg/spongepowered/asm/mixin/injection/callback/CallbackInfoReturnable;)V doesn't use it's CallbackInfoReturnable
[04июл.2026 11:23:11.085] [Render thread/DEBUG] [mixin/]: veil.debug.mixins.json:client.DebugKeyboardHandlerMixin from mod veil->@Inject::printChunkDebugKeys(ILorg/spongepowered/asm/mixin/injection/callback/CallbackInfoReturnable;)V has 0 override(s) in child classes
[04июл.2026 11:23:11.085] [Render thread/DEBUG] [mixin/]: veil.debug.mixins.json:client.DebugKeyboardHandlerMixin from mod veil->@Inject::printChunkDebugKeys(ILorg/spongepowered/asm/mixin/injection/callback/CallbackInfoReturnable;)V won't be passed a CallbackInfoReturnable as a result
[04июл.2026 11:23:11.085] [Render thread/DEBUG] [mixin/]: veil.debug.mixins.json:client.DebugKeyboardHandlerMixin from mod veil->@Inject::printChunkDebugKeys(ILorg/spongepowered/asm/mixin/injection/callback/CallbackInfoReturnable;)V doesn't use it's CallbackInfoReturnable
[04июл.2026 11:23:11.085] [Render thread/DEBUG] [mixin/]: veil.debug.mixins.json:client.DebugKeyboardHandlerMixin from mod veil->@Inject::printChunkDebugKeys(ILorg/spongepowered/asm/mixin/injection/callback/CallbackInfoReturnable;)V has 0 override(s) in child classes
[04июл.2026 11:23:11.085] [Render thread/DEBUG] [mixin/]: veil.debug.mixins.json:client.DebugKeyboardHandlerMixin from mod veil->@Inject::printChunkDebugKeys(ILorg/spongepowered/asm/mixin/injection/callback/CallbackInfoReturnable;)V won't be passed a CallbackInfoReturnable as a result
[04июл.2026 11:23:11.085] [Render thread/DEBUG] [mixin/]: veil.debug.mixins.json:client.DebugKeyboardHandlerMixin from mod veil->@Inject::printChunkDebugKeys(ILorg/spongepowered/asm/mixin/injection/callback/CallbackInfoReturnable;)V doesn't use it's CallbackInfoReturnable
[04июл.2026 11:23:11.085] [Render thread/DEBUG] [mixin/]: veil.debug.mixins.json:client.DebugKeyboardHandlerMixin from mod veil->@Inject::printChunkDebugKeys(ILorg/spongepowered/asm/mixin/injection/callback/CallbackInfoReturnable;)V has 0 override(s) in child classes
[04июл.2026 11:23:11.085] [Render thread/DEBUG] [mixin/]: veil.debug.mixins.json:client.DebugKeyboardHandlerMixin from mod veil->@Inject::printChunkDebugKeys(ILorg/spongepowered/asm/mixin/injection/callback/CallbackInfoReturnable;)V won't be passed a CallbackInfoReturnable as a result
[04июл.2026 11:23:11.085] [Render thread/DEBUG] [mixin/]: veil.debug.mixins.json:client.DebugKeyboardHandlerMixin from mod veil->@Inject::printChunkDebugKeys(ILorg/spongepowered/asm/mixin/injection/callback/CallbackInfoReturnable;)V doesn't use it's CallbackInfoReturnable
[04июл.2026 11:23:11.085] [Render thread/DEBUG] [mixin/]: veil.debug.mixins.json:client.DebugKeyboardHandlerMixin from mod veil->@Inject::printChunkDebugKeys(ILorg/spongepowered/asm/mixin/injection/callback/CallbackInfoReturnable;)V has 0 override(s) in child classes
[04июл.2026 11:23:11.085] [Render thread/DEBUG] [mixin/]: veil.debug.mixins.json:client.DebugKeyboardHandlerMixin from mod veil->@Inject::printChunkDebugKeys(ILorg/spongepowered/asm/mixin/injection/callback/CallbackInfoReturnable;)V won't be passed a CallbackInfoReturnable as a result
[04июл.2026 11:23:11.085] [Render thread/DEBUG] [mixin/]: veil.debug.mixins.json:client.DebugKeyboardHandlerMixin from mod veil->@Inject::printChunkDebugKeys(ILorg/spongepowered/asm/mixin/injection/callback/CallbackInfoReturnable;)V doesn't use it's CallbackInfoReturnable
[04июл.2026 11:23:11.085] [Render thread/DEBUG] [mixin/]: veil.debug.mixins.json:client.DebugKeyboardHandlerMixin from mod veil->@Inject::printChunkDebugKeys(ILorg/spongepowered/asm/mixin/injection/callback/CallbackInfoReturnable;)V has 0 override(s) in child classes
[04июл.2026 11:23:11.085] [Render thread/DEBUG] [mixin/]: veil.debug.mixins.json:client.DebugKeyboardHandlerMixin from mod veil->@Inject::printChunkDebugKeys(ILorg/spongepowered/asm/mixin/injection/callback/CallbackInfoReturnable;)V won't be passed a CallbackInfoReturnable as a result
[04июл.2026 11:23:11.086] [Render thread/DEBUG] [mixin/]: veil.debug.mixins.json:client.DebugKeyboardHandlerMixin from mod veil->@Inject::printChunkDebugKeys(ILorg/spongepowered/asm/mixin/injection/callback/CallbackInfoReturnable;)V doesn't use it's CallbackInfoReturnable
[04июл.2026 11:23:11.086] [Render thread/DEBUG] [mixin/]: veil.debug.mixins.json:client.DebugKeyboardHandlerMixin from mod veil->@Inject::printChunkDebugKeys(ILorg/spongepowered/asm/mixin/injection/callback/CallbackInfoReturnable;)V has 0 override(s) in child classes
[04июл.2026 11:23:11.086] [Render thread/DEBUG] [mixin/]: veil.debug.mixins.json:client.DebugKeyboardHandlerMixin from mod veil->@Inject::printChunkDebugKeys(ILorg/spongepowered/asm/mixin/injection/callback/CallbackInfoReturnable;)V won't be passed a CallbackInfoReturnable as a result
[04июл.2026 11:23:11.086] [Render thread/DEBUG] [mixin/]: veil.debug.mixins.json:client.DebugKeyboardHandlerMixin from mod veil->@Inject::printChunkDebugKeys(ILorg/spongepowered/asm/mixin/injection/callback/CallbackInfoReturnable;)V doesn't use it's CallbackInfoReturnable
[04июл.2026 11:23:11.086] [Render thread/DEBUG] [mixin/]: veil.debug.mixins.json:client.DebugKeyboardHandlerMixin from mod veil->@Inject::printChunkDebugKeys(ILorg/spongepowered/asm/mixin/injection/callback/CallbackInfoReturnable;)V has 0 override(s) in child classes
[04июл.2026 11:23:11.086] [Render thread/DEBUG] [mixin/]: veil.debug.mixins.json:client.DebugKeyboardHandlerMixin from mod veil->@Inject::printChunkDebugKeys(ILorg/spongepowered/asm/mixin/injection/callback/CallbackInfoReturnable;)V won't be passed a CallbackInfoReturnable as a result
[04июл.2026 11:23:11.086] [Render thread/DEBUG] [mixin/]: veil.debug.mixins.json:client.DebugKeyboardHandlerMixin from mod veil->@Inject::printChunkDebugKeys(ILorg/spongepowered/asm/mixin/injection/callback/CallbackInfoReturnable;)V doesn't use it's CallbackInfoReturnable
[04июл.2026 11:23:11.086] [Render thread/DEBUG] [mixin/]: veil.debug.mixins.json:client.DebugKeyboardHandlerMixin from mod veil->@Inject::printChunkDebugKeys(ILorg/spongepowered/asm/mixin/injection/callback/CallbackInfoReturnable;)V has 0 override(s) in child classes
[04июл.2026 11:23:11.086] [Render thread/DEBUG] [mixin/]: veil.debug.mixins.json:client.DebugKeyboardHandlerMixin from mod veil->@Inject::printChunkDebugKeys(ILorg/spongepowered/asm/mixin/injection/callback/CallbackInfoReturnable;)V won't be passed a CallbackInfoReturnable as a result
[04июл.2026 11:23:11.086] [Render thread/DEBUG] [mixin/]: veil.debug.mixins.json:client.DebugKeyboardHandlerMixin from mod veil->@Inject::printChunkDebugKeys(ILorg/spongepowered/asm/mixin/injection/callback/CallbackInfoReturnable;)V doesn't use it's CallbackInfoReturnable
[04июл.2026 11:23:11.086] [Render thread/DEBUG] [mixin/]: veil.debug.mixins.json:client.DebugKeyboardHandlerMixin from mod veil->@Inject::printChunkDebugKeys(ILorg/spongepowered/asm/mixin/injection/callback/CallbackInfoReturnable;)V has 0 override(s) in child classes
[04июл.2026 11:23:11.086] [Render thread/DEBUG] [mixin/]: veil.debug.mixins.json:client.DebugKeyboardHandlerMixin from mod veil->@Inject::printChunkDebugKeys(ILorg/spongepowered/asm/mixin/injection/callback/CallbackInfoReturnable;)V won't be passed a CallbackInfoReturnable as a result
[04июл.2026 11:23:11.086] [Render thread/DEBUG] [mixin/]: veil.debug.mixins.json:client.DebugKeyboardHandlerMixin from mod veil->@Inject::printChunkDebugKeys(ILorg/spongepowered/asm/mixin/injection/callback/CallbackInfoReturnable;)V doesn't use it's CallbackInfoReturnable
[04июл.2026 11:23:11.086] [Render thread/DEBUG] [mixin/]: veil.debug.mixins.json:client.DebugKeyboardHandlerMixin from mod veil->@Inject::printChunkDebugKeys(ILorg/spongepowered/asm/mixin/injection/callback/CallbackInfoReturnable;)V has 0 override(s) in child classes
[04июл.2026 11:23:11.086] [Render thread/DEBUG] [mixin/]: veil.debug.mixins.json:client.DebugKeyboardHandlerMixin from mod veil->@Inject::printChunkDebugKeys(ILorg/spongepowered/asm/mixin/injection/callback/CallbackInfoReturnable;)V won't be passed a CallbackInfoReturnable as a result
[04июл.2026 11:23:11.086] [Render thread/DEBUG] [mixin/]: veil.debug.mixins.json:client.DebugKeyboardHandlerMixin from mod veil->@Inject::printChunkDebugKeys(ILorg/spongepowered/asm/mixin/injection/callback/CallbackInfoReturnable;)V doesn't use it's CallbackInfoReturnable
[04июл.2026 11:23:11.086] [Render thread/DEBUG] [mixin/]: veil.debug.mixins.json:client.DebugKeyboardHandlerMixin from mod veil->@Inject::printChunkDebugKeys(ILorg/spongepowered/asm/mixin/injection/callback/CallbackInfoReturnable;)V has 0 override(s) in child classes
[04июл.2026 11:23:11.086] [Render thread/DEBUG] [mixin/]: veil.debug.mixins.json:client.DebugKeyboardHandlerMixin from mod veil->@Inject::printChunkDebugKeys(ILorg/spongepowered/asm/mixin/injection/callback/CallbackInfoReturnable;)V won't be passed a CallbackInfoReturnable as a result
[04июл.2026 11:23:11.086] [Render thread/DEBUG] [mixin/]: veil.debug.mixins.json:client.DebugKeyboardHandlerMixin from mod veil->@Inject::printChunkDebugKeys(ILorg/spongepowered/asm/mixin/injection/callback/CallbackInfoReturnable;)V doesn't use it's CallbackInfoReturnable
[04июл.2026 11:23:11.086] [Render thread/DEBUG] [mixin/]: veil.debug.mixins.json:client.DebugKeyboardHandlerMixin from mod veil->@Inject::printChunkDebugKeys(ILorg/spongepowered/asm/mixin/injection/callback/CallbackInfoReturnable;)V has 0 override(s) in child classes
[04июл.2026 11:23:11.086] [Render thread/DEBUG] [mixin/]: veil.debug.mixins.json:client.DebugKeyboardHandlerMixin from mod veil->@Inject::printChunkDebugKeys(ILorg/spongepowered/asm/mixin/injection/callback/CallbackInfoReturnable;)V won't be passed a CallbackInfoReturnable as a result
[04июл.2026 11:23:11.086] [Render thread/DEBUG] [mixin/]: veil.debug.mixins.json:client.DebugKeyboardHandlerMixin from mod veil->@Inject::printChunkDebugKeys(ILorg/spongepowered/asm/mixin/injection/callback/CallbackInfoReturnable;)V doesn't use it's CallbackInfoReturnable
[04июл.2026 11:23:11.086] [Render thread/DEBUG] [mixin/]: veil.debug.mixins.json:client.DebugKeyboardHandlerMixin from mod veil->@Inject::printChunkDebugKeys(ILorg/spongepowered/asm/mixin/injection/callback/CallbackInfoReturnable;)V has 0 override(s) in child classes
[04июл.2026 11:23:11.086] [Render thread/DEBUG] [mixin/]: veil.debug.mixins.json:client.DebugKeyboardHandlerMixin from mod veil->@Inject::printChunkDebugKeys(ILorg/spongepowered/asm/mixin/injection/callback/CallbackInfoReturnable;)V won't be passed a CallbackInfoReturnable as a result
[04июл.2026 11:23:11.086] [Render thread/DEBUG] [mixin/]: veil.debug.mixins.json:client.DebugKeyboardHandlerMixin from mod veil->@Inject::printChunkDebugKeys(ILorg/spongepowered/asm/mixin/injection/callback/CallbackInfoReturnable;)V doesn't use it's CallbackInfoReturnable
[04июл.2026 11:23:11.086] [Render thread/DEBUG] [mixin/]: veil.debug.mixins.json:client.DebugKeyboardHandlerMixin from mod veil->@Inject::printChunkDebugKeys(ILorg/spongepowered/asm/mixin/injection/callback/CallbackInfoReturnable;)V has 0 override(s) in child classes
[04июл.2026 11:23:11.086] [Render thread/DEBUG] [mixin/]: veil.debug.mixins.json:client.DebugKeyboardHandlerMixin from mod veil->@Inject::printChunkDebugKeys(ILorg/spongepowered/asm/mixin/injection/callback/CallbackInfoReturnable;)V won't be passed a CallbackInfoReturnable as a result
[04июл.2026 11:23:11.086] [Render thread/DEBUG] [mixin/]: veil.debug.mixins.json:client.DebugKeyboardHandlerMixin from mod veil->@Inject::printChunkDebugKeys(ILorg/spongepowered/asm/mixin/injection/callback/CallbackInfoReturnable;)V doesn't use it's CallbackInfoReturnable
[04июл.2026 11:23:11.086] [Render thread/DEBUG] [mixin/]: veil.debug.mixins.json:client.DebugKeyboardHandlerMixin from mod veil->@Inject::printChunkDebugKeys(ILorg/spongepowered/asm/mixin/injection/callback/CallbackInfoReturnable;)V has 0 override(s) in child classes
[04июл.2026 11:23:11.086] [Render thread/DEBUG] [mixin/]: veil.debug.mixins.json:client.DebugKeyboardHandlerMixin from mod veil->@Inject::printChunkDebugKeys(ILorg/spongepowered/asm/mixin/injection/callback/CallbackInfoReturnable;)V won't be passed a CallbackInfoReturnable as a result
[04июл.2026 11:23:11.086] [Render thread/DEBUG] [mixin/]: veil.debug.mixins.json:client.DebugKeyboardHandlerMixin from mod veil->@Inject::printChunkDebugKeys(ILorg/spongepowered/asm/mixin/injection/callback/CallbackInfoReturnable;)V doesn't use it's CallbackInfoReturnable
[04июл.2026 11:23:11.086] [Render thread/DEBUG] [mixin/]: veil.debug.mixins.json:client.DebugKeyboardHandlerMixin from mod veil->@Inject::printChunkDebugKeys(ILorg/spongepowered/asm/mixin/injection/callback/CallbackInfoReturnable;)V has 0 override(s) in child classes
[04июл.2026 11:23:11.086] [Render thread/DEBUG] [mixin/]: veil.debug.mixins.json:client.DebugKeyboardHandlerMixin from mod veil->@Inject::printChunkDebugKeys(ILorg/spongepowered/asm/mixin/injection/callback/CallbackInfoReturnable;)V won't be passed a CallbackInfoReturnable as a result
[04июл.2026 11:23:11.086] [Render thread/DEBUG] [mixin/]: veil.debug.mixins.json:client.DebugKeyboardHandlerMixin from mod veil->@Inject::printChunkDebugKeys(ILorg/spongepowered/asm/mixin/injection/callback/CallbackInfoReturnable;)V doesn't use it's CallbackInfoReturnable
[04июл.2026 11:23:11.086] [Render thread/DEBUG] [mixin/]: veil.debug.mixins.json:client.DebugKeyboardHandlerMixin from mod veil->@Inject::printChunkDebugKeys(ILorg/spongepowered/asm/mixin/injection/callback/CallbackInfoReturnable;)V has 0 override(s) in child classes
[04июл.2026 11:23:11.086] [Render thread/DEBUG] [mixin/]: veil.debug.mixins.json:client.DebugKeyboardHandlerMixin from mod veil->@Inject::printChunkDebugKeys(ILorg/spongepowered/asm/mixin/injection/callback/CallbackInfoReturnable;)V won't be passed a CallbackInfoReturnable as a result
[04июл.2026 11:23:11.086] [Render thread/DEBUG] [mixin/]: veil.debug.mixins.json:client.DebugKeyboardHandlerMixin from mod veil->@Inject::printChunkDebugKeys(ILorg/spongepowered/asm/mixin/injection/callback/CallbackInfoReturnable;)V doesn't use it's CallbackInfoReturnable
[04июл.2026 11:23:11.086] [Render thread/DEBUG] [mixin/]: veil.debug.mixins.json:client.DebugKeyboardHandlerMixin from mod veil->@Inject::printChunkDebugKeys(ILorg/spongepowered/asm/mixin/injection/callback/CallbackInfoReturnable;)V has 0 override(s) in child classes
[04июл.2026 11:23:11.086] [Render thread/DEBUG] [mixin/]: veil.debug.mixins.json:client.DebugKeyboardHandlerMixin from mod veil->@Inject::printChunkDebugKeys(ILorg/spongepowered/asm/mixin/injection/callback/CallbackInfoReturnable;)V won't be passed a CallbackInfoReturnable as a result
[04июл.2026 11:23:11.086] [Render thread/DEBUG] [mixin/]: veil.debug.mixins.json:client.DebugKeyboardHandlerMixin from mod veil->@Inject::printChunkDebugKeys(ILorg/spongepowered/asm/mixin/injection/callback/CallbackInfoReturnable;)V doesn't use it's CallbackInfoReturnable
[04июл.2026 11:23:11.086] [Render thread/DEBUG] [mixin/]: veil.debug.mixins.json:client.DebugKeyboardHandlerMixin from mod veil->@Inject::printChunkDebugKeys(ILorg/spongepowered/asm/mixin/injection/callback/CallbackInfoReturnable;)V has 0 override(s) in child classes
[04июл.2026 11:23:11.086] [Render thread/DEBUG] [mixin/]: veil.debug.mixins.json:client.DebugKeyboardHandlerMixin from mod veil->@Inject::printChunkDebugKeys(ILorg/spongepowered/asm/mixin/injection/callback/CallbackInfoReturnable;)V won't be passed a CallbackInfoReturnable as a result
[04июл.2026 11:23:11.086] [Render thread/DEBUG] [mixin/]: simulated.mixins.json:hold_interaction.KeyboardHandlerMixin from mod simulated->@Inject::simulated$preOnPress(JIIIILorg/spongepowered/asm/mixin/injection/callback/CallbackInfo;)V does use it's CallbackInfo
[04июл.2026 11:23:11.113] [Render thread/DEBUG] [mixin/]: Mixing client.DebugGlDebugMixin from veil.debug.mixins.json into com.mojang.blaze3d.platform.GlDebug
[04июл.2026 11:23:11.114] [Render thread/DEBUG] [mixin/]: veil.debug.mixins.json:client.DebugGlDebugMixin from mod veil->@Inject::onGLError(IIIIIJJLorg/spongepowered/asm/mixin/injection/callback/CallbackInfo;)V doesn't use it's CallbackInfo
[04июл.2026 11:23:11.126] [Render thread/DEBUG] [mixin/]: Mixing accessor.RenderStateShardAccessor from veil.rendertype.mixins.json into net.minecraft.client.renderer.RenderStateShard
[04июл.2026 11:23:11.128] [Render thread/DEBUG] [mixin/]: Mixing client.RenderTypeMixin from veil.neoforge.mixins.json into net.minecraft.client.renderer.RenderType
[04июл.2026 11:23:11.128] [Render thread/DEBUG] [mixin/]: Mixing accessor.RenderTypeAccessor from veil.rendertype.mixins.json into net.minecraft.client.renderer.RenderType
[04июл.2026 11:23:11.128] [Render thread/DEBUG] [mixin/]: Mixing client.RenderTypeMixin from veil.rendertype.mixins.json into net.minecraft.client.renderer.RenderType
[04июл.2026 11:23:11.129] [Render thread/DEBUG] [mixin/]: Mixing client.accessor.RenderTypeAccessor from ponder-common.mixins.json into net.minecraft.client.renderer.RenderType
[04июл.2026 11:23:11.129] [Render thread/DEBUG] [mixin/]: ponder-common.mixins.json:client.accessor.RenderTypeAccessor from mod ponder: Class version 65 required is higher than the class version supported by the current version of Mixin (JAVA_17 supports class version 61)
[04июл.2026 11:23:11.129] [Render thread/DEBUG] [mixin/]: Renaming @Invoker method catnip$create(Ljava/lang/String;Lcom/mojang/blaze3d/vertex/VertexFormat;Lcom/mojang/blaze3d/vertex/VertexFormat$Mode;IZZLnet/minecraft/client/renderer/RenderType$CompositeState;)Lnet/minecraft/client/renderer/RenderType$CompositeRenderType; to catnip$create$ponder_$md$ca1030$0 in ponder-common.mixins.json:client.accessor.RenderTypeAccessor from mod ponder
[04июл.2026 11:23:11.129] [Render thread/DEBUG] [mixin/]: veil.neoforge.mixins.json:client.RenderTypeMixin from mod veil->@Inject::injectChunkBufferLayers(Lorg/spongepowered/asm/mixin/injection/callback/CallbackInfoReturnable;)V does use it's CallbackInfoReturnable
[04июл.2026 11:23:11.129] [Render thread/DEBUG] [mixin/]: veil.rendertype.mixins.json:client.RenderTypeMixin from mod veil->@Inject::injectShards(Lorg/spongepowered/asm/mixin/injection/callback/CallbackInfoReturnable;)V does use it's CallbackInfoReturnable
[04июл.2026 11:23:11.133] [Render thread/DEBUG] [mixin/]: Mixing accessor.DebugGameRendererAccessor from veil.debug.mixins.json into net.minecraft.client.renderer.GameRenderer
[04июл.2026 11:23:11.133] [Render thread/DEBUG] [mixin/]: Mixing client.profiler.GameRendererMixin from veil.debug.mixins.json into net.minecraft.client.renderer.GameRenderer
[04июл.2026 11:23:11.133] [Render thread/DEBUG] [mixin/]: Mixing accessor.DynamicBufferGameRendererAccessor from veil.dynamicbuffer.mixins.json into net.minecraft.client.renderer.GameRenderer
[04июл.2026 11:23:11.133] [Render thread/DEBUG] [mixin/]: Mixing client.DynamicBufferGameRendererMixin from veil.dynamicbuffer.mixins.json into net.minecraft.client.renderer.GameRenderer
[04июл.2026 11:23:11.134] [Render thread/DEBUG] [mixin/]: Mixing accessor.GameRendererAccessor from veil.perspective.mixins.json into net.minecraft.client.renderer.GameRenderer
[04июл.2026 11:23:11.134] [Render thread/DEBUG] [mixin/]: Mixing client.PipelineGameRendererMixin from veil.pipeline.mixins.json into net.minecraft.client.renderer.GameRenderer
[04июл.2026 11:23:11.135] [Render thread/DEBUG] [mixin/]: Mixing client.ShaderGameRendererMixin from veil.shader.mixins.json into net.minecraft.client.renderer.GameRenderer
[04июл.2026 11:23:11.136] [Render thread/DEBUG] [mixin/]: Mixing throttle_lever.GameRendererMixin from simulated.mixins.json into net.minecraft.client.renderer.GameRenderer
[04июл.2026 11:23:11.137] [Render thread/DEBUG] [mixin/]: Mixing client.accessor.GameRendererAccessor from ponder-common.mixins.json into net.minecraft.client.renderer.GameRenderer
[04июл.2026 11:23:11.137] [Render thread/DEBUG] [mixin/]: ponder-common.mixins.json:client.accessor.GameRendererAccessor from mod ponder: Class version 65 required is higher than the class version supported by the current version of Mixin (JAVA_17 supports class version 61)
[04июл.2026 11:23:11.137] [Render thread/DEBUG] [mixin/]: Mixing client.GameRendererMixin from create.mixins.json into net.minecraft.client.renderer.GameRenderer
[04июл.2026 11:23:11.137] [Render thread/DEBUG] [mixin/]: Mixing camera.new_camera_types.GameRendererMixin from sable.mixins.json into net.minecraft.client.renderer.GameRenderer
[04июл.2026 11:23:11.137] [Render thread/DEBUG] [mixin/]: Mixing clip_overwrite.GameRendererMixin from sable.mixins.json into net.minecraft.client.renderer.GameRenderer
[04июл.2026 11:23:11.137] [Render thread/DEBUG] [mixin/]: Renaming synthetic method lambda$sable$renderLevel$0(FLjava/lang/Object;)Ldev/ryanhcode/sable/companion/math/Pose3dc; to mdca1030$sable$lambda$sable$renderLevel$0$0 in sable.mixins.json:clip_overwrite.GameRendererMixin from mod sable
[04июл.2026 11:23:11.137] [Render thread/DEBUG] [mixin/]: Mixing config.GameRendererAccessor from sable.mixins.json into net.minecraft.client.renderer.GameRenderer
[04июл.2026 11:23:11.138] [Render thread/DEBUG] [mixin/]: Mixing entity.entities_turn_with_sub_levels.GameRendererMixin from sable.mixins.json into net.minecraft.client.renderer.GameRenderer
[04июл.2026 11:23:11.138] [Render thread/DEBUG] [mixin/]: Mixing water_occlusion.GameRendererMixin from sable.mixins.json into net.minecraft.client.renderer.GameRenderer
[04июл.2026 11:23:11.149] [Render thread/DEBUG] [mixin/]: veil.debug.mixins.json:client.profiler.GameRendererMixin from mod veil->@Inject::preRenderLevel(Lorg/spongepowered/asm/mixin/injection/callback/CallbackInfo;)V doesn't use it's CallbackInfo
[04июл.2026 11:23:11.149] [Render thread/DEBUG] [mixin/]: veil.debug.mixins.json:client.profiler.GameRendererMixin from mod veil->@Inject::preRenderLevel(Lorg/spongepowered/asm/mixin/injection/callback/CallbackInfo;)V has 0 override(s) in child classes
[04июл.2026 11:23:11.149] [Render thread/DEBUG] [mixin/]: veil.debug.mixins.json:client.profiler.GameRendererMixin from mod veil->@Inject::preRenderLevel(Lorg/spongepowered/asm/mixin/injection/callback/CallbackInfo;)V won't be passed a CallbackInfo as a result
[04июл.2026 11:23:11.149] [Render thread/DEBUG] [mixin/]: veil.debug.mixins.json:client.profiler.GameRendererMixin from mod veil->@Inject::preRenderOutline(Lorg/spongepowered/asm/mixin/injection/callback/CallbackInfo;)V doesn't use it's CallbackInfo
[04июл.2026 11:23:11.149] [Render thread/DEBUG] [mixin/]: veil.debug.mixins.json:client.profiler.GameRendererMixin from mod veil->@Inject::preRenderOutline(Lorg/spongepowered/asm/mixin/injection/callback/CallbackInfo;)V has 0 override(s) in child classes
[04июл.2026 11:23:11.149] [Render thread/DEBUG] [mixin/]: veil.debug.mixins.json:client.profiler.GameRendererMixin from mod veil->@Inject::preRenderOutline(Lorg/spongepowered/asm/mixin/injection/callback/CallbackInfo;)V won't be passed a CallbackInfo as a result
[04июл.2026 11:23:11.149] [Render thread/DEBUG] [mixin/]: veil.debug.mixins.json:client.profiler.GameRendererMixin from mod veil->@Inject::preRunPostEffect(Lorg/spongepowered/asm/mixin/injection/callback/CallbackInfo;)V doesn't use it's CallbackInfo
[04июл.2026 11:23:11.149] [Render thread/DEBUG] [mixin/]: veil.debug.mixins.json:client.profiler.GameRendererMixin from mod veil->@Inject::preRunPostEffect(Lorg/spongepowered/asm/mixin/injection/callback/CallbackInfo;)V has 0 override(s) in child classes
[04июл.2026 11:23:11.149] [Render thread/DEBUG] [mixin/]: veil.debug.mixins.json:client.profiler.GameRendererMixin from mod veil->@Inject::preRunPostEffect(Lorg/spongepowered/asm/mixin/injection/callback/CallbackInfo;)V won't be passed a CallbackInfo as a result
[04июл.2026 11:23:11.149] [Render thread/DEBUG] [mixin/]: veil.debug.mixins.json:client.profiler.GameRendererMixin from mod veil->@Inject::postRender(Lorg/spongepowered/asm/mixin/injection/callback/CallbackInfo;)V doesn't use it's CallbackInfo
[04июл.2026 11:23:11.149] [Render thread/DEBUG] [mixin/]: veil.debug.mixins.json:client.profiler.GameRendererMixin from mod veil->@Inject::postRender(Lorg/spongepowered/asm/mixin/injection/callback/CallbackInfo;)V has 0 override(s) in child classes
[04июл.2026 11:23:11.149] [Render thread/DEBUG] [mixin/]: veil.debug.mixins.json:client.profiler.GameRendererMixin from mod veil->@Inject::postRender(Lorg/spongepowered/asm/mixin/injection/callback/CallbackInfo;)V won't be passed a CallbackInfo as a result
[04июл.2026 11:23:11.149] [Render thread/DEBUG] [mixin/]: veil.debug.mixins.json:client.profiler.GameRendererMixin from mod veil->@Inject::preRenderGui(Lorg/spongepowered/asm/mixin/injection/callback/CallbackInfo;)V doesn't use it's CallbackInfo
[04июл.2026 11:23:11.149] [Render thread/DEBUG] [mixin/]: veil.debug.mixins.json:client.profiler.GameRendererMixin from mod veil->@Inject::preRenderGui(Lorg/spongepowered/asm/mixin/injection/callback/CallbackInfo;)V has 0 override(s) in child classes
[04июл.2026 11:23:11.149] [Render thread/DEBUG] [mixin/]: veil.debug.mixins.json:client.profiler.GameRendererMixin from mod veil->@Inject::preRenderGui(Lorg/spongepowered/asm/mixin/injection/callback/CallbackInfo;)V won't be passed a CallbackInfo as a result
[04июл.2026 11:23:11.149] [Render thread/DEBUG] [mixin/]: veil.debug.mixins.json:client.profiler.GameRendererMixin from mod veil->@Inject::postRenderGui(Lorg/spongepowered/asm/mixin/injection/callback/CallbackInfo;)V doesn't use it's CallbackInfo
[04июл.2026 11:23:11.149] [Render thread/DEBUG] [mixin/]: veil.debug.mixins.json:client.profiler.GameRendererMixin from mod veil->@Inject::postRenderGui(Lorg/spongepowered/asm/mixin/injection/callback/CallbackInfo;)V has 0 override(s) in child classes
[04июл.2026 11:23:11.149] [Render thread/DEBUG] [mixin/]: veil.debug.mixins.json:client.profiler.GameRendererMixin from mod veil->@Inject::postRenderGui(Lorg/spongepowered/asm/mixin/injection/callback/CallbackInfo;)V won't be passed a CallbackInfo as a result
[04июл.2026 11:23:11.149] [Render thread/DEBUG] [mixin/]: veil.dynamicbuffer.mixins.json:client.DynamicBufferGameRendererMixin from mod veil->@Inject::reloadShaders(Lnet/minecraft/server/packs/resources/ResourceProvider;Lorg/spongepowered/asm/mixin/injection/callback/CallbackInfo;)V doesn't use it's CallbackInfo
[04июл.2026 11:23:11.149] [Render thread/DEBUG] [mixin/]: veil.dynamicbuffer.mixins.json:client.DynamicBufferGameRendererMixin from mod veil->@Inject::reloadShaders(Lnet/minecraft/server/packs/resources/ResourceProvider;Lorg/spongepowered/asm/mixin/injection/callback/CallbackInfo;)V has 0 override(s) in child classes
[04июл.2026 11:23:11.149] [Render thread/DEBUG] [mixin/]: veil.dynamicbuffer.mixins.json:client.DynamicBufferGameRendererMixin from mod veil->@Inject::reloadShaders(Lnet/minecraft/server/packs/resources/ResourceProvider;Lorg/spongepowered/asm/mixin/injection/callback/CallbackInfo;)V won't be passed a CallbackInfo as a result
[04июл.2026 11:23:11.149] [Render thread/DEBUG] [mixin/]: veil.pipeline.mixins.json:client.PipelineGameRendererMixin from mod veil->@Inject::renderLevelStart(Lorg/spongepowered/asm/mixin/injection/callback/CallbackInfo;)V doesn't use it's CallbackInfo
[04июл.2026 11:23:11.149] [Render thread/DEBUG] [mixin/]: veil.pipeline.mixins.json:client.PipelineGameRendererMixin from mod veil->@Inject::renderLevelStart(Lorg/spongepowered/asm/mixin/injection/callback/CallbackInfo;)V has 0 override(s) in child classes
[04июл.2026 11:23:11.149] [Render thread/DEBUG] [mixin/]: veil.pipeline.mixins.json:client.PipelineGameRendererMixin from mod veil->@Inject::renderLevelStart(Lorg/spongepowered/asm/mixin/injection/callback/CallbackInfo;)V won't be passed a CallbackInfo as a result
[04июл.2026 11:23:11.149] [Render thread/DEBUG] [mixin/]: veil.pipeline.mixins.json:client.PipelineGameRendererMixin from mod veil->@Inject::bobViewSetup(Lorg/spongepowered/asm/mixin/injection/callback/CallbackInfo;)V doesn't use it's CallbackInfo
[04июл.2026 11:23:11.149] [Render thread/DEBUG] [mixin/]: veil.pipeline.mixins.json:client.PipelineGameRendererMixin from mod veil->@Inject::bobViewSetup(Lorg/spongepowered/asm/mixin/injection/callback/CallbackInfo;)V has 0 override(s) in child classes
[04июл.2026 11:23:11.149] [Render thread/DEBUG] [mixin/]: veil.pipeline.mixins.json:client.PipelineGameRendererMixin from mod veil->@Inject::bobViewSetup(Lorg/spongepowered/asm/mixin/injection/callback/CallbackInfo;)V won't be passed a CallbackInfo as a result
[04июл.2026 11:23:11.149] [Render thread/DEBUG] [mixin/]: veil.pipeline.mixins.json:client.PipelineGameRendererMixin from mod veil->@Inject::bobViewClear(Lorg/spongepowered/asm/mixin/injection/callback/CallbackInfo;)V doesn't use it's CallbackInfo
[04июл.2026 11:23:11.149] [Render thread/DEBUG] [mixin/]: veil.pipeline.mixins.json:client.PipelineGameRendererMixin from mod veil->@Inject::bobViewClear(Lorg/spongepowered/asm/mixin/injection/callback/CallbackInfo;)V has 0 override(s) in child classes
[04июл.2026 11:23:11.149] [Render thread/DEBUG] [mixin/]: veil.pipeline.mixins.json:client.PipelineGameRendererMixin from mod veil->@Inject::bobViewClear(Lorg/spongepowered/asm/mixin/injection/callback/CallbackInfo;)V won't be passed a CallbackInfo as a result
[04июл.2026 11:23:11.149] [Render thread/DEBUG] [mixin/]: ArgsClassGenerator assigning org.spongepowered.asm.synthetic.args.Args$1 for descriptor (FFF)V
[04июл.2026 11:23:11.150] [Render thread/DEBUG] [mixin/]: veil.pipeline.mixins.json:client.PipelineGameRendererMixin from mod veil->@Inject::resizeListener(Lorg/spongepowered/asm/mixin/injection/callback/CallbackInfo;)V doesn't use it's CallbackInfo
[04июл.2026 11:23:11.150] [Render thread/DEBUG] [mixin/]: veil.pipeline.mixins.json:client.PipelineGameRendererMixin from mod veil->@Inject::resizeListener(Lorg/spongepowered/asm/mixin/injection/callback/CallbackInfo;)V has 0 override(s) in child classes
[04июл.2026 11:23:11.150] [Render thread/DEBUG] [mixin/]: veil.pipeline.mixins.json:client.PipelineGameRendererMixin from mod veil->@Inject::resizeListener(Lorg/spongepowered/asm/mixin/injection/callback/CallbackInfo;)V won't be passed a CallbackInfo as a result
[04июл.2026 11:23:11.150] [Render thread/DEBUG] [mixin/]: veil.pipeline.mixins.json:client.PipelineGameRendererMixin from mod veil->@Inject::renderPost(Lorg/spongepowered/asm/mixin/injection/callback/CallbackInfo;)V doesn't use it's CallbackInfo
[04июл.2026 11:23:11.150] [Render thread/DEBUG] [mixin/]: veil.pipeline.mixins.json:client.PipelineGameRendererMixin from mod veil->@Inject::renderPost(Lorg/spongepowered/asm/mixin/injection/callback/CallbackInfo;)V has 0 override(s) in child classes
[04июл.2026 11:23:11.150] [Render thread/DEBUG] [mixin/]: veil.pipeline.mixins.json:client.PipelineGameRendererMixin from mod veil->@Inject::renderPost(Lorg/spongepowered/asm/mixin/injection/callback/CallbackInfo;)V won't be passed a CallbackInfo as a result
[04июл.2026 11:23:11.150] [Render thread/DEBUG] [mixin/]: veil.pipeline.mixins.json:client.PipelineGameRendererMixin from mod veil->@Inject::updateGuiCamera(Lorg/spongepowered/asm/mixin/injection/callback/CallbackInfo;)V doesn't use it's CallbackInfo
[04июл.2026 11:23:11.150] [Render thread/DEBUG] [mixin/]: veil.pipeline.mixins.json:client.PipelineGameRendererMixin from mod veil->@Inject::updateGuiCamera(Lorg/spongepowered/asm/mixin/injection/callback/CallbackInfo;)V has 0 override(s) in child classes
[04июл.2026 11:23:11.150] [Render thread/DEBUG] [mixin/]: veil.pipeline.mixins.json:client.PipelineGameRendererMixin from mod veil->@Inject::updateGuiCamera(Lorg/spongepowered/asm/mixin/injection/callback/CallbackInfo;)V won't be passed a CallbackInfo as a result
[04июл.2026 11:23:11.150] [Render thread/DEBUG] [mixin/]: veil.pipeline.mixins.json:client.PipelineGameRendererMixin from mod veil->@Inject::unbindGuiCamera(Lorg/spongepowered/asm/mixin/injection/callback/CallbackInfo;)V doesn't use it's CallbackInfo
[04июл.2026 11:23:11.150] [Render thread/DEBUG] [mixin/]: veil.pipeline.mixins.json:client.PipelineGameRendererMixin from mod veil->@Inject::unbindGuiCamera(Lorg/spongepowered/asm/mixin/injection/callback/CallbackInfo;)V has 0 override(s) in child classes
[04июл.2026 11:23:11.150] [Render thread/DEBUG] [mixin/]: veil.pipeline.mixins.json:client.PipelineGameRendererMixin from mod veil->@Inject::unbindGuiCamera(Lorg/spongepowered/asm/mixin/injection/callback/CallbackInfo;)V won't be passed a CallbackInfo as a result
[04июл.2026 11:23:11.150] [Render thread/DEBUG] [mixin/]: veil.pipeline.mixins.json:client.PipelineGameRendererMixin from mod veil->@Inject::unbindFirstPerson(Lorg/spongepowered/asm/mixin/injection/callback/CallbackInfo;)V doesn't use it's CallbackInfo
[04июл.2026 11:23:11.150] [Render thread/DEBUG] [mixin/]: veil.pipeline.mixins.json:client.PipelineGameRendererMixin from mod veil->@Inject::unbindFirstPerson(Lorg/spongepowered/asm/mixin/injection/callback/CallbackInfo;)V has 0 override(s) in child classes
[04июл.2026 11:23:11.150] [Render thread/DEBUG] [mixin/]: veil.pipeline.mixins.json:client.PipelineGameRendererMixin from mod veil->@Inject::unbindFirstPerson(Lorg/spongepowered/asm/mixin/injection/callback/CallbackInfo;)V won't be passed a CallbackInfo as a result
[04июл.2026 11:23:11.150] [Render thread/DEBUG] [mixin/]: veil.pipeline.mixins.json:client.PipelineGameRendererMixin from mod veil->@Inject::free(Lorg/spongepowered/asm/mixin/injection/callback/CallbackInfo;)V doesn't use it's CallbackInfo
[04июл.2026 11:23:11.150] [Render thread/DEBUG] [mixin/]: veil.pipeline.mixins.json:client.PipelineGameRendererMixin from mod veil->@Inject::free(Lorg/spongepowered/asm/mixin/injection/callback/CallbackInfo;)V has 0 override(s) in child classes
[04июл.2026 11:23:11.150] [Render thread/DEBUG] [mixin/]: veil.pipeline.mixins.json:client.PipelineGameRendererMixin from mod veil->@Inject::free(Lorg/spongepowered/asm/mixin/injection/callback/CallbackInfo;)V won't be passed a CallbackInfo as a result
[04июл.2026 11:23:11.150] [Render thread/DEBUG] [mixin/]: veil.shader.mixins.json:client.ShaderGameRendererMixin from mod veil->@Inject::replaceShaders(Lorg/spongepowered/asm/mixin/injection/callback/CallbackInfo;)V doesn't use it's CallbackInfo
[04июл.2026 11:23:11.150] [Render thread/DEBUG] [mixin/]: veil.shader.mixins.json:client.ShaderGameRendererMixin from mod veil->@Inject::replaceShaders(Lorg/spongepowered/asm/mixin/injection/callback/CallbackInfo;)V has 0 override(s) in child classes
[04июл.2026 11:23:11.150] [Render thread/DEBUG] [mixin/]: veil.shader.mixins.json:client.ShaderGameRendererMixin from mod veil->@Inject::replaceShaders(Lorg/spongepowered/asm/mixin/injection/callback/CallbackInfo;)V won't be passed a CallbackInfo as a result
[04июл.2026 11:23:11.150] [Render thread/DEBUG] [mixin/]: simulated.mixins.json:throttle_lever.GameRendererMixin from mod simulated->@Inject::simulated$pickThrottleLever(FLorg/spongepowered/asm/mixin/injection/callback/CallbackInfo;)V doesn't use it's CallbackInfo
[04июл.2026 11:23:11.150] [Render thread/DEBUG] [mixin/]: simulated.mixins.json:throttle_lever.GameRendererMixin from mod simulated->@Inject::simulated$pickThrottleLever(FLorg/spongepowered/asm/mixin/injection/callback/CallbackInfo;)V has 0 override(s) in child classes
[04июл.2026 11:23:11.150] [Render thread/DEBUG] [mixin/]: simulated.mixins.json:throttle_lever.GameRendererMixin from mod simulated->@Inject::simulated$pickThrottleLever(FLorg/spongepowered/asm/mixin/injection/callback/CallbackInfo;)V won't be passed a CallbackInfo as a result
[04июл.2026 11:23:11.150] [Render thread/DEBUG] [mixin/]: create.mixins.json:client.GameRendererMixin from mod create->@Inject::create$bigShapePick(Lorg/spongepowered/asm/mixin/injection/callback/CallbackInfo;)V doesn't use it's CallbackInfo
[04июл.2026 11:23:11.150] [Render thread/DEBUG] [mixin/]: create.mixins.json:client.GameRendererMixin from mod create->@Inject::create$bigShapePick(Lorg/spongepowered/asm/mixin/injection/callback/CallbackInfo;)V has 0 override(s) in child classes
[04июл.2026 11:23:11.150] [Render thread/DEBUG] [mixin/]: create.mixins.json:client.GameRendererMixin from mod create->@Inject::create$bigShapePick(Lorg/spongepowered/asm/mixin/injection/callback/CallbackInfo;)V won't be passed a CallbackInfo as a result
[04июл.2026 11:23:11.150] [Render thread/DEBUG] [mixin/]: sable.mixins.json:camera.new_camera_types.GameRendererMixin from mod sable->@Inject::sable$setupCamera(Lnet/minecraft/client/DeltaTracker;Lorg/spongepowered/asm/mixin/injection/callback/CallbackInfo;)V doesn't use it's CallbackInfo
[04июл.2026 11:23:11.150] [Render thread/DEBUG] [mixin/]: sable.mixins.json:camera.new_camera_types.GameRendererMixin from mod sable->@Inject::sable$setupCamera(Lnet/minecraft/client/DeltaTracker;Lorg/spongepowered/asm/mixin/injection/callback/CallbackInfo;)V has 0 override(s) in child classes
[04июл.2026 11:23:11.150] [Render thread/DEBUG] [mixin/]: sable.mixins.json:camera.new_camera_types.GameRendererMixin from mod sable->@Inject::sable$setupCamera(Lnet/minecraft/client/DeltaTracker;Lorg/spongepowered/asm/mixin/injection/callback/CallbackInfo;)V won't be passed a CallbackInfo as a result
[04июл.2026 11:23:11.150] [Render thread/DEBUG] [mixin/]: sable.mixins.json:entity.entities_turn_with_sub_levels.GameRendererMixin from mod sable->@Inject::renderLevel(Lnet/minecraft/client/DeltaTracker;Lorg/spongepowered/asm/mixin/injection/callback/CallbackInfo;)V doesn't use it's CallbackInfo
[04июл.2026 11:23:11.150] [Render thread/DEBUG] [mixin/]: sable.mixins.json:entity.entities_turn_with_sub_levels.GameRendererMixin from mod sable->@Inject::renderLevel(Lnet/minecraft/client/DeltaTracker;Lorg/spongepowered/asm/mixin/injection/callback/CallbackInfo;)V has 0 override(s) in child classes
[04июл.2026 11:23:11.150] [Render thread/DEBUG] [mixin/]: sable.mixins.json:entity.entities_turn_with_sub_levels.GameRendererMixin from mod sable->@Inject::renderLevel(Lnet/minecraft/client/DeltaTracker;Lorg/spongepowered/asm/mixin/injection/callback/CallbackInfo;)V won't be passed a CallbackInfo as a result
[04июл.2026 11:23:11.150] [Render thread/DEBUG] [mixin/]: sable.mixins.json:water_occlusion.GameRendererMixin from mod sable->@Inject::sable$updateWaterOcclusionManager(Lnet/minecraft/client/DeltaTracker;ZLorg/spongepowered/asm/mixin/injection/callback/CallbackInfo;)V doesn't use it's CallbackInfo
[04июл.2026 11:23:11.150] [Render thread/DEBUG] [mixin/]: sable.mixins.json:water_occlusion.GameRendererMixin from mod sable->@Inject::sable$updateWaterOcclusionManager(Lnet/minecraft/client/DeltaTracker;ZLorg/spongepowered/asm/mixin/injection/callback/CallbackInfo;)V has 0 override(s) in child classes
[04июл.2026 11:23:11.150] [Render thread/DEBUG] [mixin/]: sable.mixins.json:water_occlusion.GameRendererMixin from mod sable->@Inject::sable$updateWaterOcclusionManager(Lnet/minecraft/client/DeltaTracker;ZLorg/spongepowered/asm/mixin/injection/callback/CallbackInfo;)V won't be passed a CallbackInfo as a result
[04июл.2026 11:23:11.150] [Render thread/DEBUG] [mixin/]: Unexpected: Registered method getShaders()Ljava/util/Map; in net.minecraft.client.renderer.GameRenderer was not merged
[04июл.2026 11:23:11.150] [Render thread/DEBUG] [mixin/]: Unexpected: Registered method getShaders()Ljava/util/Map; in net.minecraft.client.renderer.GameRenderer was not merged
[04июл.2026 11:23:11.155] [Render thread/DEBUG] [mixin/]: Mixing client.ShaderInstanceMixin from veil.shader.mixins.json into net.minecraft.client.renderer.ShaderInstance
[04июл.2026 11:23:11.155] [Render thread/DEBUG] [mixin/]: Renaming synthetic method lambda$updateLocations$0(Lcom/mojang/blaze3d/shaders/Uniform;)Z to mdca1030$veil$lambda$updateLocations$0$0 in veil.shader.mixins.json:client.ShaderInstanceMixin from mod veil
[04июл.2026 11:23:11.160] [Render thread/DEBUG] [mixin/]: Mixing client.DynamicBufferShaderInstanceMixin from veil.dynamicbuffer.mixins.json into net.minecraft.client.renderer.ShaderInstance
[04июл.2026 11:23:11.163] [Render thread/DEBUG] [mixin/]: Mixing client.PipelineShaderInstanceMixin from veil.pipeline.mixins.json into net.minecraft.client.renderer.ShaderInstance
[04июл.2026 11:23:11.163] [Render thread/DEBUG] [mixin/]: Renaming synthetic method lambda$static$1(I)[Ljava/lang/String; to mdca1030$veil$lambda$static$1$1 in veil.pipeline.mixins.json:client.PipelineShaderInstanceMixin from mod veil
[04июл.2026 11:23:11.163] [Render thread/DEBUG] [mixin/]: Renaming synthetic method lambda$static$0(Lnet/minecraft/core/Direction;)Ljava/lang/String; to mdca1030$veil$lambda$static$0$2 in veil.pipeline.mixins.json:client.PipelineShaderInstanceMixin from mod veil
[04июл.2026 11:23:11.170] [Render thread/DEBUG] [mixin/]: veil.shader.mixins.json:client.ShaderInstanceMixin from mod veil->@Inject::veil$cancelDummyProgram(Lnet/minecraft/server/packs/resources/ResourceProvider;Lcom/mojang/blaze3d/shaders/Program$Type;Ljava/lang/String;Lorg/spongepowered/asm/mixin/injection/callback/CallbackInfoReturnable;)V does use it's CallbackInfoReturnable
[04июл.2026 11:23:11.170] [Render thread/DEBUG] [mixin/]: veil.shader.mixins.json:client.ShaderInstanceMixin from mod veil->@Inject::veil$setupFallbackProcessor(Lnet/minecraft/server/packs/resources/ResourceProvider;Lcom/mojang/blaze3d/shaders/Program$Type;Ljava/lang/String;Lorg/spongepowered/asm/mixin/injection/callback/CallbackInfoReturnable;)V doesn't use it's CallbackInfoReturnable
[04июл.2026 11:23:11.170] [Render thread/DEBUG] [mixin/]: veil.shader.mixins.json:client.ShaderInstanceMixin from mod veil->@Inject::veil$clearFallbackProcessor(Lorg/spongepowered/asm/mixin/injection/callback/CallbackInfoReturnable;)V doesn't use it's CallbackInfoReturnable
[04июл.2026 11:23:11.170] [Render thread/DEBUG] [mixin/]: veil.shader.mixins.json:client.ShaderInstanceMixin from mod veil->@Inject::close(Lorg/spongepowered/asm/mixin/injection/callback/CallbackInfo;)V doesn't use it's CallbackInfo
[04июл.2026 11:23:11.170] [Render thread/DEBUG] [mixin/]: veil.shader.mixins.json:client.ShaderInstanceMixin from mod veil->@Inject::close(Lorg/spongepowered/asm/mixin/injection/callback/CallbackInfo;)V has 0 override(s) in child classes
[04июл.2026 11:23:11.170] [Render thread/DEBUG] [mixin/]: veil.shader.mixins.json:client.ShaderInstanceMixin from mod veil->@Inject::close(Lorg/spongepowered/asm/mixin/injection/callback/CallbackInfo;)V won't be passed a CallbackInfo as a result
[04июл.2026 11:23:11.170] [Render thread/DEBUG] [mixin/]: veil.shader.mixins.json:client.ShaderInstanceMixin from mod veil->@Inject::apply(Lorg/spongepowered/asm/mixin/injection/callback/CallbackInfo;)V doesn't use it's CallbackInfo
[04июл.2026 11:23:11.170] [Render thread/DEBUG] [mixin/]: veil.shader.mixins.json:client.ShaderInstanceMixin from mod veil->@Inject::apply(Lorg/spongepowered/asm/mixin/injection/callback/CallbackInfo;)V has 0 override(s) in child classes
[04июл.2026 11:23:11.170] [Render thread/DEBUG] [mixin/]: veil.shader.mixins.json:client.ShaderInstanceMixin from mod veil->@Inject::apply(Lorg/spongepowered/asm/mixin/injection/callback/CallbackInfo;)V won't be passed a CallbackInfo as a result
[04июл.2026 11:23:11.170] [Render thread/DEBUG] [mixin/]: veil.shader.mixins.json:client.ShaderInstanceMixin from mod veil->@Inject::clearSamplerLocations(Lorg/spongepowered/asm/mixin/injection/callback/CallbackInfo;)V doesn't use it's CallbackInfo
[04июл.2026 11:23:11.170] [Render thread/DEBUG] [mixin/]: veil.shader.mixins.json:client.ShaderInstanceMixin from mod veil->@Inject::clearSamplerLocations(Lorg/spongepowered/asm/mixin/injection/callback/CallbackInfo;)V has 0 override(s) in child classes
[04июл.2026 11:23:11.170] [Render thread/DEBUG] [mixin/]: veil.shader.mixins.json:client.ShaderInstanceMixin from mod veil->@Inject::clearSamplerLocations(Lorg/spongepowered/asm/mixin/injection/callback/CallbackInfo;)V won't be passed a CallbackInfo as a result
[04июл.2026 11:23:11.170] [Render thread/DEBUG] [mixin/]: veil.shader.mixins.json:client.ShaderInstanceMixin from mod veil->@Inject::updateLocations(Lorg/spongepowered/asm/mixin/injection/callback/CallbackInfo;)V doesn't use it's CallbackInfo
[04июл.2026 11:23:11.170] [Render thread/DEBUG] [mixin/]: veil.shader.mixins.json:client.ShaderInstanceMixin from mod veil->@Inject::updateLocations(Lorg/spongepowered/asm/mixin/injection/callback/CallbackInfo;)V has 0 override(s) in child classes
[04июл.2026 11:23:11.170] [Render thread/DEBUG] [mixin/]: veil.shader.mixins.json:client.ShaderInstanceMixin from mod veil->@Inject::updateLocations(Lorg/spongepowered/asm/mixin/injection/callback/CallbackInfo;)V won't be passed a CallbackInfo as a result
[04июл.2026 11:23:11.170] [Render thread/DEBUG] [mixin/]: veil.dynamicbuffer.mixins.json:client.DynamicBufferShaderInstanceMixin from mod veil->@Inject::init(Lorg/spongepowered/asm/mixin/injection/callback/CallbackInfo;)V doesn't use it's CallbackInfo
[04июл.2026 11:23:11.170] [Render thread/DEBUG] [mixin/]: veil.dynamicbuffer.mixins.json:client.DynamicBufferShaderInstanceMixin from mod veil->@Inject::init(Lorg/spongepowered/asm/mixin/injection/callback/CallbackInfo;)V has 0 override(s) in child classes
[04июл.2026 11:23:11.170] [Render thread/DEBUG] [mixin/]: veil.dynamicbuffer.mixins.json:client.DynamicBufferShaderInstanceMixin from mod veil->@Inject::init(Lorg/spongepowered/asm/mixin/injection/callback/CallbackInfo;)V won't be passed a CallbackInfo as a result
[04июл.2026 11:23:11.170] [Render thread/DEBUG] [mixin/]: veil.dynamicbuffer.mixins.json:client.DynamicBufferShaderInstanceMixin from mod veil->@Inject::apply(Lorg/spongepowered/asm/mixin/injection/callback/CallbackInfo;)V doesn't use it's CallbackInfo
[04июл.2026 11:23:11.170] [Render thread/DEBUG] [mixin/]: veil.dynamicbuffer.mixins.json:client.DynamicBufferShaderInstanceMixin from mod veil->@Inject::apply(Lorg/spongepowered/asm/mixin/injection/callback/CallbackInfo;)V has 0 override(s) in child classes
[04июл.2026 11:23:11.170] [Render thread/DEBUG] [mixin/]: veil.dynamicbuffer.mixins.json:client.DynamicBufferShaderInstanceMixin from mod veil->@Inject::apply(Lorg/spongepowered/asm/mixin/injection/callback/CallbackInfo;)V won't be passed a CallbackInfo as a result
[04июл.2026 11:23:11.170] [Render thread/DEBUG] [mixin/]: veil.dynamicbuffer.mixins.json:client.DynamicBufferShaderInstanceMixin from mod veil->@Inject::close(Lorg/spongepowered/asm/mixin/injection/callback/CallbackInfo;)V doesn't use it's CallbackInfo
[04июл.2026 11:23:11.170] [Render thread/DEBUG] [mixin/]: veil.dynamicbuffer.mixins.json:client.DynamicBufferShaderInstanceMixin from mod veil->@Inject::close(Lorg/spongepowered/asm/mixin/injection/callback/CallbackInfo;)V has 0 override(s) in child classes
[04июл.2026 11:23:11.170] [Render thread/DEBUG] [mixin/]: veil.dynamicbuffer.mixins.json:client.DynamicBufferShaderInstanceMixin from mod veil->@Inject::close(Lorg/spongepowered/asm/mixin/injection/callback/CallbackInfo;)V won't be passed a CallbackInfo as a result
[04июл.2026 11:23:11.170] [Render thread/DEBUG] [mixin/]: veil.pipeline.mixins.json:client.PipelineShaderInstanceMixin from mod veil->@Inject::setDefaultUniforms(Lcom/mojang/blaze3d/vertex/VertexFormat$Mode;Lorg/joml/Matrix4f;Lorg/joml/Matrix4f;Lcom/mojang/blaze3d/platform/Window;Lorg/spongepowered/asm/mixin/injection/callback/CallbackInfo;)V doesn't use it's CallbackInfo
[04июл.2026 11:23:11.170] [Render thread/DEBUG] [mixin/]: veil.pipeline.mixins.json:client.PipelineShaderInstanceMixin from mod veil->@Inject::setDefaultUniforms(Lcom/mojang/blaze3d/vertex/VertexFormat$Mode;Lorg/joml/Matrix4f;Lorg/joml/Matrix4f;Lcom/mojang/blaze3d/platform/Window;Lorg/spongepowered/asm/mixin/injection/callback/CallbackInfo;)V has 0 override(s) in child classes
[04июл.2026 11:23:11.170] [Render thread/DEBUG] [mixin/]: veil.pipeline.mixins.json:client.PipelineShaderInstanceMixin from mod veil->@Inject::setDefaultUniforms(Lcom/mojang/blaze3d/vertex/VertexFormat$Mode;Lorg/joml/Matrix4f;Lorg/joml/Matrix4f;Lcom/mojang/blaze3d/platform/Window;Lorg/spongepowered/asm/mixin/injection/callback/CallbackInfo;)V won't be passed a CallbackInfo as a result
[04июл.2026 11:23:11.174] [Render thread/DEBUG] [mixin/]: Mixing accessor.ResourceTextureAtlasAccessor from veil.resource.mixins.json into net.minecraft.client.renderer.texture.TextureAtlas
[04июл.2026 11:23:11.174] [Render thread/DEBUG] [mixin/]: Mixing client.ResourceTextureAtlasMixin from veil.resource.mixins.json into net.minecraft.client.renderer.texture.TextureAtlas
[04июл.2026 11:23:11.186] [Render thread/DEBUG] [mixin/]: Mixing accessor.PipelineReloadableResourceManagerAccessor from veil.pipeline.mixins.json into net.minecraft.server.packs.resources.ReloadableResourceManager
[04июл.2026 11:23:11.200] [Render thread/DEBUG] [net.neoforged.fml.ModWorkManager/LOADING]: Using 20 threads for parallel mod-loading
[04июл.2026 11:23:11.207] [Render thread/DEBUG] [net.neoforged.fml.javafmlmod.FMLModContainer/LOADING]: Creating FMLModContainer instance for [foundry.veil.forge.VeilForge, foundry.veil.forge.VeilForgeClient]
[04июл.2026 11:23:11.208] [Render thread/DEBUG] [net.neoforged.fml.javafmlmod.FMLModContainer/LOADING]: Creating FMLModContainer instance for [dev.simulated_team.simulated.neoforge.SimulatedNeoForge, dev.simulated_team.simulated.neoforge.SimulatedNeoForgeClient]
[04июл.2026 11:23:11.209] [Render thread/DEBUG] [net.neoforged.fml.javafmlmod.FMLModContainer/LOADING]: Creating FMLModContainer instance for [com.jesz.createdieselgenerators.CreateDieselGenerators]
[04июл.2026 11:23:11.209] [Render thread/DEBUG] [net.neoforged.fml.javafmlmod.FMLModContainer/LOADING]: Creating FMLModContainer instance for [mezz.jei.neoforge.JustEnoughItems]
[04июл.2026 11:23:11.210] [Render thread/DEBUG] [net.neoforged.fml.javafmlmod.FMLModContainer/LOADING]: Creating FMLModContainer instance for [dev.eriksonn.aeronautics.neoforge.AeronauticsNeoForge, dev.eriksonn.aeronautics.neoforge.AeronauticsNeoForgeClient]
[04июл.2026 11:23:11.210] [Render thread/DEBUG] [net.neoforged.fml.lowcodemod.LowCodeModContainer/LOADING]: Creating LowCodeModContainer for aeronautics_bundled
[04июл.2026 11:23:11.210] [Render thread/DEBUG] [net.neoforged.fml.javafmlmod.FMLModContainer/LOADING]: Creating FMLModContainer instance for [com.ruby.mod.create_additional_energy_sourses.Create_additional_energy_sourses]
[04июл.2026 11:23:11.211] [Render thread/DEBUG] [net.neoforged.fml.javafmlmod.FMLModContainer/LOADING]: Creating FMLModContainer instance for []
[04июл.2026 11:23:11.211] [Render thread/DEBUG] [net.neoforged.fml.javafmlmod.FMLModContainer/LOADING]: Creating FMLModContainer instance for [dev.engine_room.flywheel.impl.FlywheelNeoForge]
[04июл.2026 11:23:11.211] [Render thread/DEBUG] [net.neoforged.fml.javafmlmod.FMLModContainer/LOADING]: Creating FMLModContainer instance for [net.createmod.ponder.NeoForgePonder, net.createmod.ponder.NeoForgePonderClient]
[04июл.2026 11:23:11.211] [Render thread/DEBUG] [net.neoforged.fml.javafmlmod.FMLModContainer/LOADING]: Creating FMLModContainer instance for [com.simibubi.create.Create, com.simibubi.create.CreateClient]
[04июл.2026 11:23:11.212] [Render thread/DEBUG] [net.neoforged.fml.javafmlmod.FMLModContainer/LOADING]: Creating FMLModContainer instance for [dev.ryanhcode.sable.neoforge.SableNeoForge, dev.ryanhcode.sable.neoforge.SableNeoForgeClient]
[04июл.2026 11:23:11.212] [Render thread/DEBUG] [net.neoforged.fml.javafmlmod.FMLModContainer/LOADING]: Creating FMLModContainer instance for [dev.ryanhcode.offroad.neoforge.OffroadNeoForge, dev.ryanhcode.offroad.neoforge.OffroadNeoForgeClient]
[04июл.2026 11:23:11.213] [Render thread/DEBUG] [net.neoforged.fml.javafmlmod.FMLModContainer/LOADING]: Creating FMLModContainer instance for [net.neoforged.neoforge.common.NeoForgeMod, net.neoforged.neoforge.client.ClientNeoForgeMod]
[04июл.2026 11:23:11.216] [modloading-worker-0/INFO] [Veil/]: Veil is initializing.
[04июл.2026 11:23:11.216] [modloading-worker-0/DEBUG] [mixin/]: Mixing DeferredRegisterMixin from veil.neoforge.mixins.json into net.neoforged.neoforge.registries.DeferredRegister
[04июл.2026 11:23:11.216] [modloading-worker-0/DEBUG] [net.neoforged.fml.javafmlmod.AutomaticEventSubscriber/LOADING]: Attempting to inject @EventBusSubscriber classes into the eventbus for sablecompanion
[04июл.2026 11:23:11.216] [modloading-worker-0/DEBUG] [mixin/]: Renaming synthetic method lambda$register$0(Ljava/util/function/Function;Lnet/minecraft/resources/ResourceLocation;)Ljava/lang/Object; to mdca1030$veil$lambda$register$0$0 in veil.neoforge.mixins.json:DeferredRegisterMixin from mod veil
[04июл.2026 11:23:11.222] [modloading-worker-0/DEBUG] [mixin/]: Mixing extra_kinetics.auto_orientation.FixAutoOrientationMixin from simulated.mixins.json into com.simibubi.create.content.kinetics.base.HorizontalKineticBlock
[04июл.2026 11:23:11.224] [modloading-worker-0/DEBUG] [mixin/]: Mixing extra_kinetics.KineticBlockMixin from simulated.mixins.json into com.simibubi.create.content.kinetics.base.KineticBlock
[04июл.2026 11:23:11.224] [modloading-worker-0/DEBUG] [mixin/]: simulated.mixins.json:extra_kinetics.KineticBlockMixin from mod simulated->@Inject::extraKineticsReset(Lnet/minecraft/world/level/block/state/BlockState;Lnet/minecraft/world/level/LevelAccessor;Lnet/minecraft/core/BlockPos;IILorg/spongepowered/asm/mixin/injection/callback/CallbackInfo;)V doesn't use it's CallbackInfo
[04июл.2026 11:23:11.224] [modloading-worker-0/DEBUG] [mixin/]: simulated.mixins.json:extra_kinetics.KineticBlockMixin from mod simulated->@Inject::extraKineticsReset(Lnet/minecraft/world/level/block/state/BlockState;Lnet/minecraft/world/level/LevelAccessor;Lnet/minecraft/core/BlockPos;IILorg/spongepowered/asm/mixin/injection/callback/CallbackInfo;)V has 0 override(s) in child classes
[04июл.2026 11:23:11.224] [modloading-worker-0/DEBUG] [mixin/]: simulated.mixins.json:extra_kinetics.KineticBlockMixin from mod simulated->@Inject::extraKineticsReset(Lnet/minecraft/world/level/block/state/BlockState;Lnet/minecraft/world/level/LevelAccessor;Lnet/minecraft/core/BlockPos;IILorg/spongepowered/asm/mixin/injection/callback/CallbackInfo;)V won't be passed a CallbackInfo as a result
[04июл.2026 11:23:11.232] [modloading-worker-0/DEBUG] [mixin/]: Mixing extra_kinetics.auto_orientation.FixAutoOrientationMixin from simulated.mixins.json into com.simibubi.create.content.kinetics.base.DirectionalAxisKineticBlock
[04июл.2026 11:23:11.233] [modloading-worker-0/DEBUG] [net.neoforged.fml.config.ConfigTracker/CONFIG]: Config file jei-server.toml for jei tracking
[04июл.2026 11:23:11.232] [modloading-worker-0/ERROR] [net.neoforged.fml.javafmlmod.FMLModContainer/LOADING]: Failed to create mod instance. ModID: create_additional_energy_sourses, class com.ruby.mod.create_additional_energy_sourses.Create_additional_energy_sourses
java.lang.ExceptionInInitializerError: null
	at TRANSFORMER/create_additional_energy_sourses@1.0.0/com.ruby.mod.create_additional_energy_sourses.Create_additional_energy_sourses.<init>(Create_additional_energy_sourses.java:40) ~[%23199!/:?]
	at java.base/jdk.internal.reflect.DirectConstructorHandleAccessor.newInstance(DirectConstructorHandleAccessor.java:62) ~[?:?]
	at java.base/java.lang.reflect.Constructor.newInstanceWithCaller(Constructor.java:502) ~[?:?]
	at java.base/java.lang.reflect.Constructor.newInstance(Constructor.java:486) ~[?:?]
	at MC-BOOTSTRAP/fml_loader@4.0.42/net.neoforged.fml.javafmlmod.FMLModContainer.constructMod(FMLModContainer.java:115) ~[loader-4.0.42.jar%23150!/:4.0]
	at MC-BOOTSTRAP/fml_loader@4.0.42/net.neoforged.fml.ModLoader.lambda$constructMods$3(ModLoader.java:153) ~[loader-4.0.42.jar%23150!/:4.0]
	at MC-BOOTSTRAP/fml_loader@4.0.42/net.neoforged.fml.ModLoader.lambda$dispatchParallelTask$7(ModLoader.java:231) ~[loader-4.0.42.jar%23150!/:4.0]
	at java.base/java.util.concurrent.CompletableFuture.uniHandle(CompletableFuture.java:934) [?:?]
	at java.base/java.util.concurrent.CompletableFuture$UniHandle.tryFire(CompletableFuture.java:911) [?:?]
	at java.base/java.util.concurrent.CompletableFuture$Completion.exec(CompletableFuture.java:483) [?:?]
	at java.base/java.util.concurrent.ForkJoinTask.doExec(ForkJoinTask.java:387) [?:?]
	at java.base/java.util.concurrent.ForkJoinPool$WorkQueue.topLevelExec(ForkJoinPool.java:1312) [?:?]
	at java.base/java.util.concurrent.ForkJoinPool.scan(ForkJoinPool.java:1843) [?:?]
	at java.base/java.util.concurrent.ForkJoinPool.runWorker(ForkJoinPool.java:1808) [?:?]
	at java.base/java.util.concurrent.ForkJoinWorkerThread.run(ForkJoinWorkerThread.java:188) [?:?]
Caused by: java.lang.IllegalArgumentException: Duplicate registration v8_engine
	at TRANSFORMER/neoforge@21.1.227/net.neoforged.neoforge.registries.DeferredRegister.register(DeferredRegister.java:235) ~[neoforge-21.1.227.jar%23197!/:?]
	at TRANSFORMER/neoforge@21.1.227/net.neoforged.neoforge.registries.DeferredRegister.register(DeferredRegister.java:215) ~[neoforge-21.1.227.jar%23197!/:?]
	at TRANSFORMER/create_additional_energy_sourses@1.0.0/com.ruby.mod.create_additional_energy_sourses.ModBlocks.<clinit>(ModBlocks.java:70) ~[?:?]
	... 15 more
[04июл.2026 11:23:11.234] [modloading-worker-0/DEBUG] [net.neoforged.fml.config.ConfigTracker/CONFIG]: Config file flywheel-client.toml for flywheel tracking
[04июл.2026 11:23:11.235] [modloading-worker-0/DEBUG] [mixin/]: Mixing extra_kinetics.auto_orientation.FixAutoOrientationMixin from simulated.mixins.json into com.simibubi.create.content.kinetics.base.DirectionalKineticBlock
[04июл.2026 11:23:11.243] [modloading-worker-0/DEBUG] [net.neoforged.neoforge.internal.versions.neoforge.NeoForgeVersion/CORE]: Found NeoForge version 21.1.227
[04июл.2026 11:23:11.244] [modloading-worker-0/DEBUG] [net.neoforged.neoforge.internal.versions.neoforge.NeoForgeVersion/CORE]: Found FML version 4.0.42
[04июл.2026 11:23:11.244] [modloading-worker-0/INFO] [net.neoforged.neoforge.common.NeoForgeMod/NEOFORGE-MOD]: NeoForge mod loading, version 21.1.227, for MC 1.21.1
[04июл.2026 11:23:11.250] [modloading-worker-0/DEBUG] [mixin/]: Mixing client.DebugVertexFormatMixin from veil.debug.mixins.json into com.mojang.blaze3d.vertex.VertexFormat
[04июл.2026 11:23:11.251] [modloading-worker-0/DEBUG] [mixin/]: veil.debug.mixins.json:client.DebugVertexFormatMixin from mod veil->@Inject::nameImmediateDrawVertexBuffer(Lorg/spongepowered/asm/mixin/injection/callback/CallbackInfoReturnable;)V doesn't use it's CallbackInfoReturnable
[04июл.2026 11:23:11.251] [modloading-worker-0/DEBUG] [mixin/]: veil.debug.mixins.json:client.DebugVertexFormatMixin from mod veil->@Inject::nameImmediateDrawVertexBuffer(Lorg/spongepowered/asm/mixin/injection/callback/CallbackInfoReturnable;)V has 0 override(s) in child classes
[04июл.2026 11:23:11.251] [modloading-worker-0/DEBUG] [mixin/]: veil.debug.mixins.json:client.DebugVertexFormatMixin from mod veil->@Inject::nameImmediateDrawVertexBuffer(Lorg/spongepowered/asm/mixin/injection/callback/CallbackInfoReturnable;)V won't be passed a CallbackInfoReturnable as a result
[04июл.2026 11:23:11.253] [modloading-worker-0/DEBUG] [mixin/]: Mixing extra_kinetics.auto_orientation.FixAutoOrientationStaticMixin from simulated.mixins.json into com.simibubi.create.content.kinetics.base.RotatedPillarKineticBlock
[04июл.2026 11:23:11.257] [modloading-worker-0/DEBUG] [net.neoforged.fml.config.ConfigTracker/CONFIG]: Config file neoforge-client.toml for neoforge tracking
[04июл.2026 11:23:11.257] [modloading-worker-0/DEBUG] [net.neoforged.fml.config.ConfigTracker/CONFIG]: Config file neoforge-server.toml for neoforge tracking
[04июл.2026 11:23:11.257] [modloading-worker-0/DEBUG] [net.neoforged.fml.config.ConfigTracker/CONFIG]: Config file neoforge-common.toml for neoforge tracking
[04июл.2026 11:23:11.266] [modloading-worker-0/DEBUG] [mixin/]: Mixing client.CompositeStateMixin from veil.rendertype.mixins.json into net.minecraft.client.renderer.RenderType$CompositeState
[04июл.2026 11:23:11.269] [modloading-worker-0/DEBUG] [mixin/]: Mixing accessor.BlockLootSubProviderAccessor from create.mixins.json into net.minecraft.data.loot.BlockLootSubProvider
[04июл.2026 11:23:11.272] [modloading-worker-0/DEBUG] [mixin/]: Mixing client.CompositeStateBuilderMixin from veil.rendertype.mixins.json into net.minecraft.client.renderer.RenderType$CompositeState$CompositeStateBuilder
[04июл.2026 11:23:11.274] [modloading-worker-0/DEBUG] [mixin/]: veil.rendertype.mixins.json:client.CompositeStateBuilderMixin from mod veil->@Inject::addLayers(Lorg/spongepowered/asm/mixin/injection/callback/CallbackInfoReturnable;)V does use it's CallbackInfoReturnable
[04июл.2026 11:23:11.307] [modloading-worker-0/DEBUG] [mixin/]: Mixing extra_kinetics.auto_orientation.FixAutoOrientationStaticMixin from simulated.mixins.json into com.simibubi.create.content.kinetics.base.HorizontalAxisKineticBlock
[04июл.2026 11:23:11.310] [modloading-worker-0/DEBUG] [mixin/]: Mixing client.accessor.ItemRendererAccessor from ponder-common.mixins.json into net.minecraft.client.renderer.entity.ItemRenderer
[04июл.2026 11:23:11.310] [modloading-worker-0/DEBUG] [mixin/]: ponder-common.mixins.json:client.accessor.ItemRendererAccessor from mod ponder: Class version 65 required is higher than the class version supported by the current version of Mixin (JAVA_17 supports class version 61)
[04июл.2026 11:23:11.313] [modloading-worker-0/DEBUG] [mezz.jei.common.platform.Services/]: Loaded mezz.jei.neoforge.platform.PlatformHelper@6d1566e2 for service interface mezz.jei.common.platform.IPlatformHelper
[04июл.2026 11:23:11.321] [modloading-worker-0/DEBUG] [net.neoforged.fml.javafmlmod.AutomaticEventSubscriber/LOADING]: Attempting to inject @EventBusSubscriber classes into the eventbus for flywheel
[04июл.2026 11:23:11.322] [modloading-worker-0/DEBUG] [mezz.jei.common.config.file.ConfigSerializer/]: Loading config file: C:\Users\Kostya\Documents\GitHub\create_AES\runs\client\config\jei\jei-debug.ini
[04июл.2026 11:23:11.322] [modloading-worker-0/DEBUG] [mixin/]: Mixing client.DynamicBufferLevelRendererMixin from veil.dynamicbuffer.mixins.json into net.minecraft.client.renderer.LevelRenderer
[04июл.2026 11:23:11.324] [modloading-worker-0/DEBUG] [mixin/]: Mixing render.vanilla.LevelRendererMixin from aeronautics.mixins.json into net.minecraft.client.renderer.LevelRenderer
[04июл.2026 11:23:11.324] [modloading-worker-0/DEBUG] [mixin/]: aeronautics.mixins.json:render.vanilla.LevelRendererMixin from mod aeronautics: Class version 65 required is higher than the class version supported by the current version of Mixin (JAVA_18 supports class version 62)
[04июл.2026 11:23:11.325] [modloading-worker-0/DEBUG] [mixin/]: Mixing accessor.DebugLevelRendererAccessor from veil.debug.mixins.json into net.minecraft.client.renderer.LevelRenderer
[04июл.2026 11:23:11.326] [modloading-worker-0/DEBUG] [mixin/]: Mixing client.DebugLevelRendererMixin from veil.debug.mixins.json into net.minecraft.client.renderer.LevelRenderer
[04июл.2026 11:23:11.326] [modloading-worker-0/DEBUG] [mixin/]: Mixing client.NecromancerLevelRendererMixin from veil.necromancer.mixins.json into net.minecraft.client.renderer.LevelRenderer
[04июл.2026 11:23:11.326] [modloading-worker-0/DEBUG] [mixin/]: Mixing client.PerformanceLevelRendererMixin from veil.performance.mixins.json into net.minecraft.client.renderer.LevelRenderer
[04июл.2026 11:23:11.327] [modloading-worker-0/DEBUG] [mixin/]: Mixing accessor.LevelRendererAccessor from veil.perspective.mixins.json into net.minecraft.client.renderer.LevelRenderer
[04июл.2026 11:23:11.327] [modloading-worker-0/DEBUG] [mixin/]: Mixing client.PipelineLevelRendererMixin from veil.pipeline.mixins.json into net.minecraft.client.renderer.LevelRenderer
[04июл.2026 11:23:11.331] [modloading-worker-0/DEBUG] [mixin/]: Mixing client.debug.vanilla.DebugLevelRendererMixin from veil.neoforge.mixins.json into net.minecraft.client.renderer.LevelRenderer
[04июл.2026 11:23:11.332] [modloading-worker-0/DEBUG] [mixin/]: Mixing client.dynamicbuffer.LevelRendererMixin from veil.neoforge.mixins.json into net.minecraft.client.renderer.LevelRenderer
[04июл.2026 11:23:11.332] [modloading-worker-0/DEBUG] [mixin/]: Mixing client.perspective.vanilla.LevelRendererMixin from veil.neoforge.mixins.json into net.minecraft.client.renderer.LevelRenderer
[04июл.2026 11:23:11.334] [modloading-worker-0/DEBUG] [mixin/]: Mixing accessor.LevelRendererAccessor from simulated.mixins.json into net.minecraft.client.renderer.LevelRenderer
[04июл.2026 11:23:11.334] [modloading-worker-0/DEBUG] [mixin/]: Renaming @Invoker method invokeRenderShape(Lcom/mojang/blaze3d/vertex/PoseStack;Lcom/mojang/blaze3d/vertex/VertexConsumer;Lnet/minecraft/world/phys/shapes/VoxelShape;DDDFFFF)V to invokeRenderShape$simulated_$md$ca1030$0 in simulated.mixins.json:accessor.LevelRendererAccessor from mod simulated
[04июл.2026 11:23:11.334] [modloading-worker-0/DEBUG] [mixin/]: Mixing end_sea.LevelRendererMixin from simulated.mixins.json into net.minecraft.client.renderer.LevelRenderer
[04июл.2026 11:23:11.334] [modloading-worker-0/DEBUG] [mixin/]: Mixing rope.LevelRendererMixin from simulated.mixins.json into net.minecraft.client.renderer.LevelRenderer
[04июл.2026 11:23:11.334] [modloading-worker-0/DEBUG] [mixin/]: Mixing LevelRendererAccessor from flywheel.backend.mixins.json into net.minecraft.client.renderer.LevelRenderer
[04июл.2026 11:23:11.334] [modloading-worker-0/DEBUG] [mixin/]: Mixing fix.FixFabulousDepthMixin from flywheel.impl.mixins.json into net.minecraft.client.renderer.LevelRenderer
[04июл.2026 11:23:11.335] [modloading-worker-0/DEBUG] [mixin/]: Mixing visualmanage.LevelRendererMixin from flywheel.impl.mixins.json into net.minecraft.client.renderer.LevelRenderer
[04июл.2026 11:23:11.335] [modloading-worker-0/DEBUG] [mixin/]: Mixing accessor.LevelRendererAccessor from create.mixins.json into net.minecraft.client.renderer.LevelRenderer
[04июл.2026 11:23:11.335] [modloading-worker-0/DEBUG] [mixin/]: Mixing client.LevelRendererMixin from create.mixins.json into net.minecraft.client.renderer.LevelRenderer
[04июл.2026 11:23:11.335] [modloading-worker-0/DEBUG] [mixin/]: Renaming synthetic method lambda$create$onDestroyBlockProgress$0(J)Ljava/util/SortedSet; to mdca1030$create$lambda$create$onDestroyBlockProgress$0$1 in create.mixins.json:client.LevelRendererMixin from mod create
[04июл.2026 11:23:11.337] [modloading-worker-0/DEBUG] [mixin/]: Mixing block_decal_render.LevelRendererMixin from sable.mixins.json into net.minecraft.client.renderer.LevelRenderer
[04июл.2026 11:23:11.339] [modloading-worker-0/DEBUG] [mixin/]: Mixing debug_render.LevelRendererMixin from sable.mixins.json into net.minecraft.client.renderer.LevelRenderer
[04июл.2026 11:23:11.340] [modloading-worker-0/DEBUG] [mixin/]: Mixing entity.entity_rendering.LevelRendererMixin from sable.mixins.json into net.minecraft.client.renderer.LevelRenderer
[04июл.2026 11:23:11.342] [modloading-worker-0/DEBUG] [mixin/]: Mixing particle.LevelRendererMixin from sable.mixins.json into net.minecraft.client.renderer.LevelRenderer
[04июл.2026 11:23:11.342] [modloading-worker-0/DEBUG] [mixin/]: Mixing sky_light_shadow.LevelRendererMixin from sable.mixins.json into net.minecraft.client.renderer.LevelRenderer
[04июл.2026 11:23:11.342] [modloading-worker-0/DEBUG] [mixin/]: Mixing stop_rain.LevelRenderMixin from sable.mixins.json into net.minecraft.client.renderer.LevelRenderer
[04июл.2026 11:23:11.343] [modloading-worker-0/DEBUG] [mixin/]: Mixing sublevel_render.LevelRendererMixin from sable.mixins.json into net.minecraft.client.renderer.LevelRenderer
[04июл.2026 11:23:11.345] [modloading-worker-0/DEBUG] [mixin/]: Mixing sublevel_render.block_entity_render.LevelRendererMixin from sable.mixins.json into net.minecraft.client.renderer.LevelRenderer
[04июл.2026 11:23:11.346] [modloading-worker-0/DEBUG] [mixin/]: Mixing sublevel_render.impl.vanilla.water_occlusion.LevelRendererMixin from sable.mixins.json into net.minecraft.client.renderer.LevelRenderer
[04июл.2026 11:23:11.346] [modloading-worker-0/DEBUG] [mixin/]: Mixing client.multimining_destruction_progress.LevelRenderMixin from offroad.mixins.json into net.minecraft.client.renderer.LevelRenderer
[04июл.2026 11:23:11.346] [modloading-worker-0/DEBUG] [mixin/]: offroad.mixins.json:client.multimining_destruction_progress.LevelRenderMixin from mod offroad: Class version 65 required is higher than the class version supported by the current version of Mixin (JAVA_18 supports class version 62)
[04июл.2026 11:23:11.346] [modloading-worker-0/DEBUG] [mixin/]: Renaming synthetic method lambda$offroad$manuallyAddMultiDestructionProgress$2(J)Ljava/util/SortedSet; to mdca1030$offroad$lambda$offroad$manuallyAddMultiDestructionProgress$2$2 in offroad.mixins.json:client.multimining_destruction_progress.LevelRenderMixin from mod offroad
[04июл.2026 11:23:11.346] [modloading-worker-0/DEBUG] [mixin/]: Renaming synthetic method lambda$offroad$manuallyAddMultiDestructionProgress$1(ILjava/util/Map$Entry;Lnet/minecraft/core/BlockPos;)Lnet/minecraft/server/level/BlockDestructionProgress; to mdca1030$offroad$lambda$offroad$manuallyAddMultiDestructionProgress$1$3 in offroad.mixins.json:client.multimining_destruction_progress.LevelRenderMixin from mod offroad
[04июл.2026 11:23:11.346] [modloading-worker-0/DEBUG] [mixin/]: Renaming synthetic method lambda$offroad$manuallyAddMultiDestructionProgress$0(II)Lnet/minecraft/server/level/BlockDestructionProgress; to mdca1030$offroad$lambda$offroad$manuallyAddMultiDestructionProgress$0$4 in offroad.mixins.json:client.multimining_destruction_progress.LevelRenderMixin from mod offroad
[04июл.2026 11:23:11.348] [modloading-worker-0/DEBUG] [mixin/]: Mixing LevelRendererMixin from flywheel.impl.mixins.json into net.minecraft.client.renderer.LevelRenderer
[04июл.2026 11:23:11.348] [modloading-worker-0/DEBUG] [mixin/]: Mixing sublevel_render.impl.vanilla.LevelRendererMixin from sable.mixins.json into net.minecraft.client.renderer.LevelRenderer
[04июл.2026 11:23:11.350] [modloading-worker-0/DEBUG] [mixin/]: Mixing block_entity_visible.LevelRendererMixin from sable-neoforge.mixins.json into net.minecraft.client.renderer.LevelRenderer
[04июл.2026 11:23:11.351] [modloading-worker-0/DEBUG] [mixin/]: Mixing block_outline_render.LevelRendererMixin from sable-neoforge.mixins.json into net.minecraft.client.renderer.LevelRenderer
[04июл.2026 11:23:11.351] [modloading-worker-0/DEBUG] [mixin/]: Renaming @Unique field sable$orientationStorageLorg/joml/Quaternionf; to fdca1030$sable$sable$orientationStorage$0 in sable-neoforge.mixins.json:block_outline_render.LevelRendererMixin from mod sable
[04июл.2026 11:23:11.398] [modloading-worker-0/DEBUG] [mixin/]: veil.dynamicbuffer.mixins.json:client.DynamicBufferLevelRendererMixin from mod veil->@Inject::setupOpaque(Lorg/spongepowered/asm/mixin/injection/callback/CallbackInfo;)V doesn't use it's CallbackInfo
[04июл.2026 11:23:11.398] [modloading-worker-0/DEBUG] [mixin/]: veil.dynamicbuffer.mixins.json:client.DynamicBufferLevelRendererMixin from mod veil->@Inject::setupOpaque(Lorg/spongepowered/asm/mixin/injection/callback/CallbackInfo;)V has 0 override(s) in child classes
[04июл.2026 11:23:11.398] [modloading-worker-0/DEBUG] [mixin/]: veil.dynamicbuffer.mixins.json:client.DynamicBufferLevelRendererMixin from mod veil->@Inject::setupOpaque(Lorg/spongepowered/asm/mixin/injection/callback/CallbackInfo;)V won't be passed a CallbackInfo as a result
[04июл.2026 11:23:11.398] [modloading-worker-0/DEBUG] [mixin/]: veil.dynamicbuffer.mixins.json:client.DynamicBufferLevelRendererMixin from mod veil->@Inject::setRainBlend(Lorg/spongepowered/asm/mixin/injection/callback/CallbackInfo;)V doesn't use it's CallbackInfo
[04июл.2026 11:23:11.398] [modloading-worker-0/DEBUG] [mixin/]: veil.dynamicbuffer.mixins.json:client.DynamicBufferLevelRendererMixin from mod veil->@Inject::setRainBlend(Lorg/spongepowered/asm/mixin/injection/callback/CallbackInfo;)V has 0 override(s) in child classes
[04июл.2026 11:23:11.398] [modloading-worker-0/DEBUG] [mixin/]: veil.dynamicbuffer.mixins.json:client.DynamicBufferLevelRendererMixin from mod veil->@Inject::setRainBlend(Lorg/spongepowered/asm/mixin/injection/callback/CallbackInfo;)V won't be passed a CallbackInfo as a result
[04июл.2026 11:23:11.398] [modloading-worker-0/DEBUG] [mixin/]: veil.dynamicbuffer.mixins.json:client.DynamicBufferLevelRendererMixin from mod veil->@Inject::setRainBlend(Lorg/spongepowered/asm/mixin/injection/callback/CallbackInfo;)V doesn't use it's CallbackInfo
[04июл.2026 11:23:11.398] [modloading-worker-0/DEBUG] [mixin/]: veil.dynamicbuffer.mixins.json:client.DynamicBufferLevelRendererMixin from mod veil->@Inject::setRainBlend(Lorg/spongepowered/asm/mixin/injection/callback/CallbackInfo;)V has 0 override(s) in child classes
[04июл.2026 11:23:11.398] [modloading-worker-0/DEBUG] [mixin/]: veil.dynamicbuffer.mixins.json:client.DynamicBufferLevelRendererMixin from mod veil->@Inject::setRainBlend(Lorg/spongepowered/asm/mixin/injection/callback/CallbackInfo;)V won't be passed a CallbackInfo as a result
[04июл.2026 11:23:11.398] [modloading-worker-0/DEBUG] [mixin/]: veil.dynamicbuffer.mixins.json:client.DynamicBufferLevelRendererMixin from mod veil->@Inject::endOpaque(Lorg/spongepowered/asm/mixin/injection/callback/CallbackInfo;)V doesn't use it's CallbackInfo
[04июл.2026 11:23:11.398] [modloading-worker-0/DEBUG] [mixin/]: veil.dynamicbuffer.mixins.json:client.DynamicBufferLevelRendererMixin from mod veil->@Inject::endOpaque(Lorg/spongepowered/asm/mixin/injection/callback/CallbackInfo;)V has 0 override(s) in child classes
[04июл.2026 11:23:11.398] [modloading-worker-0/DEBUG] [mixin/]: veil.dynamicbuffer.mixins.json:client.DynamicBufferLevelRendererMixin from mod veil->@Inject::endOpaque(Lorg/spongepowered/asm/mixin/injection/callback/CallbackInfo;)V won't be passed a CallbackInfo as a result
[04июл.2026 11:23:11.399] [modloading-worker-0/DEBUG] [mixin/]: veil.dynamicbuffer.mixins.json:client.DynamicBufferLevelRendererMixin from mod veil->@Inject::blit(Lorg/spongepowered/asm/mixin/injection/callback/CallbackInfo;)V doesn't use it's CallbackInfo
[04июл.2026 11:23:11.399] [modloading-worker-0/DEBUG] [mixin/]: veil.dynamicbuffer.mixins.json:client.DynamicBufferLevelRendererMixin from mod veil->@Inject::blit(Lorg/spongepowered/asm/mixin/injection/callback/CallbackInfo;)V has 0 override(s) in child classes
[04июл.2026 11:23:11.399] [modloading-worker-0/DEBUG] [mixin/]: veil.dynamicbuffer.mixins.json:client.DynamicBufferLevelRendererMixin from mod veil->@Inject::blit(Lorg/spongepowered/asm/mixin/injection/callback/CallbackInfo;)V won't be passed a CallbackInfo as a result
[04июл.2026 11:23:11.399] [modloading-worker-0/DEBUG] [mixin/]: aeronautics.mixins.json:render.vanilla.LevelRendererMixin from mod aeronautics->@Inject::aeronautics$setupLevititeShaders(Lnet/minecraft/client/renderer/RenderType;DDDLorg/joml/Matrix4f;Lorg/joml/Matrix4f;Lorg/spongepowered/asm/mixin/injection/callback/CallbackInfo;)V doesn't use it's CallbackInfo
[04июл.2026 11:23:11.399] [modloading-worker-0/DEBUG] [mixin/]: aeronautics.mixins.json:render.vanilla.LevelRendererMixin from mod aeronautics->@Inject::aeronautics$setupLevititeShaders(Lnet/minecraft/client/renderer/RenderType;DDDLorg/joml/Matrix4f;Lorg/joml/Matrix4f;Lorg/spongepowered/asm/mixin/injection/callback/CallbackInfo;)V has 0 override(s) in child classes
[04июл.2026 11:23:11.399] [modloading-worker-0/DEBUG] [mixin/]: aeronautics.mixins.json:render.vanilla.LevelRendererMixin from mod aeronautics->@Inject::aeronautics$setupLevititeShaders(Lnet/minecraft/client/renderer/RenderType;DDDLorg/joml/Matrix4f;Lorg/joml/Matrix4f;Lorg/spongepowered/asm/mixin/injection/callback/CallbackInfo;)V won't be passed a CallbackInfo as a result
[04июл.2026 11:23:11.399] [modloading-worker-0/DEBUG] [mixin/]: aeronautics.mixins.json:render.vanilla.LevelRendererMixin from mod aeronautics->@Inject::aeronautics$cleanupLevititeShaders(Lnet/minecraft/client/renderer/RenderType;DDDLorg/joml/Matrix4f;Lorg/joml/Matrix4f;Lorg/spongepowered/asm/mixin/injection/callback/CallbackInfo;)V doesn't use it's CallbackInfo
[04июл.2026 11:23:11.399] [modloading-worker-0/DEBUG] [mixin/]: aeronautics.mixins.json:render.vanilla.LevelRendererMixin from mod aeronautics->@Inject::aeronautics$cleanupLevititeShaders(Lnet/minecraft/client/renderer/RenderType;DDDLorg/joml/Matrix4f;Lorg/joml/Matrix4f;Lorg/spongepowered/asm/mixin/injection/callback/CallbackInfo;)V has 0 override(s) in child classes
[04июл.2026 11:23:11.399] [modloading-worker-0/DEBUG] [mixin/]: aeronautics.mixins.json:render.vanilla.LevelRendererMixin from mod aeronautics->@Inject::aeronautics$cleanupLevititeShaders(Lnet/minecraft/client/renderer/RenderType;DDDLorg/joml/Matrix4f;Lorg/joml/Matrix4f;Lorg/spongepowered/asm/mixin/injection/callback/CallbackInfo;)V won't be passed a CallbackInfo as a result
[04июл.2026 11:23:11.399] [modloading-worker-0/DEBUG] [mixin/]: veil.debug.mixins.json:client.DebugLevelRendererMixin from mod veil->@Inject::nameDarkSky(Lorg/spongepowered/asm/mixin/injection/callback/CallbackInfo;)V doesn't use it's CallbackInfo
[04июл.2026 11:23:11.399] [modloading-worker-0/DEBUG] [mixin/]: veil.debug.mixins.json:client.DebugLevelRendererMixin from mod veil->@Inject::nameDarkSky(Lorg/spongepowered/asm/mixin/injection/callback/CallbackInfo;)V has 0 override(s) in child classes
[04июл.2026 11:23:11.399] [modloading-worker-0/DEBUG] [mixin/]: veil.debug.mixins.json:client.DebugLevelRendererMixin from mod veil->@Inject::nameDarkSky(Lorg/spongepowered/asm/mixin/injection/callback/CallbackInfo;)V won't be passed a CallbackInfo as a result
[04июл.2026 11:23:11.399] [modloading-worker-0/DEBUG] [mixin/]: veil.debug.mixins.json:client.DebugLevelRendererMixin from mod veil->@Inject::nameLightSky(Lorg/spongepowered/asm/mixin/injection/callback/CallbackInfo;)V doesn't use it's CallbackInfo
[04июл.2026 11:23:11.399] [modloading-worker-0/DEBUG] [mixin/]: veil.debug.mixins.json:client.DebugLevelRendererMixin from mod veil->@Inject::nameLightSky(Lorg/spongepowered/asm/mixin/injection/callback/CallbackInfo;)V has 0 override(s) in child classes
[04июл.2026 11:23:11.399] [modloading-worker-0/DEBUG] [mixin/]: veil.debug.mixins.json:client.DebugLevelRendererMixin from mod veil->@Inject::nameLightSky(Lorg/spongepowered/asm/mixin/injection/callback/CallbackInfo;)V won't be passed a CallbackInfo as a result
[04июл.2026 11:23:11.399] [modloading-worker-0/DEBUG] [mixin/]: veil.debug.mixins.json:client.DebugLevelRendererMixin from mod veil->@Inject::nameStars(Lorg/spongepowered/asm/mixin/injection/callback/CallbackInfo;)V doesn't use it's CallbackInfo
[04июл.2026 11:23:11.399] [modloading-worker-0/DEBUG] [mixin/]: veil.debug.mixins.json:client.DebugLevelRendererMixin from mod veil->@Inject::nameStars(Lorg/spongepowered/asm/mixin/injection/callback/CallbackInfo;)V has 0 override(s) in child classes
[04июл.2026 11:23:11.399] [modloading-worker-0/DEBUG] [mixin/]: veil.debug.mixins.json:client.DebugLevelRendererMixin from mod veil->@Inject::nameStars(Lorg/spongepowered/asm/mixin/injection/callback/CallbackInfo;)V won't be passed a CallbackInfo as a result
[04июл.2026 11:23:11.399] [modloading-worker-0/DEBUG] [mixin/]: veil.necromancer.mixins.json:client.NecromancerLevelRendererMixin from mod veil->@Inject::veil$levelRenderTick(Lorg/spongepowered/asm/mixin/injection/callback/CallbackInfo;)V doesn't use it's CallbackInfo
[04июл.2026 11:23:11.399] [modloading-worker-0/DEBUG] [mixin/]: veil.necromancer.mixins.json:client.NecromancerLevelRendererMixin from mod veil->@Inject::veil$levelRenderTick(Lorg/spongepowered/asm/mixin/injection/callback/CallbackInfo;)V has 0 override(s) in child classes
[04июл.2026 11:23:11.399] [modloading-worker-0/DEBUG] [mixin/]: veil.necromancer.mixins.json:client.NecromancerLevelRendererMixin from mod veil->@Inject::veil$levelRenderTick(Lorg/spongepowered/asm/mixin/injection/callback/CallbackInfo;)V won't be passed a CallbackInfo as a result
[04июл.2026 11:23:11.399] [modloading-worker-0/DEBUG] [mixin/]: veil.pipeline.mixins.json:client.PipelineLevelRendererMixin from mod veil->@Inject::saveFramebuffer(Lorg/spongepowered/asm/mixin/injection/callback/CallbackInfo;)V doesn't use it's CallbackInfo
[04июл.2026 11:23:11.399] [modloading-worker-0/DEBUG] [mixin/]: veil.pipeline.mixins.json:client.PipelineLevelRendererMixin from mod veil->@Inject::saveFramebuffer(Lorg/spongepowered/asm/mixin/injection/callback/CallbackInfo;)V has 0 override(s) in child classes
[04июл.2026 11:23:11.399] [modloading-worker-0/DEBUG] [mixin/]: veil.pipeline.mixins.json:client.PipelineLevelRendererMixin from mod veil->@Inject::saveFramebuffer(Lorg/spongepowered/asm/mixin/injection/callback/CallbackInfo;)V won't be passed a CallbackInfo as a result
[04июл.2026 11:23:11.399] [modloading-worker-0/DEBUG] [mixin/]: veil.pipeline.mixins.json:client.PipelineLevelRendererMixin from mod veil->@Inject::loadFramebuffer(Lorg/spongepowered/asm/mixin/injection/callback/CallbackInfo;)V doesn't use it's CallbackInfo
[04июл.2026 11:23:11.399] [modloading-worker-0/DEBUG] [mixin/]: veil.pipeline.mixins.json:client.PipelineLevelRendererMixin from mod veil->@Inject::loadFramebuffer(Lorg/spongepowered/asm/mixin/injection/callback/CallbackInfo;)V has 0 override(s) in child classes
[04июл.2026 11:23:11.399] [modloading-worker-0/DEBUG] [mixin/]: veil.pipeline.mixins.json:client.PipelineLevelRendererMixin from mod veil->@Inject::loadFramebuffer(Lorg/spongepowered/asm/mixin/injection/callback/CallbackInfo;)V won't be passed a CallbackInfo as a result
[04июл.2026 11:23:11.399] [modloading-worker-0/DEBUG] [mixin/]: veil.pipeline.mixins.json:client.PipelineLevelRendererMixin from mod veil->@Inject::veil$setupLevelCamera(Lnet/minecraft/world/phys/Vec3;Lorg/joml/Matrix4f;Lorg/joml/Matrix4f;Lorg/spongepowered/asm/mixin/injection/callback/CallbackInfo;)V doesn't use it's CallbackInfo
[04июл.2026 11:23:11.399] [modloading-worker-0/DEBUG] [mixin/]: veil.pipeline.mixins.json:client.PipelineLevelRendererMixin from mod veil->@Inject::veil$setupLevelCamera(Lnet/minecraft/world/phys/Vec3;Lorg/joml/Matrix4f;Lorg/joml/Matrix4f;Lorg/spongepowered/asm/mixin/injection/callback/CallbackInfo;)V has 0 override(s) in child classes
[04июл.2026 11:23:11.399] [modloading-worker-0/DEBUG] [mixin/]: veil.pipeline.mixins.json:client.PipelineLevelRendererMixin from mod veil->@Inject::veil$setupLevelCamera(Lnet/minecraft/world/phys/Vec3;Lorg/joml/Matrix4f;Lorg/joml/Matrix4f;Lorg/spongepowered/asm/mixin/injection/callback/CallbackInfo;)V won't be passed a CallbackInfo as a result
[04июл.2026 11:23:11.399] [modloading-worker-0/DEBUG] [mixin/]: veil.pipeline.mixins.json:client.PipelineLevelRendererMixin from mod veil->@Inject::blit(Lorg/spongepowered/asm/mixin/injection/callback/CallbackInfo;)V doesn't use it's CallbackInfo
[04июл.2026 11:23:11.399] [modloading-worker-0/DEBUG] [mixin/]: veil.pipeline.mixins.json:client.PipelineLevelRendererMixin from mod veil->@Inject::blit(Lorg/spongepowered/asm/mixin/injection/callback/CallbackInfo;)V has 0 override(s) in child classes
[04июл.2026 11:23:11.399] [modloading-worker-0/DEBUG] [mixin/]: veil.pipeline.mixins.json:client.PipelineLevelRendererMixin from mod veil->@Inject::blit(Lorg/spongepowered/asm/mixin/injection/callback/CallbackInfo;)V won't be passed a CallbackInfo as a result
[04июл.2026 11:23:11.399] [modloading-worker-0/DEBUG] [mixin/]: veil.pipeline.mixins.json:client.PipelineLevelRendererMixin from mod veil->@Inject::setRainBlend(Lorg/spongepowered/asm/mixin/injection/callback/CallbackInfo;)V doesn't use it's CallbackInfo
[04июл.2026 11:23:11.399] [modloading-worker-0/DEBUG] [mixin/]: veil.pipeline.mixins.json:client.PipelineLevelRendererMixin from mod veil->@Inject::setRainBlend(Lorg/spongepowered/asm/mixin/injection/callback/CallbackInfo;)V has 0 override(s) in child classes
[04июл.2026 11:23:11.399] [modloading-worker-0/DEBUG] [mixin/]: veil.pipeline.mixins.json:client.PipelineLevelRendererMixin from mod veil->@Inject::setRainBlend(Lorg/spongepowered/asm/mixin/injection/callback/CallbackInfo;)V won't be passed a CallbackInfo as a result
[04июл.2026 11:23:11.400] [modloading-worker-0/DEBUG] [mixin/]: veil.pipeline.mixins.json:client.PipelineLevelRendererMixin from mod veil->@Inject::setRainBlend(Lorg/spongepowered/asm/mixin/injection/callback/CallbackInfo;)V doesn't use it's CallbackInfo
[04июл.2026 11:23:11.400] [modloading-worker-0/DEBUG] [mixin/]: veil.pipeline.mixins.json:client.PipelineLevelRendererMixin from mod veil->@Inject::setRainBlend(Lorg/spongepowered/asm/mixin/injection/callback/CallbackInfo;)V has 0 override(s) in child classes
[04июл.2026 11:23:11.400] [modloading-worker-0/DEBUG] [mixin/]: veil.pipeline.mixins.json:client.PipelineLevelRendererMixin from mod veil->@Inject::setRainBlend(Lorg/spongepowered/asm/mixin/injection/callback/CallbackInfo;)V won't be passed a CallbackInfo as a result
[04июл.2026 11:23:11.400] [modloading-worker-0/DEBUG] [mixin/]: veil.pipeline.mixins.json:client.PipelineLevelRendererMixin from mod veil->@Inject::deinitTransparency(Lorg/spongepowered/asm/mixin/injection/callback/CallbackInfo;)V doesn't use it's CallbackInfo
[04июл.2026 11:23:11.400] [modloading-worker-0/DEBUG] [mixin/]: veil.pipeline.mixins.json:client.PipelineLevelRendererMixin from mod veil->@Inject::deinitTransparency(Lorg/spongepowered/asm/mixin/injection/callback/CallbackInfo;)V has 0 override(s) in child classes
[04июл.2026 11:23:11.400] [modloading-worker-0/DEBUG] [mixin/]: veil.pipeline.mixins.json:client.PipelineLevelRendererMixin from mod veil->@Inject::deinitTransparency(Lorg/spongepowered/asm/mixin/injection/callback/CallbackInfo;)V won't be passed a CallbackInfo as a result
[04июл.2026 11:23:11.400] [modloading-worker-0/DEBUG] [mixin/]: veil.pipeline.mixins.json:client.PipelineLevelRendererMixin from mod veil->@Inject::initTransparency(Lorg/spongepowered/asm/mixin/injection/callback/CallbackInfo;)V doesn't use it's CallbackInfo
[04июл.2026 11:23:11.400] [modloading-worker-0/DEBUG] [mixin/]: veil.pipeline.mixins.json:client.PipelineLevelRendererMixin from mod veil->@Inject::initTransparency(Lorg/spongepowered/asm/mixin/injection/callback/CallbackInfo;)V has 0 override(s) in child classes
[04июл.2026 11:23:11.400] [modloading-worker-0/DEBUG] [mixin/]: veil.pipeline.mixins.json:client.PipelineLevelRendererMixin from mod veil->@Inject::initTransparency(Lorg/spongepowered/asm/mixin/injection/callback/CallbackInfo;)V won't be passed a CallbackInfo as a result
[04июл.2026 11:23:11.400] [modloading-worker-0/DEBUG] [mixin/]: veil.pipeline.mixins.json:client.PipelineLevelRendererMixin from mod veil->@Inject::veil$onBlockChanged(Lnet/minecraft/world/level/BlockGetter;Lnet/minecraft/core/BlockPos;Lnet/minecraft/world/level/block/state/BlockState;Lnet/minecraft/world/level/block/state/BlockState;ILorg/spongepowered/asm/mixin/injection/callback/CallbackInfo;)V doesn't use it's CallbackInfo
[04июл.2026 11:23:11.400] [modloading-worker-0/DEBUG] [mixin/]: veil.pipeline.mixins.json:client.PipelineLevelRendererMixin from mod veil->@Inject::veil$onBlockChanged(Lnet/minecraft/world/level/BlockGetter;Lnet/minecraft/core/BlockPos;Lnet/minecraft/world/level/block/state/BlockState;Lnet/minecraft/world/level/block/state/BlockState;ILorg/spongepowered/asm/mixin/injection/callback/CallbackInfo;)V has 0 override(s) in child classes
[04июл.2026 11:23:11.400] [modloading-worker-0/DEBUG] [mixin/]: veil.pipeline.mixins.json:client.PipelineLevelRendererMixin from mod veil->@Inject::veil$onBlockChanged(Lnet/minecraft/world/level/BlockGetter;Lnet/minecraft/core/BlockPos;Lnet/minecraft/world/level/block/state/BlockState;Lnet/minecraft/world/level/block/state/BlockState;ILorg/spongepowered/asm/mixin/injection/callback/CallbackInfo;)V won't be passed a CallbackInfo as a result
[04июл.2026 11:23:11.400] [modloading-worker-0/DEBUG] [mixin/]: veil.pipeline.mixins.json:client.PipelineLevelRendererMixin from mod veil->@Inject::free(Lnet/minecraft/client/multiplayer/ClientLevel;Lorg/spongepowered/asm/mixin/injection/callback/CallbackInfo;)V doesn't use it's CallbackInfo
[04июл.2026 11:23:11.400] [modloading-worker-0/DEBUG] [mixin/]: veil.pipeline.mixins.json:client.PipelineLevelRendererMixin from mod veil->@Inject::free(Lnet/minecraft/client/multiplayer/ClientLevel;Lorg/spongepowered/asm/mixin/injection/callback/CallbackInfo;)V has 0 override(s) in child classes
[04июл.2026 11:23:11.400] [modloading-worker-0/DEBUG] [mixin/]: veil.pipeline.mixins.json:client.PipelineLevelRendererMixin from mod veil->@Inject::free(Lnet/minecraft/client/multiplayer/ClientLevel;Lorg/spongepowered/asm/mixin/injection/callback/CallbackInfo;)V won't be passed a CallbackInfo as a result
[04июл.2026 11:23:11.400] [modloading-worker-0/DEBUG] [mixin/]: veil.pipeline.mixins.json:client.PipelineLevelRendererMixin from mod veil->@Inject::renderExtraSectionLayers(Lnet/minecraft/client/renderer/RenderType;DDDLorg/joml/Matrix4f;Lorg/joml/Matrix4f;Lorg/spongepowered/asm/mixin/injection/callback/CallbackInfo;)V doesn't use it's CallbackInfo
[04июл.2026 11:23:11.400] [modloading-worker-0/DEBUG] [mixin/]: veil.pipeline.mixins.json:client.PipelineLevelRendererMixin from mod veil->@Inject::renderExtraSectionLayers(Lnet/minecraft/client/renderer/RenderType;DDDLorg/joml/Matrix4f;Lorg/joml/Matrix4f;Lorg/spongepowered/asm/mixin/injection/callback/CallbackInfo;)V has 0 override(s) in child classes
[04июл.2026 11:23:11.400] [modloading-worker-0/DEBUG] [mixin/]: veil.pipeline.mixins.json:client.PipelineLevelRendererMixin from mod veil->@Inject::renderExtraSectionLayers(Lnet/minecraft/client/renderer/RenderType;DDDLorg/joml/Matrix4f;Lorg/joml/Matrix4f;Lorg/spongepowered/asm/mixin/injection/callback/CallbackInfo;)V won't be passed a CallbackInfo as a result
[04июл.2026 11:23:11.400] [modloading-worker-0/DEBUG] [mixin/]: veil.neoforge.mixins.json:client.dynamicbuffer.LevelRendererMixin from mod veil->@Inject::beginTranslucent(Lorg/spongepowered/asm/mixin/injection/callback/CallbackInfo;)V doesn't use it's CallbackInfo
[04июл.2026 11:23:11.400] [modloading-worker-0/DEBUG] [mixin/]: veil.neoforge.mixins.json:client.dynamicbuffer.LevelRendererMixin from mod veil->@Inject::beginTranslucent(Lorg/spongepowered/asm/mixin/injection/callback/CallbackInfo;)V has 0 override(s) in child classes
[04июл.2026 11:23:11.400] [modloading-worker-0/DEBUG] [mixin/]: veil.neoforge.mixins.json:client.dynamicbuffer.LevelRendererMixin from mod veil->@Inject::beginTranslucent(Lorg/spongepowered/asm/mixin/injection/callback/CallbackInfo;)V won't be passed a CallbackInfo as a result
[04июл.2026 11:23:11.400] [modloading-worker-0/DEBUG] [mixin/]: veil.neoforge.mixins.json:client.dynamicbuffer.LevelRendererMixin from mod veil->@Inject::preRenderParticles(Lorg/spongepowered/asm/mixin/injection/callback/CallbackInfo;)V doesn't use it's CallbackInfo
[04июл.2026 11:23:11.400] [modloading-worker-0/DEBUG] [mixin/]: veil.neoforge.mixins.json:client.dynamicbuffer.LevelRendererMixin from mod veil->@Inject::preRenderParticles(Lorg/spongepowered/asm/mixin/injection/callback/CallbackInfo;)V has 0 override(s) in child classes
[04июл.2026 11:23:11.400] [modloading-worker-0/DEBUG] [mixin/]: veil.neoforge.mixins.json:client.dynamicbuffer.LevelRendererMixin from mod veil->@Inject::preRenderParticles(Lorg/spongepowered/asm/mixin/injection/callback/CallbackInfo;)V won't be passed a CallbackInfo as a result
[04июл.2026 11:23:11.400] [modloading-worker-0/DEBUG] [mixin/]: veil.neoforge.mixins.json:client.dynamicbuffer.LevelRendererMixin from mod veil->@Inject::preRenderParticles(Lorg/spongepowered/asm/mixin/injection/callback/CallbackInfo;)V doesn't use it's CallbackInfo
[04июл.2026 11:23:11.400] [modloading-worker-0/DEBUG] [mixin/]: veil.neoforge.mixins.json:client.dynamicbuffer.LevelRendererMixin from mod veil->@Inject::preRenderParticles(Lorg/spongepowered/asm/mixin/injection/callback/CallbackInfo;)V has 0 override(s) in child classes
[04июл.2026 11:23:11.400] [modloading-worker-0/DEBUG] [mixin/]: veil.neoforge.mixins.json:client.dynamicbuffer.LevelRendererMixin from mod veil->@Inject::preRenderParticles(Lorg/spongepowered/asm/mixin/injection/callback/CallbackInfo;)V won't be passed a CallbackInfo as a result
[04июл.2026 11:23:11.400] [modloading-worker-0/DEBUG] [mixin/]: veil.neoforge.mixins.json:client.dynamicbuffer.LevelRendererMixin from mod veil->@Inject::preRenderParticles(Lorg/spongepowered/asm/mixin/injection/callback/CallbackInfo;)V doesn't use it's CallbackInfo
[04июл.2026 11:23:11.400] [modloading-worker-0/DEBUG] [mixin/]: veil.neoforge.mixins.json:client.dynamicbuffer.LevelRendererMixin from mod veil->@Inject::preRenderParticles(Lorg/spongepowered/asm/mixin/injection/callback/CallbackInfo;)V has 0 override(s) in child classes
[04июл.2026 11:23:11.400] [modloading-worker-0/DEBUG] [mixin/]: veil.neoforge.mixins.json:client.dynamicbuffer.LevelRendererMixin from mod veil->@Inject::preRenderParticles(Lorg/spongepowered/asm/mixin/injection/callback/CallbackInfo;)V won't be passed a CallbackInfo as a result
[04июл.2026 11:23:11.400] [modloading-worker-0/DEBUG] [mixin/]: veil.neoforge.mixins.json:client.dynamicbuffer.LevelRendererMixin from mod veil->@Inject::postRenderParticles(Lorg/spongepowered/asm/mixin/injection/callback/CallbackInfo;)V doesn't use it's CallbackInfo
[04июл.2026 11:23:11.401] [modloading-worker-0/DEBUG] [mixin/]: veil.neoforge.mixins.json:client.dynamicbuffer.LevelRendererMixin from mod veil->@Inject::postRenderParticles(Lorg/spongepowered/asm/mixin/injection/callback/CallbackInfo;)V has 0 override(s) in child classes
[04июл.2026 11:23:11.401] [modloading-worker-0/DEBUG] [mixin/]: veil.neoforge.mixins.json:client.dynamicbuffer.LevelRendererMixin from mod veil->@Inject::postRenderParticles(Lorg/spongepowered/asm/mixin/injection/callback/CallbackInfo;)V won't be passed a CallbackInfo as a result
[04июл.2026 11:23:11.401] [modloading-worker-0/DEBUG] [mixin/]: veil.neoforge.mixins.json:client.dynamicbuffer.LevelRendererMixin from mod veil->@Inject::postRenderParticles(Lorg/spongepowered/asm/mixin/injection/callback/CallbackInfo;)V doesn't use it's CallbackInfo
[04июл.2026 11:23:11.401] [modloading-worker-0/DEBUG] [mixin/]: veil.neoforge.mixins.json:client.dynamicbuffer.LevelRendererMixin from mod veil->@Inject::postRenderParticles(Lorg/spongepowered/asm/mixin/injection/callback/CallbackInfo;)V has 0 override(s) in child classes
[04июл.2026 11:23:11.401] [modloading-worker-0/DEBUG] [mixin/]: veil.neoforge.mixins.json:client.dynamicbuffer.LevelRendererMixin from mod veil->@Inject::postRenderParticles(Lorg/spongepowered/asm/mixin/injection/callback/CallbackInfo;)V won't be passed a CallbackInfo as a result
[04июл.2026 11:23:11.401] [modloading-worker-0/DEBUG] [mixin/]: veil.neoforge.mixins.json:client.dynamicbuffer.LevelRendererMixin from mod veil->@Inject::postRenderParticles(Lorg/spongepowered/asm/mixin/injection/callback/CallbackInfo;)V doesn't use it's CallbackInfo
[04июл.2026 11:23:11.401] [modloading-worker-0/DEBUG] [mixin/]: veil.neoforge.mixins.json:client.dynamicbuffer.LevelRendererMixin from mod veil->@Inject::postRenderParticles(Lorg/spongepowered/asm/mixin/injection/callback/CallbackInfo;)V has 0 override(s) in child classes
[04июл.2026 11:23:11.401] [modloading-worker-0/DEBUG] [mixin/]: veil.neoforge.mixins.json:client.dynamicbuffer.LevelRendererMixin from mod veil->@Inject::postRenderParticles(Lorg/spongepowered/asm/mixin/injection/callback/CallbackInfo;)V won't be passed a CallbackInfo as a result
[04июл.2026 11:23:11.401] [modloading-worker-0/DEBUG] [mixin/]: veil.neoforge.mixins.json:client.perspective.vanilla.LevelRendererMixin from mod veil->@Inject::setupRender(Lnet/minecraft/client/Camera;Lnet/minecraft/client/renderer/culling/Frustum;ZZLorg/spongepowered/asm/mixin/injection/callback/CallbackInfo;)V does use it's CallbackInfo
[04июл.2026 11:23:11.401] [modloading-worker-0/DEBUG] [mixin/]: veil.neoforge.mixins.json:client.perspective.vanilla.LevelRendererMixin from mod veil->@Inject::resetSections(Lnet/minecraft/client/DeltaTracker;ZLnet/minecraft/client/Camera;Lnet/minecraft/client/renderer/GameRenderer;Lnet/minecraft/client/renderer/LightTexture;Lorg/joml/Matrix4f;Lorg/joml/Matrix4f;Lorg/spongepowered/asm/mixin/injection/callback/CallbackInfo;)V doesn't use it's CallbackInfo
[04июл.2026 11:23:11.401] [modloading-worker-0/DEBUG] [mixin/]: veil.neoforge.mixins.json:client.perspective.vanilla.LevelRendererMixin from mod veil->@Inject::resetSections(Lnet/minecraft/client/DeltaTracker;ZLnet/minecraft/client/Camera;Lnet/minecraft/client/renderer/GameRenderer;Lnet/minecraft/client/renderer/LightTexture;Lorg/joml/Matrix4f;Lorg/joml/Matrix4f;Lorg/spongepowered/asm/mixin/injection/callback/CallbackInfo;)V has 0 override(s) in child classes
[04июл.2026 11:23:11.401] [modloading-worker-0/DEBUG] [mixin/]: veil.neoforge.mixins.json:client.perspective.vanilla.LevelRendererMixin from mod veil->@Inject::resetSections(Lnet/minecraft/client/DeltaTracker;ZLnet/minecraft/client/Camera;Lnet/minecraft/client/renderer/GameRenderer;Lnet/minecraft/client/renderer/LightTexture;Lorg/joml/Matrix4f;Lorg/joml/Matrix4f;Lorg/spongepowered/asm/mixin/injection/callback/CallbackInfo;)V won't be passed a CallbackInfo as a result
[04июл.2026 11:23:11.401] [modloading-worker-0/DEBUG] [mixin/]: simulated.mixins.json:end_sea.LevelRendererMixin from mod simulated->@Inject::renderLevel(Lnet/minecraft/client/DeltaTracker;ZLnet/minecraft/client/Camera;Lnet/minecraft/client/renderer/GameRenderer;Lnet/minecraft/client/renderer/LightTexture;Lorg/joml/Matrix4f;Lorg/joml/Matrix4f;Lorg/spongepowered/asm/mixin/injection/callback/CallbackInfo;)V doesn't use it's CallbackInfo
[04июл.2026 11:23:11.401] [modloading-worker-0/DEBUG] [mixin/]: simulated.mixins.json:end_sea.LevelRendererMixin from mod simulated->@Inject::renderLevel(Lnet/minecraft/client/DeltaTracker;ZLnet/minecraft/client/Camera;Lnet/minecraft/client/renderer/GameRenderer;Lnet/minecraft/client/renderer/LightTexture;Lorg/joml/Matrix4f;Lorg/joml/Matrix4f;Lorg/spongepowered/asm/mixin/injection/callback/CallbackInfo;)V has 0 override(s) in child classes
[04июл.2026 11:23:11.401] [modloading-worker-0/DEBUG] [mixin/]: simulated.mixins.json:end_sea.LevelRendererMixin from mod simulated->@Inject::renderLevel(Lnet/minecraft/client/DeltaTracker;ZLnet/minecraft/client/Camera;Lnet/minecraft/client/renderer/GameRenderer;Lnet/minecraft/client/renderer/LightTexture;Lorg/joml/Matrix4f;Lorg/joml/Matrix4f;Lorg/spongepowered/asm/mixin/injection/callback/CallbackInfo;)V won't be passed a CallbackInfo as a result
[04июл.2026 11:23:11.401] [modloading-worker-0/DEBUG] [mixin/]: simulated.mixins.json:rope.LevelRendererMixin from mod simulated->@Inject::sable$cancelBlockHitOutline(Lcom/mojang/blaze3d/vertex/PoseStack;Lcom/mojang/blaze3d/vertex/VertexConsumer;Lnet/minecraft/world/entity/Entity;DDDLnet/minecraft/core/BlockPos;Lnet/minecraft/world/level/block/state/BlockState;Lorg/spongepowered/asm/mixin/injection/callback/CallbackInfo;)V does use it's CallbackInfo
[04июл.2026 11:23:11.401] [modloading-worker-0/DEBUG] [mixin/]: flywheel.impl.mixins.json:fix.FixFabulousDepthMixin from mod flywheel->@Inject::flywheel$disableTransparencyShaderDepth(Lorg/spongepowered/asm/mixin/injection/callback/CallbackInfo;)V doesn't use it's CallbackInfo
[04июл.2026 11:23:11.401] [modloading-worker-0/DEBUG] [mixin/]: flywheel.impl.mixins.json:fix.FixFabulousDepthMixin from mod flywheel->@Inject::flywheel$disableTransparencyShaderDepth(Lorg/spongepowered/asm/mixin/injection/callback/CallbackInfo;)V has 0 override(s) in child classes
[04июл.2026 11:23:11.401] [modloading-worker-0/DEBUG] [mixin/]: flywheel.impl.mixins.json:fix.FixFabulousDepthMixin from mod flywheel->@Inject::flywheel$disableTransparencyShaderDepth(Lorg/spongepowered/asm/mixin/injection/callback/CallbackInfo;)V won't be passed a CallbackInfo as a result
[04июл.2026 11:23:11.402] [modloading-worker-0/DEBUG] [mixin/]: flywheel.impl.mixins.json:visualmanage.LevelRendererMixin from mod flywheel->@Inject::flywheel$checkUpdate(Lnet/minecraft/core/BlockPos;Lnet/minecraft/world/level/block/state/BlockState;Lnet/minecraft/world/level/block/state/BlockState;Lorg/spongepowered/asm/mixin/injection/callback/CallbackInfo;)V doesn't use it's CallbackInfo
[04июл.2026 11:23:11.402] [modloading-worker-0/DEBUG] [mixin/]: flywheel.impl.mixins.json:visualmanage.LevelRendererMixin from mod flywheel->@Inject::flywheel$checkUpdate(Lnet/minecraft/core/BlockPos;Lnet/minecraft/world/level/block/state/BlockState;Lnet/minecraft/world/level/block/state/BlockState;Lorg/spongepowered/asm/mixin/injection/callback/CallbackInfo;)V has 0 override(s) in child classes
[04июл.2026 11:23:11.402] [modloading-worker-0/DEBUG] [mixin/]: flywheel.impl.mixins.json:visualmanage.LevelRendererMixin from mod flywheel->@Inject::flywheel$checkUpdate(Lnet/minecraft/core/BlockPos;Lnet/minecraft/world/level/block/state/BlockState;Lnet/minecraft/world/level/block/state/BlockState;Lorg/spongepowered/asm/mixin/injection/callback/CallbackInfo;)V won't be passed a CallbackInfo as a result
[04июл.2026 11:23:11.402] [modloading-worker-0/DEBUG] [mixin/]: create.mixins.json:client.LevelRendererMixin from mod create->@Inject::create$onDestroyBlockProgress(ILnet/minecraft/core/BlockPos;ILorg/spongepowered/asm/mixin/injection/callback/CallbackInfo;Lnet/minecraft/server/level/BlockDestructionProgress;)V doesn't use it's CallbackInfo
[04июл.2026 11:23:11.402] [modloading-worker-0/DEBUG] [mixin/]: create.mixins.json:client.LevelRendererMixin from mod create->@Inject::create$onDestroyBlockProgress(ILnet/minecraft/core/BlockPos;ILorg/spongepowered/asm/mixin/injection/callback/CallbackInfo;Lnet/minecraft/server/level/BlockDestructionProgress;)V has 0 override(s) in child classes
[04июл.2026 11:23:11.402] [modloading-worker-0/DEBUG] [mixin/]: create.mixins.json:client.LevelRendererMixin from mod create->@Inject::create$onDestroyBlockProgress(ILnet/minecraft/core/BlockPos;ILorg/spongepowered/asm/mixin/injection/callback/CallbackInfo;Lnet/minecraft/server/level/BlockDestructionProgress;)V won't be passed a CallbackInfo as a result
[04июл.2026 11:23:11.402] [modloading-worker-0/DEBUG] [mixin/]: create.mixins.json:client.LevelRendererMixin from mod create->@Inject::create$onRemoveProgress(Lnet/minecraft/server/level/BlockDestructionProgress;Lorg/spongepowered/asm/mixin/injection/callback/CallbackInfo;)V doesn't use it's CallbackInfo
[04июл.2026 11:23:11.402] [modloading-worker-0/DEBUG] [mixin/]: create.mixins.json:client.LevelRendererMixin from mod create->@Inject::create$onRemoveProgress(Lnet/minecraft/server/level/BlockDestructionProgress;Lorg/spongepowered/asm/mixin/injection/callback/CallbackInfo;)V has 0 override(s) in child classes
[04июл.2026 11:23:11.402] [modloading-worker-0/DEBUG] [mixin/]: create.mixins.json:client.LevelRendererMixin from mod create->@Inject::create$onRemoveProgress(Lnet/minecraft/server/level/BlockDestructionProgress;Lorg/spongepowered/asm/mixin/injection/callback/CallbackInfo;)V won't be passed a CallbackInfo as a result
[04июл.2026 11:23:11.402] [modloading-worker-0/DEBUG] [mixin/]: sable.mixins.json:block_decal_render.LevelRendererMixin from mod sable->@Inject::sable$preRenderBlockDamage(Lnet/minecraft/client/DeltaTracker;ZLnet/minecraft/client/Camera;Lnet/minecraft/client/renderer/GameRenderer;Lnet/minecraft/client/renderer/LightTexture;Lorg/joml/Matrix4f;Lorg/joml/Matrix4f;Lorg/spongepowered/asm/mixin/injection/callback/CallbackInfo;)V doesn't use it's CallbackInfo
[04июл.2026 11:23:11.402] [modloading-worker-0/DEBUG] [mixin/]: sable.mixins.json:block_decal_render.LevelRendererMixin from mod sable->@Inject::sable$preRenderBlockDamage(Lnet/minecraft/client/DeltaTracker;ZLnet/minecraft/client/Camera;Lnet/minecraft/client/renderer/GameRenderer;Lnet/minecraft/client/renderer/LightTexture;Lorg/joml/Matrix4f;Lorg/joml/Matrix4f;Lorg/spongepowered/asm/mixin/injection/callback/CallbackInfo;)V has 0 override(s) in child classes
[04июл.2026 11:23:11.402] [modloading-worker-0/DEBUG] [mixin/]: sable.mixins.json:block_decal_render.LevelRendererMixin from mod sable->@Inject::sable$preRenderBlockDamage(Lnet/minecraft/client/DeltaTracker;ZLnet/minecraft/client/Camera;Lnet/minecraft/client/renderer/GameRenderer;Lnet/minecraft/client/renderer/LightTexture;Lorg/joml/Matrix4f;Lorg/joml/Matrix4f;Lorg/spongepowered/asm/mixin/injection/callback/CallbackInfo;)V won't be passed a CallbackInfo as a result
[04июл.2026 11:23:11.402] [modloading-worker-0/DEBUG] [mixin/]: sable.mixins.json:block_decal_render.LevelRendererMixin from mod sable->@Inject::sable$preRenderBlockDamage(Lnet/minecraft/client/DeltaTracker;ZLnet/minecraft/client/Camera;Lnet/minecraft/client/renderer/GameRenderer;Lnet/minecraft/client/renderer/LightTexture;Lorg/joml/Matrix4f;Lorg/joml/Matrix4f;Lorg/spongepowered/asm/mixin/injection/callback/CallbackInfo;)V doesn't use it's CallbackInfo
[04июл.2026 11:23:11.402] [modloading-worker-0/DEBUG] [mixin/]: sable.mixins.json:block_decal_render.LevelRendererMixin from mod sable->@Inject::sable$preRenderBlockDamage(Lnet/minecraft/client/DeltaTracker;ZLnet/minecraft/client/Camera;Lnet/minecraft/client/renderer/GameRenderer;Lnet/minecraft/client/renderer/LightTexture;Lorg/joml/Matrix4f;Lorg/joml/Matrix4f;Lorg/spongepowered/asm/mixin/injection/callback/CallbackInfo;)V has 0 override(s) in child classes
[04июл.2026 11:23:11.402] [modloading-worker-0/DEBUG] [mixin/]: sable.mixins.json:block_decal_render.LevelRendererMixin from mod sable->@Inject::sable$preRenderBlockDamage(Lnet/minecraft/client/DeltaTracker;ZLnet/minecraft/client/Camera;Lnet/minecraft/client/renderer/GameRenderer;Lnet/minecraft/client/renderer/LightTexture;Lorg/joml/Matrix4f;Lorg/joml/Matrix4f;Lorg/spongepowered/asm/mixin/injection/callback/CallbackInfo;)V won't be passed a CallbackInfo as a result
[04июл.2026 11:23:11.402] [modloading-worker-0/DEBUG] [mixin/]: sable.mixins.json:debug_render.LevelRendererMixin from mod sable->@Inject::renderLevel(Lnet/minecraft/client/DeltaTracker;ZLnet/minecraft/client/Camera;Lnet/minecraft/client/renderer/GameRenderer;Lnet/minecraft/client/renderer/LightTexture;Lorg/joml/Matrix4f;Lorg/joml/Matrix4f;Lorg/spongepowered/asm/mixin/injection/callback/CallbackInfo;)V doesn't use it's CallbackInfo
[04июл.2026 11:23:11.402] [modloading-worker-0/DEBUG] [mixin/]: sable.mixins.json:debug_render.LevelRendererMixin from mod sable->@Inject::renderLevel(Lnet/minecraft/client/DeltaTracker;ZLnet/minecraft/client/Camera;Lnet/minecraft/client/renderer/GameRenderer;Lnet/minecraft/client/renderer/LightTexture;Lorg/joml/Matrix4f;Lorg/joml/Matrix4f;Lorg/spongepowered/asm/mixin/injection/callback/CallbackInfo;)V has 0 override(s) in child classes
[04июл.2026 11:23:11.402] [modloading-worker-0/DEBUG] [mixin/]: sable.mixins.json:debug_render.LevelRendererMixin from mod sable->@Inject::renderLevel(Lnet/minecraft/client/DeltaTracker;ZLnet/minecraft/client/Camera;Lnet/minecraft/client/renderer/GameRenderer;Lnet/minecraft/client/renderer/LightTexture;Lorg/joml/Matrix4f;Lorg/joml/Matrix4f;Lorg/spongepowered/asm/mixin/injection/callback/CallbackInfo;)V won't be passed a CallbackInfo as a result
[04июл.2026 11:23:11.402] [modloading-worker-0/DEBUG] [mixin/]: sable.mixins.json:entity.entity_rendering.LevelRendererMixin from mod sable->@Inject::renderEntityOnSubLevel(Lnet/minecraft/world/entity/Entity;DDDFLcom/mojang/blaze3d/vertex/PoseStack;Lnet/minecraft/client/renderer/MultiBufferSource;Lorg/spongepowered/asm/mixin/injection/callback/CallbackInfo;)V doesn't use it's CallbackInfo
[04июл.2026 11:23:11.402] [modloading-worker-0/DEBUG] [mixin/]: sable.mixins.json:entity.entity_rendering.LevelRendererMixin from mod sable->@Inject::renderEntityOnSubLevel(Lnet/minecraft/world/entity/Entity;DDDFLcom/mojang/blaze3d/vertex/PoseStack;Lnet/minecraft/client/renderer/MultiBufferSource;Lorg/spongepowered/asm/mixin/injection/callback/CallbackInfo;)V has 0 override(s) in child classes
[04июл.2026 11:23:11.402] [modloading-worker-0/DEBUG] [mixin/]: sable.mixins.json:entity.entity_rendering.LevelRendererMixin from mod sable->@Inject::renderEntityOnSubLevel(Lnet/minecraft/world/entity/Entity;DDDFLcom/mojang/blaze3d/vertex/PoseStack;Lnet/minecraft/client/renderer/MultiBufferSource;Lorg/spongepowered/asm/mixin/injection/callback/CallbackInfo;)V won't be passed a CallbackInfo as a result
[04июл.2026 11:23:11.403] [modloading-worker-0/DEBUG] [mixin/]: sable.mixins.json:sublevel_render.LevelRendererMixin from mod sable->@Inject::sable$allChanged(Lorg/spongepowered/asm/mixin/injection/callback/CallbackInfo;)V doesn't use it's CallbackInfo
[04июл.2026 11:23:11.403] [modloading-worker-0/DEBUG] [mixin/]: sable.mixins.json:sublevel_render.LevelRendererMixin from mod sable->@Inject::sable$allChanged(Lorg/spongepowered/asm/mixin/injection/callback/CallbackInfo;)V has 0 override(s) in child classes
[04июл.2026 11:23:11.403] [modloading-worker-0/DEBUG] [mixin/]: sable.mixins.json:sublevel_render.LevelRendererMixin from mod sable->@Inject::sable$allChanged(Lorg/spongepowered/asm/mixin/injection/callback/CallbackInfo;)V won't be passed a CallbackInfo as a result
[04июл.2026 11:23:11.403] [modloading-worker-0/DEBUG] [mixin/]: sable.mixins.json:sublevel_render.LevelRendererMixin from mod sable->@Inject::sable$renderSingleBlockSubLevels(Lnet/minecraft/client/DeltaTracker;ZLnet/minecraft/client/Camera;Lnet/minecraft/client/renderer/GameRenderer;Lnet/minecraft/client/renderer/LightTexture;Lorg/joml/Matrix4f;Lorg/joml/Matrix4f;Lorg/spongepowered/asm/mixin/injection/callback/CallbackInfo;)V doesn't use it's CallbackInfo
[04июл.2026 11:23:11.403] [modloading-worker-0/DEBUG] [mixin/]: sable.mixins.json:sublevel_render.LevelRendererMixin from mod sable->@Inject::sable$renderSingleBlockSubLevels(Lnet/minecraft/client/DeltaTracker;ZLnet/minecraft/client/Camera;Lnet/minecraft/client/renderer/GameRenderer;Lnet/minecraft/client/renderer/LightTexture;Lorg/joml/Matrix4f;Lorg/joml/Matrix4f;Lorg/spongepowered/asm/mixin/injection/callback/CallbackInfo;)V has 0 override(s) in child classes
[04июл.2026 11:23:11.403] [modloading-worker-0/DEBUG] [mixin/]: sable.mixins.json:sublevel_render.LevelRendererMixin from mod sable->@Inject::sable$renderSingleBlockSubLevels(Lnet/minecraft/client/DeltaTracker;ZLnet/minecraft/client/Camera;Lnet/minecraft/client/renderer/GameRenderer;Lnet/minecraft/client/renderer/LightTexture;Lorg/joml/Matrix4f;Lorg/joml/Matrix4f;Lorg/spongepowered/asm/mixin/injection/callback/CallbackInfo;)V won't be passed a CallbackInfo as a result
[04июл.2026 11:23:11.403] [modloading-worker-0/DEBUG] [mixin/]: sable.mixins.json:sublevel_render.block_entity_render.LevelRendererMixin from mod sable->@Inject::init(Lnet/minecraft/client/Minecraft;Lnet/minecraft/client/renderer/entity/EntityRenderDispatcher;Lnet/minecraft/client/renderer/blockentity/BlockEntityRenderDispatcher;Lnet/minecraft/client/renderer/RenderBuffers;Lorg/spongepowered/asm/mixin/injection/callback/CallbackInfo;)V doesn't use it's CallbackInfo
[04июл.2026 11:23:11.403] [modloading-worker-0/DEBUG] [mixin/]: sable.mixins.json:sublevel_render.block_entity_render.LevelRendererMixin from mod sable->@Inject::init(Lnet/minecraft/client/Minecraft;Lnet/minecraft/client/renderer/entity/EntityRenderDispatcher;Lnet/minecraft/client/renderer/blockentity/BlockEntityRenderDispatcher;Lnet/minecraft/client/renderer/RenderBuffers;Lorg/spongepowered/asm/mixin/injection/callback/CallbackInfo;)V has 0 override(s) in child classes
[04июл.2026 11:23:11.403] [modloading-worker-0/DEBUG] [mixin/]: sable.mixins.json:sublevel_render.block_entity_render.LevelRendererMixin from mod sable->@Inject::init(Lnet/minecraft/client/Minecraft;Lnet/minecraft/client/renderer/entity/EntityRenderDispatcher;Lnet/minecraft/client/renderer/blockentity/BlockEntityRenderDispatcher;Lnet/minecraft/client/renderer/RenderBuffers;Lorg/spongepowered/asm/mixin/injection/callback/CallbackInfo;)V won't be passed a CallbackInfo as a result
[04июл.2026 11:23:11.403] [modloading-worker-0/DEBUG] [mixin/]: sable.mixins.json:sublevel_render.block_entity_render.LevelRendererMixin from mod sable->@Inject::sable$preRenderBEs(Lnet/minecraft/client/DeltaTracker;ZLnet/minecraft/client/Camera;Lnet/minecraft/client/renderer/GameRenderer;Lnet/minecraft/client/renderer/LightTexture;Lorg/joml/Matrix4f;Lorg/joml/Matrix4f;Lorg/spongepowered/asm/mixin/injection/callback/CallbackInfo;)V doesn't use it's CallbackInfo
[04июл.2026 11:23:11.403] [modloading-worker-0/DEBUG] [mixin/]: sable.mixins.json:sublevel_render.block_entity_render.LevelRendererMixin from mod sable->@Inject::sable$preRenderBEs(Lnet/minecraft/client/DeltaTracker;ZLnet/minecraft/client/Camera;Lnet/minecraft/client/renderer/GameRenderer;Lnet/minecraft/client/renderer/LightTexture;Lorg/joml/Matrix4f;Lorg/joml/Matrix4f;Lorg/spongepowered/asm/mixin/injection/callback/CallbackInfo;)V has 0 override(s) in child classes
[04июл.2026 11:23:11.403] [modloading-worker-0/DEBUG] [mixin/]: sable.mixins.json:sublevel_render.block_entity_render.LevelRendererMixin from mod sable->@Inject::sable$preRenderBEs(Lnet/minecraft/client/DeltaTracker;ZLnet/minecraft/client/Camera;Lnet/minecraft/client/renderer/GameRenderer;Lnet/minecraft/client/renderer/LightTexture;Lorg/joml/Matrix4f;Lorg/joml/Matrix4f;Lorg/spongepowered/asm/mixin/injection/callback/CallbackInfo;)V won't be passed a CallbackInfo as a result
[04июл.2026 11:23:11.403] [modloading-worker-0/DEBUG] [mixin/]: sable.mixins.json:sublevel_render.impl.vanilla.water_occlusion.LevelRendererMixin from mod sable->@Inject::sable$preRenderSectionLayers(Lnet/minecraft/client/DeltaTracker;ZLnet/minecraft/client/Camera;Lnet/minecraft/client/renderer/GameRenderer;Lnet/minecraft/client/renderer/LightTexture;Lorg/joml/Matrix4f;Lorg/joml/Matrix4f;Lorg/spongepowered/asm/mixin/injection/callback/CallbackInfo;)V doesn't use it's CallbackInfo
[04июл.2026 11:23:11.403] [modloading-worker-0/DEBUG] [mixin/]: sable.mixins.json:sublevel_render.impl.vanilla.water_occlusion.LevelRendererMixin from mod sable->@Inject::sable$preRenderSectionLayers(Lnet/minecraft/client/DeltaTracker;ZLnet/minecraft/client/Camera;Lnet/minecraft/client/renderer/GameRenderer;Lnet/minecraft/client/renderer/LightTexture;Lorg/joml/Matrix4f;Lorg/joml/Matrix4f;Lorg/spongepowered/asm/mixin/injection/callback/CallbackInfo;)V has 0 override(s) in child classes
[04июл.2026 11:23:11.403] [modloading-worker-0/DEBUG] [mixin/]: sable.mixins.json:sublevel_render.impl.vanilla.water_occlusion.LevelRendererMixin from mod sable->@Inject::sable$preRenderSectionLayers(Lnet/minecraft/client/DeltaTracker;ZLnet/minecraft/client/Camera;Lnet/minecraft/client/renderer/GameRenderer;Lnet/minecraft/client/renderer/LightTexture;Lorg/joml/Matrix4f;Lorg/joml/Matrix4f;Lorg/spongepowered/asm/mixin/injection/callback/CallbackInfo;)V won't be passed a CallbackInfo as a result
[04июл.2026 11:23:11.403] [modloading-worker-0/DEBUG] [mixin/]: sable.mixins.json:sublevel_render.impl.vanilla.water_occlusion.LevelRendererMixin from mod sable->@Inject::sable$onRenderSectionLayer(Lnet/minecraft/client/renderer/RenderType;DDDLorg/joml/Matrix4f;Lorg/joml/Matrix4f;Lorg/spongepowered/asm/mixin/injection/callback/CallbackInfo;)V doesn't use it's CallbackInfo
[04июл.2026 11:23:11.403] [modloading-worker-0/DEBUG] [mixin/]: sable.mixins.json:sublevel_render.impl.vanilla.water_occlusion.LevelRendererMixin from mod sable->@Inject::sable$onRenderSectionLayer(Lnet/minecraft/client/renderer/RenderType;DDDLorg/joml/Matrix4f;Lorg/joml/Matrix4f;Lorg/spongepowered/asm/mixin/injection/callback/CallbackInfo;)V has 0 override(s) in child classes
[04июл.2026 11:23:11.403] [modloading-worker-0/DEBUG] [mixin/]: sable.mixins.json:sublevel_render.impl.vanilla.water_occlusion.LevelRendererMixin from mod sable->@Inject::sable$onRenderSectionLayer(Lnet/minecraft/client/renderer/RenderType;DDDLorg/joml/Matrix4f;Lorg/joml/Matrix4f;Lorg/spongepowered/asm/mixin/injection/callback/CallbackInfo;)V won't be passed a CallbackInfo as a result
[04июл.2026 11:23:11.403] [modloading-worker-0/DEBUG] [mixin/]: flywheel.impl.mixins.json:LevelRendererMixin from mod flywheel->@Inject::flywheel$beginRender(Lnet/minecraft/client/DeltaTracker;ZLnet/minecraft/client/Camera;Lnet/minecraft/client/renderer/GameRenderer;Lnet/minecraft/client/renderer/LightTexture;Lorg/joml/Matrix4f;Lorg/joml/Matrix4f;Lorg/spongepowered/asm/mixin/injection/callback/CallbackInfo;)V doesn't use it's CallbackInfo
[04июл.2026 11:23:11.403] [modloading-worker-0/DEBUG] [mixin/]: flywheel.impl.mixins.json:LevelRendererMixin from mod flywheel->@Inject::flywheel$beginRender(Lnet/minecraft/client/DeltaTracker;ZLnet/minecraft/client/Camera;Lnet/minecraft/client/renderer/GameRenderer;Lnet/minecraft/client/renderer/LightTexture;Lorg/joml/Matrix4f;Lorg/joml/Matrix4f;Lorg/spongepowered/asm/mixin/injection/callback/CallbackInfo;)V has 0 override(s) in child classes
[04июл.2026 11:23:11.403] [modloading-worker-0/DEBUG] [mixin/]: flywheel.impl.mixins.json:LevelRendererMixin from mod flywheel->@Inject::flywheel$beginRender(Lnet/minecraft/client/DeltaTracker;ZLnet/minecraft/client/Camera;Lnet/minecraft/client/renderer/GameRenderer;Lnet/minecraft/client/renderer/LightTexture;Lorg/joml/Matrix4f;Lorg/joml/Matrix4f;Lorg/spongepowered/asm/mixin/injection/callback/CallbackInfo;)V won't be passed a CallbackInfo as a result
[04июл.2026 11:23:11.403] [modloading-worker-0/DEBUG] [mixin/]: flywheel.impl.mixins.json:LevelRendererMixin from mod flywheel->@Inject::flywheel$endRender(Lorg/spongepowered/asm/mixin/injection/callback/CallbackInfo;)V doesn't use it's CallbackInfo
[04июл.2026 11:23:11.403] [modloading-worker-0/DEBUG] [mixin/]: flywheel.impl.mixins.json:LevelRendererMixin from mod flywheel->@Inject::flywheel$endRender(Lorg/spongepowered/asm/mixin/injection/callback/CallbackInfo;)V has 0 override(s) in child classes
[04июл.2026 11:23:11.403] [modloading-worker-0/DEBUG] [mixin/]: flywheel.impl.mixins.json:LevelRendererMixin from mod flywheel->@Inject::flywheel$endRender(Lorg/spongepowered/asm/mixin/injection/callback/CallbackInfo;)V won't be passed a CallbackInfo as a result
[04июл.2026 11:23:11.403] [modloading-worker-0/DEBUG] [mixin/]: flywheel.impl.mixins.json:LevelRendererMixin from mod flywheel->@Inject::flywheel$reload(Lorg/spongepowered/asm/mixin/injection/callback/CallbackInfo;)V doesn't use it's CallbackInfo
[04июл.2026 11:23:11.403] [modloading-worker-0/DEBUG] [mixin/]: flywheel.impl.mixins.json:LevelRendererMixin from mod flywheel->@Inject::flywheel$reload(Lorg/spongepowered/asm/mixin/injection/callback/CallbackInfo;)V has 0 override(s) in child classes
[04июл.2026 11:23:11.403] [modloading-worker-0/DEBUG] [mixin/]: flywheel.impl.mixins.json:LevelRendererMixin from mod flywheel->@Inject::flywheel$reload(Lorg/spongepowered/asm/mixin/injection/callback/CallbackInfo;)V won't be passed a CallbackInfo as a result
[04июл.2026 11:23:11.403] [modloading-worker-0/DEBUG] [mixin/]: flywheel.impl.mixins.json:LevelRendererMixin from mod flywheel->@Inject::flywheel$beforeBlockEntities(Lorg/spongepowered/asm/mixin/injection/callback/CallbackInfo;)V doesn't use it's CallbackInfo
[04июл.2026 11:23:11.403] [modloading-worker-0/DEBUG] [mixin/]: flywheel.impl.mixins.json:LevelRendererMixin from mod flywheel->@Inject::flywheel$beforeBlockEntities(Lorg/spongepowered/asm/mixin/injection/callback/CallbackInfo;)V has 0 override(s) in child classes
[04июл.2026 11:23:11.403] [modloading-worker-0/DEBUG] [mixin/]: flywheel.impl.mixins.json:LevelRendererMixin from mod flywheel->@Inject::flywheel$beforeBlockEntities(Lorg/spongepowered/asm/mixin/injection/callback/CallbackInfo;)V won't be passed a CallbackInfo as a result
[04июл.2026 11:23:11.403] [modloading-worker-0/DEBUG] [mixin/]: flywheel.impl.mixins.json:LevelRendererMixin from mod flywheel->@Inject::flywheel$beforeRenderCrumbling(Lorg/spongepowered/asm/mixin/injection/callback/CallbackInfo;)V doesn't use it's CallbackInfo
[04июл.2026 11:23:11.403] [modloading-worker-0/DEBUG] [mixin/]: flywheel.impl.mixins.json:LevelRendererMixin from mod flywheel->@Inject::flywheel$beforeRenderCrumbling(Lorg/spongepowered/asm/mixin/injection/callback/CallbackInfo;)V has 0 override(s) in child classes
[04июл.2026 11:23:11.403] [modloading-worker-0/DEBUG] [mixin/]: flywheel.impl.mixins.json:LevelRendererMixin from mod flywheel->@Inject::flywheel$beforeRenderCrumbling(Lorg/spongepowered/asm/mixin/injection/callback/CallbackInfo;)V won't be passed a CallbackInfo as a result
[04июл.2026 11:23:11.403] [modloading-worker-0/DEBUG] [mixin/]: flywheel.impl.mixins.json:LevelRendererMixin from mod flywheel->@Inject::flywheel$decideNotToRenderEntity(Lnet/minecraft/world/entity/Entity;DDDFLcom/mojang/blaze3d/vertex/PoseStack;Lnet/minecraft/client/renderer/MultiBufferSource;Lorg/spongepowered/asm/mixin/injection/callback/CallbackInfo;)V does use it's CallbackInfo
[04июл.2026 11:23:11.404] [modloading-worker-0/DEBUG] [mixin/]: sable.mixins.json:sublevel_render.impl.vanilla.LevelRendererMixin from mod sable->@Inject::sable$compileSections(Lnet/minecraft/client/Camera;Lorg/spongepowered/asm/mixin/injection/callback/CallbackInfo;)V doesn't use it's CallbackInfo
[04июл.2026 11:23:11.404] [modloading-worker-0/DEBUG] [mixin/]: sable.mixins.json:sublevel_render.impl.vanilla.LevelRendererMixin from mod sable->@Inject::sable$compileSections(Lnet/minecraft/client/Camera;Lorg/spongepowered/asm/mixin/injection/callback/CallbackInfo;)V has 0 override(s) in child classes
[04июл.2026 11:23:11.404] [modloading-worker-0/DEBUG] [mixin/]: sable.mixins.json:sublevel_render.impl.vanilla.LevelRendererMixin from mod sable->@Inject::sable$compileSections(Lnet/minecraft/client/Camera;Lorg/spongepowered/asm/mixin/injection/callback/CallbackInfo;)V won't be passed a CallbackInfo as a result
[04июл.2026 11:23:11.404] [modloading-worker-0/DEBUG] [mixin/]: sable.mixins.json:sublevel_render.impl.vanilla.LevelRendererMixin from mod sable->@Inject::sable$cull(Lnet/minecraft/client/Camera;Lnet/minecraft/client/renderer/culling/Frustum;ZZLorg/spongepowered/asm/mixin/injection/callback/CallbackInfo;)V doesn't use it's CallbackInfo
[04июл.2026 11:23:11.404] [modloading-worker-0/DEBUG] [mixin/]: sable.mixins.json:sublevel_render.impl.vanilla.LevelRendererMixin from mod sable->@Inject::sable$cull(Lnet/minecraft/client/Camera;Lnet/minecraft/client/renderer/culling/Frustum;ZZLorg/spongepowered/asm/mixin/injection/callback/CallbackInfo;)V has 0 override(s) in child classes
[04июл.2026 11:23:11.404] [modloading-worker-0/DEBUG] [mixin/]: sable.mixins.json:sublevel_render.impl.vanilla.LevelRendererMixin from mod sable->@Inject::sable$cull(Lnet/minecraft/client/Camera;Lnet/minecraft/client/renderer/culling/Frustum;ZZLorg/spongepowered/asm/mixin/injection/callback/CallbackInfo;)V won't be passed a CallbackInfo as a result
[04июл.2026 11:23:11.404] [modloading-worker-0/DEBUG] [mixin/]: sable.mixins.json:sublevel_render.impl.vanilla.LevelRendererMixin from mod sable->@Inject::sable$isSectionCompiled(Lnet/minecraft/core/BlockPos;Lorg/spongepowered/asm/mixin/injection/callback/CallbackInfoReturnable;)V does use it's CallbackInfoReturnable
[04июл.2026 11:23:11.404] [modloading-worker-0/DEBUG] [mixin/]: sable.mixins.json:sublevel_render.impl.vanilla.LevelRendererMixin from mod sable->@Inject::sable$renderSubLevels(Lnet/minecraft/client/renderer/RenderType;DDDLorg/joml/Matrix4f;Lorg/joml/Matrix4f;Lorg/spongepowered/asm/mixin/injection/callback/CallbackInfo;)V doesn't use it's CallbackInfo
[04июл.2026 11:23:11.404] [modloading-worker-0/DEBUG] [mixin/]: sable.mixins.json:sublevel_render.impl.vanilla.LevelRendererMixin from mod sable->@Inject::sable$renderSubLevels(Lnet/minecraft/client/renderer/RenderType;DDDLorg/joml/Matrix4f;Lorg/joml/Matrix4f;Lorg/spongepowered/asm/mixin/injection/callback/CallbackInfo;)V has 0 override(s) in child classes
[04июл.2026 11:23:11.404] [modloading-worker-0/DEBUG] [mixin/]: sable.mixins.json:sublevel_render.impl.vanilla.LevelRendererMixin from mod sable->@Inject::sable$renderSubLevels(Lnet/minecraft/client/renderer/RenderType;DDDLorg/joml/Matrix4f;Lorg/joml/Matrix4f;Lorg/spongepowered/asm/mixin/injection/callback/CallbackInfo;)V won't be passed a CallbackInfo as a result
[04июл.2026 11:23:11.404] [modloading-worker-0/DEBUG] [mixin/]: sable.mixins.json:sublevel_render.impl.vanilla.LevelRendererMixin from mod sable->@Inject::sable$renderSubLevelLayers(Lnet/minecraft/client/renderer/RenderType;DDDLorg/joml/Matrix4f;Lorg/joml/Matrix4f;Lorg/spongepowered/asm/mixin/injection/callback/CallbackInfo;)V doesn't use it's CallbackInfo
[04июл.2026 11:23:11.404] [modloading-worker-0/DEBUG] [mixin/]: sable.mixins.json:sublevel_render.impl.vanilla.LevelRendererMixin from mod sable->@Inject::sable$renderSubLevelLayers(Lnet/minecraft/client/renderer/RenderType;DDDLorg/joml/Matrix4f;Lorg/joml/Matrix4f;Lorg/spongepowered/asm/mixin/injection/callback/CallbackInfo;)V has 0 override(s) in child classes
[04июл.2026 11:23:11.404] [modloading-worker-0/DEBUG] [mixin/]: sable.mixins.json:sublevel_render.impl.vanilla.LevelRendererMixin from mod sable->@Inject::sable$renderSubLevelLayers(Lnet/minecraft/client/renderer/RenderType;DDDLorg/joml/Matrix4f;Lorg/joml/Matrix4f;Lorg/spongepowered/asm/mixin/injection/callback/CallbackInfo;)V won't be passed a CallbackInfo as a result
[04июл.2026 11:23:11.404] [modloading-worker-0/DEBUG] [mixin/]: sable-neoforge.mixins.json:block_outline_render.LevelRendererMixin from mod sable->@Inject::sable$poseRenderHitOutline(Lorg/spongepowered/asm/mixin/injection/callback/CallbackInfo;)V doesn't use it's CallbackInfo
[04июл.2026 11:23:11.404] [modloading-worker-0/DEBUG] [mixin/]: sable-neoforge.mixins.json:block_outline_render.LevelRendererMixin from mod sable->@Inject::sable$poseRenderHitOutline(Lorg/spongepowered/asm/mixin/injection/callback/CallbackInfo;)V has 0 override(s) in child classes
[04июл.2026 11:23:11.404] [modloading-worker-0/DEBUG] [mixin/]: sable-neoforge.mixins.json:block_outline_render.LevelRendererMixin from mod sable->@Inject::sable$poseRenderHitOutline(Lorg/spongepowered/asm/mixin/injection/callback/CallbackInfo;)V won't be passed a CallbackInfo as a result
[04июл.2026 11:23:11.406] [modloading-worker-0/DEBUG] [mezz.jei.common.config.file.ConfigSchema/]: Localization has not loaded yet, waiting to save the config file until JEI starts.
[04июл.2026 11:23:11.410] [modloading-worker-0/DEBUG] [mixin/]: Mixing compatibility.create.lectern_controller.LecternControllerBlockMixin from sable-neoforge.mixins.json into com.simibubi.create.content.redstone.link.controller.LecternControllerBlock
[04июл.2026 11:23:11.412] [modloading-worker-0/DEBUG] [mixin/]: Mixing extra_kinetics.GeneratingKineticBlockEntityMixin from simulated.mixins.json into com.simibubi.create.content.kinetics.base.GeneratingKineticBlockEntity
[04июл.2026 11:23:11.414] [modloading-worker-0/DEBUG] [mezz.jei.common.config.file.ConfigSerializer/]: Loading config file: C:\Users\Kostya\Documents\GitHub\create_AES\runs\client\config\jei\jei-mod-id-format.ini
[04июл.2026 11:23:11.414] [modloading-worker-0/DEBUG] [mixin/]: Mixing extra_kinetics.KineticBlockEntityMixin from simulated.mixins.json into com.simibubi.create.content.kinetics.base.KineticBlockEntity
[04июл.2026 11:23:11.416] [modloading-worker-0/DEBUG] [mixin/]: Mixing extra_kinetics.goggle_tooltips.KineticBlockEntityMixin from simulated.mixins.json into com.simibubi.create.content.kinetics.base.KineticBlockEntity
[04июл.2026 11:23:11.419] [modloading-worker-0/DEBUG] [mixin/]: simulated.mixins.json:extra_kinetics.KineticBlockEntityMixin from mod simulated->@Inject::switchExtraKinetics(Lnet/minecraft/world/level/Level;Lnet/minecraft/core/BlockPos;Lnet/minecraft/world/level/block/state/BlockState;Lorg/spongepowered/asm/mixin/injection/callback/CallbackInfo;)V doesn't use it's CallbackInfo
[04июл.2026 11:23:11.419] [modloading-worker-0/DEBUG] [mixin/]: simulated.mixins.json:extra_kinetics.KineticBlockEntityMixin from mod simulated->@Inject::injectRemove(Lorg/spongepowered/asm/mixin/injection/callback/CallbackInfo;)V doesn't use it's CallbackInfo
[04июл.2026 11:23:11.419] [modloading-worker-0/DEBUG] [mixin/]: simulated.mixins.json:extra_kinetics.KineticBlockEntityMixin from mod simulated->@Inject::injectRemove(Lorg/spongepowered/asm/mixin/injection/callback/CallbackInfo;)V has 0 override(s) in child classes
[04июл.2026 11:23:11.420] [modloading-worker-0/DEBUG] [mixin/]: simulated.mixins.json:extra_kinetics.KineticBlockEntityMixin from mod simulated->@Inject::injectRemove(Lorg/spongepowered/asm/mixin/injection/callback/CallbackInfo;)V won't be passed a CallbackInfo as a result
[04июл.2026 11:23:11.420] [modloading-worker-0/DEBUG] [mixin/]: simulated.mixins.json:extra_kinetics.KineticBlockEntityMixin from mod simulated->@Inject::simulated$removeConnected(Lorg/spongepowered/asm/mixin/injection/callback/CallbackInfo;)V doesn't use it's CallbackInfo
[04июл.2026 11:23:11.420] [modloading-worker-0/DEBUG] [mixin/]: simulated.mixins.json:extra_kinetics.KineticBlockEntityMixin from mod simulated->@Inject::simulated$removeConnected(Lorg/spongepowered/asm/mixin/injection/callback/CallbackInfo;)V has 0 override(s) in child classes
[04июл.2026 11:23:11.420] [modloading-worker-0/DEBUG] [mixin/]: simulated.mixins.json:extra_kinetics.KineticBlockEntityMixin from mod simulated->@Inject::simulated$removeConnected(Lorg/spongepowered/asm/mixin/injection/callback/CallbackInfo;)V won't be passed a CallbackInfo as a result
[04июл.2026 11:23:11.420] [modloading-worker-0/DEBUG] [mixin/]: simulated.mixins.json:extra_kinetics.KineticBlockEntityMixin from mod simulated->@Inject::simulated$saveConnected(Lnet/minecraft/nbt/CompoundTag;Lnet/minecraft/core/HolderLookup$Provider;ZLorg/spongepowered/asm/mixin/injection/callback/CallbackInfo;)V doesn't use it's CallbackInfo
[04июл.2026 11:23:11.420] [modloading-worker-0/DEBUG] [mixin/]: simulated.mixins.json:extra_kinetics.KineticBlockEntityMixin from mod simulated->@Inject::simulated$saveConnected(Lnet/minecraft/nbt/CompoundTag;Lnet/minecraft/core/HolderLookup$Provider;ZLorg/spongepowered/asm/mixin/injection/callback/CallbackInfo;)V has 0 override(s) in child classes
[04июл.2026 11:23:11.420] [modloading-worker-0/DEBUG] [mixin/]: simulated.mixins.json:extra_kinetics.KineticBlockEntityMixin from mod simulated->@Inject::simulated$saveConnected(Lnet/minecraft/nbt/CompoundTag;Lnet/minecraft/core/HolderLookup$Provider;ZLorg/spongepowered/asm/mixin/injection/callback/CallbackInfo;)V won't be passed a CallbackInfo as a result
[04июл.2026 11:23:11.420] [modloading-worker-0/DEBUG] [mixin/]: simulated.mixins.json:extra_kinetics.KineticBlockEntityMixin from mod simulated->@Inject::simulated$readConnected(Lnet/minecraft/nbt/CompoundTag;Lnet/minecraft/core/HolderLookup$Provider;ZLorg/spongepowered/asm/mixin/injection/callback/CallbackInfo;)V doesn't use it's CallbackInfo
[04июл.2026 11:23:11.420] [modloading-worker-0/DEBUG] [mixin/]: simulated.mixins.json:extra_kinetics.KineticBlockEntityMixin from mod simulated->@Inject::simulated$readConnected(Lnet/minecraft/nbt/CompoundTag;Lnet/minecraft/core/HolderLookup$Provider;ZLorg/spongepowered/asm/mixin/injection/callback/CallbackInfo;)V has 0 override(s) in child classes
[04июл.2026 11:23:11.420] [modloading-worker-0/DEBUG] [mixin/]: simulated.mixins.json:extra_kinetics.KineticBlockEntityMixin from mod simulated->@Inject::simulated$readConnected(Lnet/minecraft/nbt/CompoundTag;Lnet/minecraft/core/HolderLookup$Provider;ZLorg/spongepowered/asm/mixin/injection/callback/CallbackInfo;)V won't be passed a CallbackInfo as a result
[04июл.2026 11:23:11.420] [modloading-worker-0/DEBUG] [mixin/]: simulated.mixins.json:extra_kinetics.goggle_tooltips.KineticBlockEntityMixin from mod simulated->@Inject::addExtraKineticsInfo(Ljava/util/List;ZLorg/spongepowered/asm/mixin/injection/callback/CallbackInfoReturnable;)V does use it's CallbackInfoReturnable
[04июл.2026 11:23:11.420] [modloading-worker-0/DEBUG] [mixin/]: simulated.mixins.json:extra_kinetics.goggle_tooltips.KineticBlockEntityMixin from mod simulated->@Inject::addExtraKineticsInfo(Ljava/util/List;ZLorg/spongepowered/asm/mixin/injection/callback/CallbackInfoReturnable;)V does use it's CallbackInfoReturnable
[04июл.2026 11:23:11.420] [modloading-worker-0/DEBUG] [mixin/]: simulated.mixins.json:extra_kinetics.goggle_tooltips.KineticBlockEntityMixin from mod simulated->@Inject::addExtraKineticsInfo(Ljava/util/List;ZLorg/spongepowered/asm/mixin/injection/callback/CallbackInfoReturnable;)V does use it's CallbackInfoReturnable
[04июл.2026 11:23:11.421] [modloading-worker-0/DEBUG] [mezz.jei.common.config.file.ConfigSchema/]: Localization has not loaded yet, waiting to save the config file until JEI starts.
[04июл.2026 11:23:11.425] [modloading-worker-0/DEBUG] [mixin/]: Mixing compatibility.create.sails_providing_lift.SailBlockMixin from sable-neoforge.mixins.json into com.simibubi.create.content.contraptions.bearing.SailBlock
[04июл.2026 11:23:11.425] [modloading-worker-0/DEBUG] [net.neoforged.fml.config.ConfigTracker/CONFIG]: Config file ponder-client.toml for ponder tracking
[04июл.2026 11:23:11.426] [modloading-worker-0/DEBUG] [net.neoforged.fml.javafmlmod.AutomaticEventSubscriber/LOADING]: Attempting to inject @EventBusSubscriber classes into the eventbus for ponder
[04июл.2026 11:23:11.426] [modloading-worker-0/DEBUG] [net.neoforged.fml.javafmlmod.AutomaticEventSubscriber/LOADING]: Scanning class net.createmod.ponder.NeoForgePonderClient$ClientEvents for @SubscribeEvent-annotated methods
[04июл.2026 11:23:11.427] [modloading-worker-0/DEBUG] [mezz.jei.common.config.file.ConfigSerializer/]: Loading config file: C:\Users\Kostya\Documents\GitHub\create_AES\runs\client\config\jei\jei-colors.ini
[04июл.2026 11:23:11.428] [modloading-worker-0/DEBUG] [net.neoforged.fml.javafmlmod.AutomaticEventSubscriber/LOADING]: Attempting to inject @EventBusSubscriber classes into the eventbus for neoforge
[04июл.2026 11:23:11.428] [modloading-worker-0/DEBUG] [net.neoforged.fml.javafmlmod.AutomaticEventSubscriber/LOADING]: Scanning class net.neoforged.neoforge.server.command.ConfigCommand for @SubscribeEvent-annotated methods
[04июл.2026 11:23:11.428] [modloading-worker-0/DEBUG] [mezz.jei.common.config.file.ConfigSchema/]: Localization has not loaded yet, waiting to save the config file until JEI starts.
[04июл.2026 11:23:11.429] [modloading-worker-0/DEBUG] [net.neoforged.fml.javafmlmod.AutomaticEventSubscriber/]: Subscribing @EventBusSubscriber class Lnet/neoforged/neoforge/server/command/ConfigCommand; to the game event bus
[04июл.2026 11:23:11.429] [modloading-worker-0/DEBUG] [mixin/]: Mixing client.BlockDestructionProgressMixin from create.mixins.json into net.minecraft.server.level.BlockDestructionProgress
[04июл.2026 11:23:11.431] [modloading-worker-0/DEBUG] [net.neoforged.fml.javafmlmod.AutomaticEventSubscriber/LOADING]: Scanning class net.neoforged.neoforge.network.NetworkInitialization for @SubscribeEvent-annotated methods
[04июл.2026 11:23:11.432] [modloading-worker-0/DEBUG] [net.neoforged.fml.javafmlmod.AutomaticEventSubscriber/]: Subscribing @EventBusSubscriber class Lnet/neoforged/neoforge/network/NetworkInitialization; to the mod event bus of mod neoforge
[04июл.2026 11:23:11.432] [modloading-worker-0/DEBUG] [mixin/]: Mixing nav_table_compat.NixieTubeBlockMixin from simulated.mixins.json into com.simibubi.create.content.redstone.nixieTube.NixieTubeBlock
[04июл.2026 11:23:11.432] [modloading-worker-0/DEBUG] [net.neoforged.fml.javafmlmod.AutomaticEventSubscriber/LOADING]: Scanning class net.neoforged.neoforge.network.filters.GenericPacketSplitter for @SubscribeEvent-annotated methods
[04июл.2026 11:23:11.434] [modloading-worker-0/DEBUG] [net.neoforged.fml.javafmlmod.AutomaticEventSubscriber/]: Subscribing @EventBusSubscriber class Lnet/createmod/ponder/NeoForgePonderClient$ClientEvents; to the game event bus
[04июл.2026 11:23:11.438] [modloading-worker-0/DEBUG] [net.neoforged.fml.javafmlmod.AutomaticEventSubscriber/LOADING]: Scanning class net.createmod.ponder.NeoForgePonder$ModBusEvents for @SubscribeEvent-annotated methods
[04июл.2026 11:23:11.439] [modloading-worker-0/DEBUG] [net.neoforged.fml.javafmlmod.AutomaticEventSubscriber/]: Subscribing @EventBusSubscriber class Lnet/createmod/ponder/NeoForgePonder$ModBusEvents; to the mod event bus of mod ponder
[04июл.2026 11:23:11.440] [modloading-worker-0/DEBUG] [net.neoforged.fml.javafmlmod.AutomaticEventSubscriber/LOADING]: Scanning class net.createmod.ponder.NeoForgePonder$Events for @SubscribeEvent-annotated methods
[04июл.2026 11:23:11.440] [modloading-worker-0/DEBUG] [net.neoforged.fml.javafmlmod.AutomaticEventSubscriber/]: Subscribing @EventBusSubscriber class Lnet/createmod/ponder/NeoForgePonder$Events; to the game event bus
[04июл.2026 11:23:11.441] [modloading-worker-0/DEBUG] [net.neoforged.fml.javafmlmod.AutomaticEventSubscriber/LOADING]: Scanning class net.createmod.ponder.NeoForgePonderClient$ModBusClientEvents for @SubscribeEvent-annotated methods
[04июл.2026 11:23:11.441] [modloading-worker-0/DEBUG] [mixin/]: Mixing accessor.PipelineBufferSourceAccessor from veil.pipeline.mixins.json into net.minecraft.client.renderer.MultiBufferSource$BufferSource
[04июл.2026 11:23:11.441] [modloading-worker-0/DEBUG] [mixin/]: Mixing accessor.RenderTypeBufferSourceAccessor from veil.rendertype.mixins.json into net.minecraft.client.renderer.MultiBufferSource$BufferSource
[04июл.2026 11:23:11.443] [modloading-worker-0/DEBUG] [net.neoforged.fml.javafmlmod.AutomaticEventSubscriber/]: Subscribing @EventBusSubscriber class Lnet/createmod/ponder/NeoForgePonderClient$ModBusClientEvents; to the mod event bus of mod ponder
[04июл.2026 11:23:11.444] [modloading-worker-0/DEBUG] [mixin/]: Mixing client.CameraMixin from create.mixins.json into net.minecraft.client.Camera
[04июл.2026 11:23:11.444] [modloading-worker-0/DEBUG] [mixin/]: Mixing camera.camera_zoom.CameraMixin from sable.mixins.json into net.minecraft.client.Camera
[04июл.2026 11:23:11.444] [modloading-worker-0/DEBUG] [mixin/]: Renaming synthetic method lambda$sable$getMaxZoomHead$1(Lnet/minecraft/client/Minecraft;Ljava/lang/Object;)Ldev/ryanhcode/sable/companion/math/Pose3dc; to mdca1030$sable$lambda$sable$getMaxZoomHead$1$0 in sable.mixins.json:camera.camera_zoom.CameraMixin from mod sable
[04июл.2026 11:23:11.444] [modloading-worker-0/DEBUG] [mixin/]: Renaming synthetic method lambda$sable$clampZoom$0(FLjava/lang/Object;)Ldev/ryanhcode/sable/companion/math/Pose3dc; to mdca1030$sable$lambda$sable$clampZoom$0$1 in sable.mixins.json:camera.camera_zoom.CameraMixin from mod sable
[04июл.2026 11:23:11.447] [modloading-worker-0/DEBUG] [mixin/]: Mixing entity.entity_sublevel_collision.CameraMixin from sable.mixins.json into net.minecraft.client.Camera
[04июл.2026 11:23:11.448] [modloading-worker-0/DEBUG] [mixin/]: Mixing entity.entity_swimming.CameraMixin from sable.mixins.json into net.minecraft.client.Camera
[04июл.2026 11:23:11.452] [modloading-worker-0/DEBUG] [mixin/]: Mixing water_occlusion.CameraMixin from sable.mixins.json into net.minecraft.client.Camera
[04июл.2026 11:23:11.453] [modloading-worker-0/DEBUG] [mixin/]: Mixing camera_rotation.CameraMixin from sable-neoforge.mixins.json into net.minecraft.client.Camera
[04июл.2026 11:23:11.453] [modloading-worker-0/DEBUG] [mixin/]: Renaming synthetic method lambda$sable$rotateView$0(Ldev/ryanhcode/sable/sublevel/SubLevel;)Ldev/ryanhcode/sable/companion/math/Pose3dc; to mdca1030$sable$lambda$sable$rotateView$0$2 in sable-neoforge.mixins.json:camera_rotation.CameraMixin from mod sable
[04июл.2026 11:23:11.461] [modloading-worker-0/DEBUG] [mixin/]: sable.mixins.json:camera.camera_zoom.CameraMixin from mod sable->@Inject::sable$preTick(Lorg/spongepowered/asm/mixin/injection/callback/CallbackInfo;)V doesn't use it's CallbackInfo
[04июл.2026 11:23:11.461] [modloading-worker-0/DEBUG] [mixin/]: sable.mixins.json:camera.camera_zoom.CameraMixin from mod sable->@Inject::sable$preTick(Lorg/spongepowered/asm/mixin/injection/callback/CallbackInfo;)V has 0 override(s) in child classes
[04июл.2026 11:23:11.461] [modloading-worker-0/DEBUG] [mixin/]: sable.mixins.json:camera.camera_zoom.CameraMixin from mod sable->@Inject::sable$preTick(Lorg/spongepowered/asm/mixin/injection/callback/CallbackInfo;)V won't be passed a CallbackInfo as a result
[04июл.2026 11:23:11.461] [modloading-worker-0/DEBUG] [mixin/]: sable.mixins.json:camera.camera_zoom.CameraMixin from mod sable->@Inject::sable$setup(Lnet/minecraft/world/level/BlockGetter;Lnet/minecraft/world/entity/Entity;ZZFLorg/spongepowered/asm/mixin/injection/callback/CallbackInfo;)V doesn't use it's CallbackInfo
[04июл.2026 11:23:11.461] [modloading-worker-0/DEBUG] [mixin/]: sable.mixins.json:camera.camera_zoom.CameraMixin from mod sable->@Inject::sable$setup(Lnet/minecraft/world/level/BlockGetter;Lnet/minecraft/world/entity/Entity;ZZFLorg/spongepowered/asm/mixin/injection/callback/CallbackInfo;)V has 0 override(s) in child classes
[04июл.2026 11:23:11.461] [modloading-worker-0/DEBUG] [mixin/]: sable.mixins.json:camera.camera_zoom.CameraMixin from mod sable->@Inject::sable$setup(Lnet/minecraft/world/level/BlockGetter;Lnet/minecraft/world/entity/Entity;ZZFLorg/spongepowered/asm/mixin/injection/callback/CallbackInfo;)V won't be passed a CallbackInfo as a result
[04июл.2026 11:23:11.461] [modloading-worker-0/DEBUG] [mixin/]: sable.mixins.json:camera.camera_zoom.CameraMixin from mod sable->@Inject::sable$getMaxZoomHead(FLorg/spongepowered/asm/mixin/injection/callback/CallbackInfoReturnable;)V does use it's CallbackInfoReturnable
[04июл.2026 11:23:11.461] [modloading-worker-0/DEBUG] [mixin/]: sable.mixins.json:camera.camera_zoom.CameraMixin from mod sable->@Inject::sable$getMaxZoomTail(FLorg/spongepowered/asm/mixin/injection/callback/CallbackInfoReturnable;)V doesn't use it's CallbackInfoReturnable
[04июл.2026 11:23:11.461] [modloading-worker-0/DEBUG] [mixin/]: sable.mixins.json:camera.camera_zoom.CameraMixin from mod sable->@Inject::sable$getMaxZoomTail(FLorg/spongepowered/asm/mixin/injection/callback/CallbackInfoReturnable;)V has 0 override(s) in child classes
[04июл.2026 11:23:11.461] [modloading-worker-0/DEBUG] [mixin/]: sable.mixins.json:camera.camera_zoom.CameraMixin from mod sable->@Inject::sable$getMaxZoomTail(FLorg/spongepowered/asm/mixin/injection/callback/CallbackInfoReturnable;)V won't be passed a CallbackInfoReturnable as a result
[04июл.2026 11:23:11.461] [modloading-worker-0/DEBUG] [mixin/]: sable.mixins.json:entity.entity_swimming.CameraMixin from mod sable->@Inject::sable$getFluidInCamera(Lorg/spongepowered/asm/mixin/injection/callback/CallbackInfoReturnable;)V does use it's CallbackInfoReturnable
[04июл.2026 11:23:11.461] [modloading-worker-0/DEBUG] [mixin/]: sable.mixins.json:entity.entity_swimming.CameraMixin from mod sable->@Inject::sable$getFluidInCamera(Lorg/spongepowered/asm/mixin/injection/callback/CallbackInfoReturnable;)V does use it's CallbackInfoReturnable
[04июл.2026 11:23:11.461] [modloading-worker-0/DEBUG] [mixin/]: sable.mixins.json:entity.entity_swimming.CameraMixin from mod sable->@Inject::sable$getFluidInCamera(Lorg/spongepowered/asm/mixin/injection/callback/CallbackInfoReturnable;)V does use it's CallbackInfoReturnable
[04июл.2026 11:23:11.461] [modloading-worker-0/DEBUG] [mixin/]: sable.mixins.json:entity.entity_swimming.CameraMixin from mod sable->@Inject::sable$getFluidInCamera(Lorg/spongepowered/asm/mixin/injection/callback/CallbackInfoReturnable;)V does use it's CallbackInfoReturnable
[04июл.2026 11:23:11.461] [modloading-worker-0/DEBUG] [mixin/]: sable.mixins.json:entity.entity_swimming.CameraMixin from mod sable->@Inject::sable$getFluidInCamera(Lorg/spongepowered/asm/mixin/injection/callback/CallbackInfoReturnable;)V does use it's CallbackInfoReturnable
[04июл.2026 11:23:11.461] [modloading-worker-0/DEBUG] [mixin/]: sable.mixins.json:water_occlusion.CameraMixin from mod sable->@Inject::sable$getFluidInCamera(Lorg/spongepowered/asm/mixin/injection/callback/CallbackInfoReturnable;)V does use it's CallbackInfoReturnable
[04июл.2026 11:23:11.461] [modloading-worker-0/DEBUG] [mixin/]: sable.mixins.json:water_occlusion.CameraMixin from mod sable->@Inject::sable$getFluidInCamera(Lorg/spongepowered/asm/mixin/injection/callback/CallbackInfoReturnable;)V does use it's CallbackInfoReturnable
[04июл.2026 11:23:11.462] [modloading-worker-0/DEBUG] [mixin/]: sable.mixins.json:water_occlusion.CameraMixin from mod sable->@Inject::sable$getFluidInCamera(Lorg/spongepowered/asm/mixin/injection/callback/CallbackInfoReturnable;)V does use it's CallbackInfoReturnable
[04июл.2026 11:23:11.462] [modloading-worker-0/DEBUG] [mixin/]: sable.mixins.json:water_occlusion.CameraMixin from mod sable->@Inject::sable$getFluidInCamera(Lorg/spongepowered/asm/mixin/injection/callback/CallbackInfoReturnable;)V does use it's CallbackInfoReturnable
[04июл.2026 11:23:11.462] [modloading-worker-0/DEBUG] [mixin/]: sable.mixins.json:water_occlusion.CameraMixin from mod sable->@Inject::sable$getFluidInCamera(Lorg/spongepowered/asm/mixin/injection/callback/CallbackInfoReturnable;)V does use it's CallbackInfoReturnable
[04июл.2026 11:23:11.462] [modloading-worker-0/DEBUG] [mixin/]: sable-neoforge.mixins.json:camera_rotation.CameraMixin from mod sable->@Inject::sable$rotateView(FFFLorg/spongepowered/asm/mixin/injection/callback/CallbackInfo;)V doesn't use it's CallbackInfo
[04июл.2026 11:23:11.462] [modloading-worker-0/DEBUG] [mixin/]: sable-neoforge.mixins.json:camera_rotation.CameraMixin from mod sable->@Inject::sable$rotateView(FFFLorg/spongepowered/asm/mixin/injection/callback/CallbackInfo;)V has 0 override(s) in child classes
[04июл.2026 11:23:11.462] [modloading-worker-0/DEBUG] [mixin/]: sable-neoforge.mixins.json:camera_rotation.CameraMixin from mod sable->@Inject::sable$rotateView(FFFLorg/spongepowered/asm/mixin/injection/callback/CallbackInfo;)V won't be passed a CallbackInfo as a result
[04июл.2026 11:23:11.462] [modloading-worker-0/DEBUG] [mixin/]: Mixing ShaftBlockMixin from createdieselgenerators.mixins.json into com.simibubi.create.content.kinetics.simpleRelays.ShaftBlock
[04июл.2026 11:23:11.463] [modloading-worker-0/DEBUG] [mixin/]: createdieselgenerators.mixins.json:ShaftBlockMixin from mod createdieselgenerators: Class version 65 required is higher than the class version supported by the current version of Mixin (JAVA_17 supports class version 61)
[04июл.2026 11:23:11.463] [modloading-worker-0/DEBUG] [io.netty.buffer.AbstractByteBuf/]: -Dio.netty.buffer.checkAccessible: true
[04июл.2026 11:23:11.463] [modloading-worker-0/DEBUG] [io.netty.buffer.AbstractByteBuf/]: -Dio.netty.buffer.checkBounds: true
[04июл.2026 11:23:11.464] [modloading-worker-0/DEBUG] [mixin/]: createdieselgenerators.mixins.json:ShaftBlockMixin from mod createdieselgenerators->@Inject::pickCorrectShaftType(Lnet/minecraft/world/level/block/state/BlockState;Lnet/minecraft/world/level/Level;Lnet/minecraft/core/BlockPos;Lorg/spongepowered/asm/mixin/injection/callback/CallbackInfoReturnable;)V does use it's CallbackInfoReturnable
[04июл.2026 11:23:11.464] [modloading-worker-0/DEBUG] [io.netty.util.ResourceLeakDetectorFactory/]: Loaded default ResourceLeakDetector: io.netty.util.ResourceLeakDetector@4cde39dc
[04июл.2026 11:23:11.465] [modloading-worker-0/INFO] [com.simibubi.create.Create/]: Create 6.0.10 initializing! Commit hash: ac0c444d9828da3453ae8cc65338e8de063286fb
[04июл.2026 11:23:11.466] [modloading-worker-0/DEBUG] [mezz.jei.common.config.file.ConfigSerializer/]: Loading config file: C:\Users\Kostya\Documents\GitHub\create_AES\runs\client\config\jei\jei-client.ini
[04июл.2026 11:23:11.467] [modloading-worker-0/DEBUG] [mezz.jei.common.config.file.ConfigSchema/]: Localization has not loaded yet, waiting to save the config file until JEI starts.
[04июл.2026 11:23:11.469] [modloading-worker-0/DEBUG] [mixin/]: Mixing client.FrustumMixin from veil.perspective.mixins.json into net.minecraft.client.renderer.culling.Frustum
[04июл.2026 11:23:11.470] [modloading-worker-0/DEBUG] [mixin/]: Mixing client.PipelineFrustumMixin from veil.pipeline.mixins.json into net.minecraft.client.renderer.culling.Frustum
[04июл.2026 11:23:11.477] [modloading-worker-0/INFO] [mezz.jei.library.load.PluginCaller/]: Sending ConfigManager...
[04июл.2026 11:23:11.480] [modloading-worker-0/DEBUG] [mezz.jei.library.load.PluginCallerTimerRunnable/]: Sending ConfigManager: jei:minecraft...
[04июл.2026 11:23:11.480] [modloading-worker-0/DEBUG] [mezz.jei.library.load.PluginCallerTimerRunnable/]: Sending ConfigManager: simulated:jei_plugin...
[04июл.2026 11:23:11.480] [modloading-worker-0/DEBUG] [mezz.jei.library.load.PluginCallerTimerRunnable/]: Sending ConfigManager: simulated:jei_plugin...
[04июл.2026 11:23:11.480] [modloading-worker-0/DEBUG] [mezz.jei.library.load.PluginCallerTimerRunnable/]: Sending ConfigManager: createdieselgenerators:jei_plugin...
[04июл.2026 11:23:11.480] [modloading-worker-0/DEBUG] [mezz.jei.library.load.PluginCallerTimerRunnable/]: Sending ConfigManager: jei:neoforge_gui...
[04июл.2026 11:23:11.480] [modloading-worker-0/DEBUG] [mezz.jei.library.load.PluginCallerTimerRunnable/]: Sending ConfigManager: jei:debug...
[04июл.2026 11:23:11.480] [modloading-worker-0/DEBUG] [mezz.jei.library.load.PluginCallerTimerRunnable/]: Sending ConfigManager: jei:gui...
[04июл.2026 11:23:11.481] [modloading-worker-0/DEBUG] [mezz.jei.library.load.PluginCallerTimerRunnable/]: Sending ConfigManager: create:jei_plugin...
[04июл.2026 11:23:11.481] [modloading-worker-0/DEBUG] [mezz.jei.library.load.PluginCallerTimerRunnable/]: Sending ConfigManager: jei:internal...
[04июл.2026 11:23:11.482] [modloading-worker-0/INFO] [mezz.jei.library.load.PluginCaller/]: Sending ConfigManager took 3.105 milliseconds
[04июл.2026 11:23:11.486] [modloading-worker-0/DEBUG] [mixin/]: Mixing accessor.RegistryDataAccessor from veil.registry.mixins.json into net.minecraft.resources.RegistryDataLoader$RegistryData
[04июл.2026 11:23:11.498] [modloading-worker-0/DEBUG] [io.netty.util.internal.InternalThreadLocalMap/]: -Dio.netty.threadLocalMap.stringBuilder.initialSize: 1024
[04июл.2026 11:23:11.498] [modloading-worker-0/DEBUG] [io.netty.util.internal.InternalThreadLocalMap/]: -Dio.netty.threadLocalMap.stringBuilder.maxSize: 4096
[04июл.2026 11:23:11.500] [modloading-worker-0/DEBUG] [mixin/]: Mixing extra_kinetics.EncasedCogwheelBlockMixin from simulated.mixins.json into com.simibubi.create.content.kinetics.simpleRelays.encased.EncasedCogwheelBlock
[04июл.2026 11:23:11.500] [modloading-worker-0/DEBUG] [net.neoforged.fml.javafmlmod.AutomaticEventSubscriber/LOADING]: Attempting to inject @EventBusSubscriber classes into the eventbus for jei
[04июл.2026 11:23:11.503] [modloading-worker-0/DEBUG] [io.netty.buffer.PooledByteBufAllocator/]: -Dio.netty.allocator.numHeapArenas: 40
[04июл.2026 11:23:11.503] [modloading-worker-0/DEBUG] [io.netty.buffer.PooledByteBufAllocator/]: -Dio.netty.allocator.numDirectArenas: 40
[04июл.2026 11:23:11.503] [modloading-worker-0/DEBUG] [io.netty.buffer.PooledByteBufAllocator/]: -Dio.netty.allocator.pageSize: 8192
[04июл.2026 11:23:11.503] [modloading-worker-0/DEBUG] [io.netty.buffer.PooledByteBufAllocator/]: -Dio.netty.allocator.maxOrder: 9
[04июл.2026 11:23:11.503] [modloading-worker-0/DEBUG] [io.netty.buffer.PooledByteBufAllocator/]: -Dio.netty.allocator.chunkSize: 4194304
[04июл.2026 11:23:11.503] [modloading-worker-0/DEBUG] [io.netty.buffer.PooledByteBufAllocator/]: -Dio.netty.allocator.smallCacheSize: 256
[04июл.2026 11:23:11.503] [modloading-worker-0/DEBUG] [io.netty.buffer.PooledByteBufAllocator/]: -Dio.netty.allocator.normalCacheSize: 64
[04июл.2026 11:23:11.503] [modloading-worker-0/DEBUG] [io.netty.buffer.PooledByteBufAllocator/]: -Dio.netty.allocator.maxCachedBufferCapacity: 32768
[04июл.2026 11:23:11.503] [modloading-worker-0/DEBUG] [io.netty.buffer.PooledByteBufAllocator/]: -Dio.netty.allocator.cacheTrimInterval: 8192
[04июл.2026 11:23:11.503] [modloading-worker-0/DEBUG] [io.netty.buffer.PooledByteBufAllocator/]: -Dio.netty.allocator.cacheTrimIntervalMillis: 0
[04июл.2026 11:23:11.503] [modloading-worker-0/DEBUG] [io.netty.buffer.PooledByteBufAllocator/]: -Dio.netty.allocator.useCacheForAllThreads: false
[04июл.2026 11:23:11.503] [modloading-worker-0/DEBUG] [io.netty.buffer.PooledByteBufAllocator/]: -Dio.netty.allocator.maxCachedByteBuffersPerChunk: 1023
[04июл.2026 11:23:11.510] [modloading-worker-0/DEBUG] [mixin/]: Mixing create_assembly.MechanicalBearingBlockEntityMixin from simulated.mixins.json into com.simibubi.create.content.contraptions.bearing.MechanicalBearingBlockEntity
[04июл.2026 11:23:11.510] [modloading-worker-0/DEBUG] [mixin/]: Mixing torsion_spring.MechanicalBearingBlockEntityMixin from simulated.mixins.json into com.simibubi.create.content.contraptions.bearing.MechanicalBearingBlockEntity
[04июл.2026 11:23:11.521] [modloading-worker-0/DEBUG] [mixin/]: Mixing accessor.ContraptionAccessor from simulated.mixins.json into com.simibubi.create.content.contraptions.Contraption
[04июл.2026 11:23:11.521] [modloading-worker-0/DEBUG] [mixin/]: Mixing ContraptionMixin from createdieselgenerators.mixins.json into com.simibubi.create.content.contraptions.Contraption
[04июл.2026 11:23:11.521] [modloading-worker-0/DEBUG] [mixin/]: createdieselgenerators.mixins.json:ContraptionMixin from mod createdieselgenerators: Class version 65 required is higher than the class version supported by the current version of Mixin (JAVA_17 supports class version 61)
[04июл.2026 11:23:11.522] [modloading-worker-0/DEBUG] [io.netty.buffer.ByteBufUtil/]: -Dio.netty.allocator.type: pooled
[04июл.2026 11:23:11.522] [modloading-worker-0/DEBUG] [mixin/]: createdieselgenerators.mixins.json:ContraptionMixin from mod createdieselgenerators->@Inject::getBlockEntityNBT(Lnet/minecraft/world/level/Level;Lnet/minecraft/core/BlockPos;Lorg/spongepowered/asm/mixin/injection/callback/CallbackInfoReturnable;)V does use it's CallbackInfoReturnable
[04июл.2026 11:23:11.522] [modloading-worker-0/DEBUG] [io.netty.buffer.ByteBufUtil/]: -Dio.netty.threadLocalDirectBufferSize: 0
[04июл.2026 11:23:11.522] [modloading-worker-0/DEBUG] [io.netty.buffer.ByteBufUtil/]: -Dio.netty.maxThreadLocalCharBufferSize: 16384
[04июл.2026 11:23:11.522] [modloading-worker-0/DEBUG] [mixin/]: createdieselgenerators.mixins.json:ContraptionMixin from mod createdieselgenerators->@Inject::getBlockEntityNBT(Lnet/minecraft/world/level/Level;Lnet/minecraft/core/BlockPos;Lorg/spongepowered/asm/mixin/injection/callback/CallbackInfoReturnable;)V does use it's CallbackInfoReturnable
[04июл.2026 11:23:11.526] [modloading-worker-0/DEBUG] [mixin/]: Mixing propeller_bearing.BearingContraptionMixin from aeronautics.mixins.json into com.simibubi.create.content.contraptions.bearing.BearingContraption
[04июл.2026 11:23:11.526] [modloading-worker-0/DEBUG] [mixin/]: aeronautics.mixins.json:propeller_bearing.BearingContraptionMixin from mod aeronautics: Class version 65 required is higher than the class version supported by the current version of Mixin (JAVA_18 supports class version 62)
[04июл.2026 11:23:11.529] [modloading-worker-0/DEBUG] [mixin/]: aeronautics.mixins.json:propeller_bearing.BearingContraptionMixin from mod aeronautics->@Inject::aeronautics$addSailsWithTempSails(Lnet/minecraft/world/level/Level;Lnet/minecraft/core/BlockPos;Lorg/spongepowered/asm/mixin/injection/callback/CallbackInfoReturnable;)V doesn't use it's CallbackInfoReturnable
[04июл.2026 11:23:11.529] [modloading-worker-0/DEBUG] [mixin/]: aeronautics.mixins.json:propeller_bearing.BearingContraptionMixin from mod aeronautics->@Inject::aeronautics$addSailsWithTempSails(Lnet/minecraft/world/level/Level;Lnet/minecraft/core/BlockPos;Lorg/spongepowered/asm/mixin/injection/callback/CallbackInfoReturnable;)V has 0 override(s) in child classes
[04июл.2026 11:23:11.529] [modloading-worker-0/DEBUG] [mixin/]: aeronautics.mixins.json:propeller_bearing.BearingContraptionMixin from mod aeronautics->@Inject::aeronautics$addSailsWithTempSails(Lnet/minecraft/world/level/Level;Lnet/minecraft/core/BlockPos;Lorg/spongepowered/asm/mixin/injection/callback/CallbackInfoReturnable;)V won't be passed a CallbackInfoReturnable as a result
[04июл.2026 11:23:11.531] [modloading-worker-0/DEBUG] [mixin/]: Mixing udp.ConnectionMixin from sable.mixins.json into net.minecraft.network.Connection
[04июл.2026 11:23:11.532] [modloading-worker-0/DEBUG] [mixin/]: Renaming synthetic method lambda$sable$onDisconnect$0(Lio/netty/util/concurrent/Future;)V to mdca1030$sable$lambda$sable$onDisconnect$0$0 in sable.mixins.json:udp.ConnectionMixin from mod sable
[04июл.2026 11:23:11.536] [modloading-worker-0/DEBUG] [mixin/]: sable.mixins.json:udp.ConnectionMixin from mod sable->@Inject::sable$onDisconnect(Lnet/minecraft/network/DisconnectionDetails;Lorg/spongepowered/asm/mixin/injection/callback/CallbackInfo;)V doesn't use it's CallbackInfo
[04июл.2026 11:23:11.536] [modloading-worker-0/DEBUG] [mixin/]: sable.mixins.json:udp.ConnectionMixin from mod sable->@Inject::sable$onDisconnect(Lnet/minecraft/network/DisconnectionDetails;Lorg/spongepowered/asm/mixin/injection/callback/CallbackInfo;)V has 0 override(s) in child classes
[04июл.2026 11:23:11.536] [modloading-worker-0/DEBUG] [mixin/]: sable.mixins.json:udp.ConnectionMixin from mod sable->@Inject::sable$onDisconnect(Lnet/minecraft/network/DisconnectionDetails;Lorg/spongepowered/asm/mixin/injection/callback/CallbackInfo;)V won't be passed a CallbackInfo as a result
[04июл.2026 11:23:11.536] [modloading-worker-0/DEBUG] [mixin/]: sable.mixins.json:udp.ConnectionMixin from mod sable->@Inject::sable$connect(Ljava/net/InetSocketAddress;ZLnet/minecraft/network/Connection;Lorg/spongepowered/asm/mixin/injection/callback/CallbackInfoReturnable;)V doesn't use it's CallbackInfoReturnable
[04июл.2026 11:23:11.537] [modloading-worker-0/DEBUG] [mixin/]: sable.mixins.json:udp.ConnectionMixin from mod sable->@Inject::sable$connectToLocalServer(Ljava/net/SocketAddress;Lorg/spongepowered/asm/mixin/injection/callback/CallbackInfoReturnable;)V doesn't use it's CallbackInfoReturnable
[04июл.2026 11:23:11.537] [modloading-worker-0/DEBUG] [mixin/]: Mixing accessor.ControlledContraptionEntityAccessor from simulated.mixins.json into com.simibubi.create.content.contraptions.ControlledContraptionEntity
[04июл.2026 11:23:11.538] [modloading-worker-0/DEBUG] [mixin/]: Mixing auger_shaft.GirderBlockMixin from simulated.mixins.json into com.simibubi.create.content.decoration.girder.GirderBlock
[04июл.2026 11:23:11.542] [modloading-worker-0/DEBUG] [mixin/]: simulated.mixins.json:auger_shaft.GirderBlockMixin from mod simulated->@Inject::connectToAugers(Lnet/minecraft/world/level/BlockAndTintGetter;Lnet/minecraft/core/BlockPos;Lnet/minecraft/world/level/block/state/BlockState;Lnet/minecraft/core/Direction;Lorg/spongepowered/asm/mixin/injection/callback/CallbackInfoReturnable;)V does use it's CallbackInfoReturnable
[04июл.2026 11:23:11.542] [modloading-worker-0/DEBUG] [mixin/]: Mixing compatibility.create.contraptions.AbstractContraptionEntityMixin from sable-neoforge.mixins.json into com.simibubi.create.content.contraptions.AbstractContraptionEntity
[04июл.2026 11:23:11.558] [modloading-worker-0/DEBUG] [mixin/]: sable-neoforge.mixins.json:compatibility.create.contraptions.AbstractContraptionEntityMixin from mod sable->@Inject::sable$contraptionInitialize(Lorg/spongepowered/asm/mixin/injection/callback/CallbackInfo;)V doesn't use it's CallbackInfo
[04июл.2026 11:23:11.558] [modloading-worker-0/DEBUG] [mixin/]: sable-neoforge.mixins.json:compatibility.create.contraptions.AbstractContraptionEntityMixin from mod sable->@Inject::sable$contraptionInitialize(Lorg/spongepowered/asm/mixin/injection/callback/CallbackInfo;)V has 0 override(s) in child classes
[04июл.2026 11:23:11.558] [modloading-worker-0/DEBUG] [mixin/]: sable-neoforge.mixins.json:compatibility.create.contraptions.AbstractContraptionEntityMixin from mod sable->@Inject::sable$contraptionInitialize(Lorg/spongepowered/asm/mixin/injection/callback/CallbackInfo;)V won't be passed a CallbackInfo as a result
[04июл.2026 11:23:11.561] [modloading-worker-0/DEBUG] [mixin/]: Mixing compatibility.create.belt.BeltBlockMixin from sable-neoforge.mixins.json into com.simibubi.create.content.kinetics.belt.BeltBlock
[04июл.2026 11:23:11.561] [modloading-worker-0/DEBUG] [mixin/]: Mixing compatibility.create.entity_falls_on_block.BeltMillstoneBlocksMixin from sable-neoforge.mixins.json into com.simibubi.create.content.kinetics.belt.BeltBlock
[04июл.2026 11:23:11.561] [modloading-worker-0/DEBUG] [mixin/]: Renaming synthetic method lambda$sable$checkForSubLevels$0(Lcom/tterrag/registrate/util/entry/BlockEntry;Lnet/minecraft/world/level/Level;Ldev/ryanhcode/sable/companion/SubLevelAccess;Lnet/minecraft/core/BlockPos;)Lnet/minecraft/core/BlockPos; to mdca1030$sable$lambda$sable$checkForSubLevels$0$0 in sable-neoforge.mixins.json:compatibility.create.entity_falls_on_block.BeltMillstoneBlocksMixin from mod sable
[04июл.2026 11:23:11.563] [modloading-worker-0/DEBUG] [mixin/]: Mixing borehead_collision.BoreheadContraptionEntityMixin from offroad.mixins.json into dev.ryanhcode.offroad.content.entities.BoreheadContraptionEntity
[04июл.2026 11:23:11.563] [modloading-worker-0/DEBUG] [mixin/]: offroad.mixins.json:borehead_collision.BoreheadContraptionEntityMixin from mod offroad: Class version 65 required is higher than the class version supported by the current version of Mixin (JAVA_18 supports class version 62)
[04июл.2026 11:23:11.565] [modloading-worker-0/DEBUG] [net.neoforged.fml.javafmlmod.AutomaticEventSubscriber/]: Subscribing @EventBusSubscriber class Lnet/neoforged/neoforge/network/filters/GenericPacketSplitter; to the mod event bus of mod neoforge
[04июл.2026 11:23:11.567] [modloading-worker-0/DEBUG] [mixin/]: Mixing compatibility.create.belt.BeltBlockEntityMixin from sable-neoforge.mixins.json into com.simibubi.create.content.kinetics.belt.BeltBlockEntity
[04июл.2026 11:23:11.568] [modloading-worker-0/DEBUG] [net.neoforged.fml.javafmlmod.AutomaticEventSubscriber/LOADING]: Scanning class net.neoforged.neoforge.network.ConfigurationInitialization for @SubscribeEvent-annotated methods
[04июл.2026 11:23:11.569] [modloading-worker-0/DEBUG] [Ponder/]: Loaded net.createmod.catnip.platform.NeoForgePlatformHelper@2d78530e for service interface net.createmod.catnip.platform.services.PlatformHelper
[04июл.2026 11:23:11.571] [modloading-worker-0/DEBUG] [Ponder/]: Loaded net.createmod.catnip.platform.NeoForgeFluidHelper@19bf12a2 for service interface net.createmod.catnip.platform.services.ModFluidHelper
[04июл.2026 11:23:11.573] [modloading-worker-0/DEBUG] [net.neoforged.fml.javafmlmod.AutomaticEventSubscriber/]: Subscribing @EventBusSubscriber class Lnet/neoforged/neoforge/network/ConfigurationInitialization; to the mod event bus of mod neoforge
[04июл.2026 11:23:11.573] [modloading-worker-0/DEBUG] [net.neoforged.fml.javafmlmod.AutomaticEventSubscriber/LOADING]: Scanning class net.neoforged.neoforge.common.MonsterRoomHooks for @SubscribeEvent-annotated methods
[04июл.2026 11:23:11.574] [modloading-worker-0/DEBUG] [Ponder/]: Loaded net.createmod.catnip.platform.NeoForgeHooksHelper@3bddd686 for service interface net.createmod.catnip.platform.services.ModHooksHelper
[04июл.2026 11:23:11.575] [modloading-worker-0/DEBUG] [net.neoforged.fml.javafmlmod.AutomaticEventSubscriber/]: Subscribing @EventBusSubscriber class Lnet/neoforged/neoforge/common/MonsterRoomHooks; to the game event bus
[04июл.2026 11:23:11.576] [modloading-worker-0/DEBUG] [net.neoforged.fml.javafmlmod.AutomaticEventSubscriber/LOADING]: Scanning class net.neoforged.neoforge.common.DeferredSpawnEggItem$CommonHandler for @SubscribeEvent-annotated methods
[04июл.2026 11:23:11.577] [modloading-worker-0/DEBUG] [mixin/]: Mixing compatibility.create.chain_conveyor.ChainConveyorBlockMixin from sable-neoforge.mixins.json into com.simibubi.create.content.kinetics.chainConveyor.ChainConveyorBlock
[04июл.2026 11:23:11.577] [modloading-worker-0/DEBUG] [Ponder/]: Loaded net.createmod.catnip.platform.NeoForgeNetworkHelper@1fa804b2 for service interface net.createmod.catnip.platform.services.NetworkHelper
[04июл.2026 11:23:11.578] [modloading-worker-0/DEBUG] [net.neoforged.fml.javafmlmod.AutomaticEventSubscriber/]: Subscribing @EventBusSubscriber class Lnet/neoforged/neoforge/common/DeferredSpawnEggItem$CommonHandler; to the mod event bus of mod neoforge
[04июл.2026 11:23:11.579] [modloading-worker-0/DEBUG] [net.neoforged.fml.javafmlmod.AutomaticEventSubscriber/LOADING]: Scanning class net.neoforged.neoforge.common.DeferredSpawnEggItem$ColorRegisterHandler for @SubscribeEvent-annotated methods
[04июл.2026 11:23:11.580] [modloading-worker-0/DEBUG] [net.neoforged.fml.javafmlmod.AutomaticEventSubscriber/]: Subscribing @EventBusSubscriber class Lnet/neoforged/neoforge/common/DeferredSpawnEggItem$ColorRegisterHandler; to the mod event bus of mod neoforge
[04июл.2026 11:23:11.580] [modloading-worker-0/DEBUG] [net.neoforged.fml.javafmlmod.AutomaticEventSubscriber/LOADING]: Scanning class net.neoforged.neoforge.client.ParticleBoundsDebugRenderer for @SubscribeEvent-annotated methods
[04июл.2026 11:23:11.581] [modloading-worker-0/DEBUG] [mixin/]: Mixing client.PipelinePoseStackMixin from veil.pipeline.mixins.json into com.mojang.blaze3d.vertex.PoseStack
[04июл.2026 11:23:11.582] [modloading-worker-0/DEBUG] [mixin/]: Mixing PoseStackAccessor from flywheel.impl.mixins.json into com.mojang.blaze3d.vertex.PoseStack
[04июл.2026 11:23:11.582] [modloading-worker-0/DEBUG] [mixin/]: Mixing PoseStackMixin from flywheel.impl.mixins.json into com.mojang.blaze3d.vertex.PoseStack
[04июл.2026 11:23:11.585] [modloading-worker-0/DEBUG] [mixin/]: Mixing multiloader.CommonRedstoneBlockMixin from simulated-neoforge.mixins.json into dev.simulated_team.simulated.multiloader.CommonRedstoneBlock
[04июл.2026 11:23:11.588] [modloading-worker-0/DEBUG] [mixin/]: Mixing particle.ParticleMixin from sable.mixins.json into net.minecraft.client.particle.Particle
[04июл.2026 11:23:11.589] [modloading-worker-0/DEBUG] [mixin/]: Renaming synthetic method lambda$resolveAABBCollision$0(IIILorg/joml/Vector3d;Ldev/ryanhcode/sable/companion/math/BoundingBox3d;[DLorg/joml/Vector3d;DDDDDD)V to mdca1030$sable$lambda$resolveAABBCollision$0$0 in sable.mixins.json:particle.ParticleMixin from mod sable
[04июл.2026 11:23:11.600] [modloading-worker-0/DEBUG] [mixin/]: sable.mixins.json:particle.ParticleMixin from mod sable->@Inject::sable$addUpwardsVelocity(Lnet/minecraft/client/multiplayer/ClientLevel;DDDDDDLorg/spongepowered/asm/mixin/injection/callback/CallbackInfo;)V doesn't use it's CallbackInfo
[04июл.2026 11:23:11.600] [modloading-worker-0/DEBUG] [mixin/]: sable.mixins.json:particle.ParticleMixin from mod sable->@Inject::sable$addUpwardsVelocity(Lnet/minecraft/client/multiplayer/ClientLevel;DDDDDDLorg/spongepowered/asm/mixin/injection/callback/CallbackInfo;)V has 0 override(s) in child classes
[04июл.2026 11:23:11.600] [modloading-worker-0/DEBUG] [mixin/]: sable.mixins.json:particle.ParticleMixin from mod sable->@Inject::sable$addUpwardsVelocity(Lnet/minecraft/client/multiplayer/ClientLevel;DDDDDDLorg/spongepowered/asm/mixin/injection/callback/CallbackInfo;)V won't be passed a CallbackInfo as a result
[04июл.2026 11:23:11.600] [modloading-worker-0/DEBUG] [mixin/]: sable.mixins.json:particle.ParticleMixin from mod sable->@Inject::sable$checkSubLevelLightColor(FLorg/spongepowered/asm/mixin/injection/callback/CallbackInfoReturnable;)V does use it's CallbackInfoReturnable
[04июл.2026 11:23:11.602] [modloading-worker-0/DEBUG] [net.neoforged.fml.javafmlmod.AutomaticEventSubscriber/]: Subscribing @EventBusSubscriber class Lnet/neoforged/neoforge/client/ParticleBoundsDebugRenderer; to the game event bus
[04июл.2026 11:23:11.602] [modloading-worker-0/DEBUG] [net.neoforged.fml.javafmlmod.AutomaticEventSubscriber/LOADING]: Scanning class net.neoforged.neoforge.client.model.data.ModelDataManager for @SubscribeEvent-annotated methods
[04июл.2026 11:23:11.603] [modloading-worker-0/DEBUG] [mixin/]: Mixing diagram.LightTextureMixin from simulated.mixins.json into net.minecraft.client.renderer.LightTexture
[04июл.2026 11:23:11.606] [modloading-worker-0/DEBUG] [net.neoforged.fml.javafmlmod.AutomaticEventSubscriber/]: Subscribing @EventBusSubscriber class Lnet/neoforged/neoforge/client/model/data/ModelDataManager; to the game event bus
[04июл.2026 11:23:11.607] [modloading-worker-0/DEBUG] [net.neoforged.fml.javafmlmod.AutomaticEventSubscriber/LOADING]: Scanning class net.neoforged.neoforge.client.ClientHooks$ClientEvents for @SubscribeEvent-annotated methods
[04июл.2026 11:23:11.607] [modloading-worker-0/DEBUG] [net.neoforged.fml.javafmlmod.AutomaticEventSubscriber/]: Subscribing @EventBusSubscriber class Lnet/neoforged/neoforge/client/ClientHooks$ClientEvents; to the mod event bus of mod neoforge
[04июл.2026 11:23:11.607] [modloading-worker-0/DEBUG] [mixin/]: Mixing compatibility.create.behaviour_compatibility.BlockEntityBehaviourMixin from sable-neoforge.mixins.json into com.simibubi.create.foundation.blockEntity.behaviour.BlockEntityBehaviour
[04июл.2026 11:23:11.607] [modloading-worker-0/DEBUG] [net.neoforged.fml.javafmlmod.AutomaticEventSubscriber/LOADING]: Scanning class net.neoforged.neoforge.client.BlockEntityRenderBoundsDebugRenderer for @SubscribeEvent-annotated methods
[04июл.2026 11:23:11.608] [modloading-worker-0/DEBUG] [mixin/]: Renaming synthetic method lambda$sable$accountForSubLevels$0(Lnet/minecraft/world/level/Level;Ldev/ryanhcode/sable/sublevel/SubLevel;Lnet/minecraft/core/BlockPos;)Lnet/minecraft/world/level/block/entity/BlockEntity; to mdca1030$sable$lambda$sable$accountForSubLevels$0$0 in sable-neoforge.mixins.json:compatibility.create.behaviour_compatibility.BlockEntityBehaviourMixin from mod sable
[04июл.2026 11:23:11.609] [modloading-worker-0/DEBUG] [mixin/]: sable-neoforge.mixins.json:compatibility.create.behaviour_compatibility.BlockEntityBehaviourMixin from mod sable->@Inject::sable$accountForSubLevels(Lnet/minecraft/world/level/BlockGetter;Lnet/minecraft/core/BlockPos;Lcom/simibubi/create/foundation/blockEntity/behaviour/BehaviourType;Lorg/spongepowered/asm/mixin/injection/callback/CallbackInfoReturnable;)V does use it's CallbackInfoReturnable
[04июл.2026 11:23:11.610] [modloading-worker-0/DEBUG] [net.neoforged.fml.javafmlmod.AutomaticEventSubscriber/]: Subscribing @EventBusSubscriber class Lnet/neoforged/neoforge/client/BlockEntityRenderBoundsDebugRenderer; to the game event bus
[04июл.2026 11:23:11.610] [modloading-worker-0/DEBUG] [net.neoforged.fml.javafmlmod.AutomaticEventSubscriber/LOADING]: Scanning class net.neoforged.neoforge.attachment.AttachmentSync for @SubscribeEvent-annotated methods
[04июл.2026 11:23:11.613] [modloading-worker-0/DEBUG] [mixin/]: Mixing compatibility.create.turntable.TurntableBlockMixin from sable-neoforge.mixins.json into com.simibubi.create.content.kinetics.turntable.TurntableBlock
[04июл.2026 11:23:11.614] [modloading-worker-0/DEBUG] [net.neoforged.fml.javafmlmod.AutomaticEventSubscriber/]: Subscribing @EventBusSubscriber class Lnet/neoforged/neoforge/attachment/AttachmentSync; to the game event bus
[04июл.2026 11:23:11.614] [modloading-worker-0/DEBUG] [net.neoforged.fml.javafmlmod.AutomaticEventSubscriber/LOADING]: Scanning class net.neoforged.neoforge.attachment.AttachmentInternals for @SubscribeEvent-annotated methods
[04июл.2026 11:23:11.615] [modloading-worker-0/DEBUG] [net.neoforged.fml.javafmlmod.AutomaticEventSubscriber/]: Subscribing @EventBusSubscriber class Lnet/neoforged/neoforge/attachment/AttachmentInternals; to the game event bus
[04июл.2026 11:23:11.616] [modloading-worker-0/DEBUG] [mixin/]: Mixing compatibility.create.super_glue.SuperGlueEntityMixin from sable-neoforge.mixins.json into com.simibubi.create.content.contraptions.glue.SuperGlueEntity
[04июл.2026 11:23:11.617] [modloading-worker-0/DEBUG] [mixin/]: Renaming synthetic method lambda$sable$collectGlueEntities$0(Ljava/util/List;Lnet/minecraft/world/entity/Entity;)Lnet/minecraft/util/AbortableIterationConsumer$Continuation; to mdca1030$sable$lambda$sable$collectGlueEntities$0$0 in sable-neoforge.mixins.json:compatibility.create.super_glue.SuperGlueEntityMixin from mod sable
[04июл.2026 11:23:11.620] [modloading-worker-0/DEBUG] [mixin/]: Mixing compatibility.create.entity_falls_on_block.BeltMillstoneBlocksMixin from sable-neoforge.mixins.json into com.simibubi.create.content.kinetics.millstone.MillstoneBlock
[04июл.2026 11:23:11.621] [modloading-worker-0/DEBUG] [mixin/]: Mixing compatibility.create.basin_interactions.BasinOperatingBlockEntityMixin from sable-neoforge.mixins.json into com.simibubi.create.content.processing.basin.BasinOperatingBlockEntity
[04июл.2026 11:23:11.622] [modloading-worker-0/DEBUG] [mixin/]: Renaming synthetic method lambda$sable$accountForSubLevels$0(Lnet/minecraft/world/level/Level;Ldev/ryanhcode/sable/sublevel/SubLevel;Lnet/minecraft/core/BlockPos;)Lnet/minecraft/world/level/block/entity/BlockEntity; to mdca1030$sable$lambda$sable$accountForSubLevels$0$0 in sable-neoforge.mixins.json:compatibility.create.basin_interactions.BasinOperatingBlockEntityMixin from mod sable
[04июл.2026 11:23:11.622] [modloading-worker-0/DEBUG] [mixin/]: sable-neoforge.mixins.json:compatibility.create.basin_interactions.BasinOperatingBlockEntityMixin from mod sable->@Inject::sable$forceUpdate(Lorg/spongepowered/asm/mixin/injection/callback/CallbackInfo;)V doesn't use it's CallbackInfo
[04июл.2026 11:23:11.622] [modloading-worker-0/DEBUG] [mixin/]: sable-neoforge.mixins.json:compatibility.create.basin_interactions.BasinOperatingBlockEntityMixin from mod sable->@Inject::sable$forceUpdate(Lorg/spongepowered/asm/mixin/injection/callback/CallbackInfo;)V has 0 override(s) in child classes
[04июл.2026 11:23:11.622] [modloading-worker-0/DEBUG] [mixin/]: sable-neoforge.mixins.json:compatibility.create.basin_interactions.BasinOperatingBlockEntityMixin from mod sable->@Inject::sable$forceUpdate(Lorg/spongepowered/asm/mixin/injection/callback/CallbackInfo;)V won't be passed a CallbackInfo as a result
[04июл.2026 11:23:11.623] [modloading-worker-0/DEBUG] [mixin/]: Mixing compatibility.create.crushing_wheel.CrushingWheelBlockMixin from sable-neoforge.mixins.json into com.simibubi.create.content.kinetics.crusher.CrushingWheelBlock
[04июл.2026 11:23:11.627] [modloading-worker-0/DEBUG] [mixin/]: Mixing accessor.ItemStackHandlerAccessor from create.mixins.json into net.neoforged.neoforge.items.ItemStackHandler
[04июл.2026 11:23:11.630] [modloading-worker-0/DEBUG] [mixin/]: Mixing compatibility.create.entity_falls_on_block.BasinBlockMixin from sable-neoforge.mixins.json into com.simibubi.create.content.processing.basin.BasinBlock
[04июл.2026 11:23:11.630] [modloading-worker-0/DEBUG] [net.neoforged.fml.ModContainer/]: Attempted to register an empty config for type CLIENT on mod offroad
[04июл.2026 11:23:11.630] [modloading-worker-0/DEBUG] [net.neoforged.fml.config.ConfigTracker/CONFIG]: Config file offroad-server.toml for offroad tracking
[04июл.2026 11:23:11.630] [modloading-worker-0/DEBUG] [mixin/]: Mixing sublevel_sounds.AbstractSoundInstanceMixin from sable.mixins.json into net.minecraft.client.resources.sounds.AbstractSoundInstance
[04июл.2026 11:23:11.631] [modloading-worker-0/DEBUG] [mixin/]: Mixing compatibility.create.basin_interactions.BasinBlockEntityMixin from sable-neoforge.mixins.json into com.simibubi.create.content.processing.basin.BasinBlockEntity
[04июл.2026 11:23:11.631] [modloading-worker-0/DEBUG] [mixin/]: Renaming synthetic method lambda$sable$accountForSubLevels$1(Lcom/llamalad7/mixinextras/injector/wrapoperation/Operation;Lnet/minecraft/world/level/Level;Ldev/ryanhcode/sable/sublevel/SubLevel;Lnet/minecraft/core/BlockPos;)Lnet/minecraft/world/level/block/entity/BlockEntity; to mdca1030$sable$lambda$sable$accountForSubLevels$1$0 in sable-neoforge.mixins.json:compatibility.create.basin_interactions.BasinBlockEntityMixin from mod sable
[04июл.2026 11:23:11.631] [modloading-worker-0/DEBUG] [mixin/]: Renaming synthetic method lambda$sable$accountForSubLevels$0(Lnet/minecraft/world/level/Level;Ldev/ryanhcode/sable/sublevel/SubLevel;Lnet/minecraft/core/BlockPos;)Lcom/simibubi/create/content/processing/burner/BlazeBurnerBlock$HeatLevel; to mdca1030$sable$lambda$sable$accountForSubLevels$0$1 in sable-neoforge.mixins.json:compatibility.create.basin_interactions.BasinBlockEntityMixin from mod sable
[04июл.2026 11:23:11.632] [modloading-worker-0/DEBUG] [mixin/]: sable-neoforge.mixins.json:compatibility.create.basin_interactions.BasinBlockEntityMixin from mod sable->@Inject::sable$accountForSubLevels(Lorg/spongepowered/asm/mixin/injection/callback/CallbackInfoReturnable;)V does use it's CallbackInfoReturnable
[04июл.2026 11:23:11.636] [modloading-worker-0/DEBUG] [mixin/]: Mixing new_ponder.PonderSceneRegistryMixin from simulated.mixins.json into net.createmod.ponder.foundation.registration.PonderSceneRegistry
[04июл.2026 11:23:11.636] [modloading-worker-0/DEBUG] [mixin/]: simulated.mixins.json:new_ponder.PonderSceneRegistryMixin from mod simulated->@Inject::simulated$compile(Lnet/minecraft/resources/ResourceLocation;Lorg/spongepowered/asm/mixin/injection/callback/CallbackInfoReturnable;)V does use it's CallbackInfoReturnable
[04июл.2026 11:23:11.636] [modloading-worker-0/DEBUG] [mixin/]: simulated.mixins.json:new_ponder.PonderSceneRegistryMixin from mod simulated->@Inject::simulated$compile(Lnet/minecraft/resources/ResourceLocation;Lorg/spongepowered/asm/mixin/injection/callback/CallbackInfoReturnable;)V does use it's CallbackInfoReturnable
[04июл.2026 11:23:11.640] [modloading-worker-0/DEBUG] [net.neoforged.fml.javafmlmod.AutomaticEventSubscriber/LOADING]: Attempting to inject @EventBusSubscriber classes into the eventbus for offroad
[04июл.2026 11:23:11.640] [modloading-worker-0/DEBUG] [net.neoforged.fml.javafmlmod.AutomaticEventSubscriber/LOADING]: Scanning class dev.ryanhcode.offroad.neoforge.service.NeoForgeOffroadConfigService for @SubscribeEvent-annotated methods
[04июл.2026 11:23:11.640] [modloading-worker-0/DEBUG] [net.neoforged.fml.javafmlmod.AutomaticEventSubscriber/]: Subscribing @EventBusSubscriber class Ldev/ryanhcode/offroad/neoforge/service/NeoForgeOffroadConfigService; to the mod event bus of mod offroad
[04июл.2026 11:23:11.641] [modloading-worker-0/DEBUG] [mixin/]: Mixing BasinRecipeMixin from createdieselgenerators.mixins.json into com.simibubi.create.content.processing.basin.BasinRecipe
[04июл.2026 11:23:11.641] [modloading-worker-0/DEBUG] [mixin/]: createdieselgenerators.mixins.json:BasinRecipeMixin from mod createdieselgenerators: Class version 65 required is higher than the class version supported by the current version of Mixin (JAVA_17 supports class version 61)
[04июл.2026 11:23:11.642] [modloading-worker-0/DEBUG] [mixin/]: createdieselgenerators.mixins.json:BasinRecipeMixin from mod createdieselgenerators->@Inject::apply(Lcom/simibubi/create/content/processing/basin/BasinBlockEntity;Lnet/minecraft/world/item/crafting/Recipe;ZLorg/spongepowered/asm/mixin/injection/callback/CallbackInfoReturnable;)V does use it's CallbackInfoReturnable
[04июл.2026 11:23:11.644] [modloading-worker-0/DEBUG] [mixin/]: Mixing MountedItemStorageMixin from offroad.neoforge.mixins.json into com.simibubi.create.api.contraption.storage.item.MountedItemStorage
[04июл.2026 11:23:11.647] [modloading-worker-0/DEBUG] [mixin/]: Mixing self_mixins.DiagramEntityMixin from simulated-neoforge.mixins.json into dev.simulated_team.simulated.content.entities.diagram.DiagramEntity
[04июл.2026 11:23:11.653] [modloading-worker-0/DEBUG] [mixin/]: Mixing item_renderer.PhysicsStaffItemMixin from simulated-neoforge.mixins.json into dev.simulated_team.simulated.content.physics_staff.PhysicsStaffItem
[04июл.2026 11:23:11.655] [modloading-worker-0/DEBUG] [mixin/]: Mixing self_mixins.PlungerLauncherItemMixin from simulated-neoforge.mixins.json into dev.simulated_team.simulated.content.items.plunger_launcher.PlungerLauncherItem
[04июл.2026 11:23:11.661] [modloading-worker-0/DEBUG] [mixin/]: Mixing assembly_preventer.ServerSubLevelMixin from simulated.mixins.json into dev.ryanhcode.sable.sublevel.ServerSubLevel
[04июл.2026 11:23:11.663] [modloading-worker-0/DEBUG] [net.neoforged.fml.config.ConfigTracker/CONFIG]: Config file createdieselgenerators-client.toml for createdieselgenerators tracking
[04июл.2026 11:23:11.663] [modloading-worker-0/DEBUG] [net.neoforged.fml.config.ConfigTracker/CONFIG]: Config file createdieselgenerators-server.toml for createdieselgenerators tracking
[04июл.2026 11:23:11.663] [modloading-worker-0/DEBUG] [net.neoforged.fml.config.ConfigTracker/CONFIG]: Config file createdieselgenerators-common.toml for createdieselgenerators tracking
[04июл.2026 11:23:11.663] [modloading-worker-0/DEBUG] [net.neoforged.fml.javafmlmod.AutomaticEventSubscriber/LOADING]: Attempting to inject @EventBusSubscriber classes into the eventbus for createdieselgenerators
[04июл.2026 11:23:11.663] [modloading-worker-0/DEBUG] [net.neoforged.fml.javafmlmod.AutomaticEventSubscriber/LOADING]: Scanning class com.jesz.createdieselgenerators.events.ModEvents for @SubscribeEvent-annotated methods
[04июл.2026 11:23:11.664] [modloading-worker-0/DEBUG] [net.neoforged.fml.javafmlmod.AutomaticEventSubscriber/]: Subscribing @EventBusSubscriber class Lcom/jesz/createdieselgenerators/events/ModEvents; to the mod event bus of mod createdieselgenerators
[04июл.2026 11:23:11.666] [modloading-worker-0/DEBUG] [net.neoforged.fml.javafmlmod.AutomaticEventSubscriber/LOADING]: Scanning class com.jesz.createdieselgenerators.events.GameEvents for @SubscribeEvent-annotated methods
[04июл.2026 11:23:11.667] [modloading-worker-0/DEBUG] [net.neoforged.fml.javafmlmod.AutomaticEventSubscriber/]: Subscribing @EventBusSubscriber class Lcom/jesz/createdieselgenerators/events/GameEvents; to the game event bus
[04июл.2026 11:23:11.692] [modloading-worker-0/DEBUG] [mixin/]: Mixing compatibility.create.sticker.StickerBlockMixin from sable-neoforge.mixins.json into com.simibubi.create.content.contraptions.chassis.StickerBlock
[04июл.2026 11:23:11.696] [modloading-worker-0/DEBUG] [mixin/]: Mixing compatibility.create.block_breakers.BlockBreakingKineticBlockEntityDamageMixin from sable-neoforge.mixins.json into com.simibubi.create.content.kinetics.drill.DrillBlock
[04июл.2026 11:23:11.699] [modloading-worker-0/DEBUG] [mixin/]: Mixing compatibility.create.behaviour_compatibility.block_breaking_behaviour.BlockBreakingMovementBehaviourMixin from sable-neoforge.mixins.json into com.simibubi.create.content.kinetics.base.BlockBreakingMovementBehaviour
[04июл.2026 11:23:11.699] [modloading-worker-0/DEBUG] [mixin/]: Renaming synthetic method lambda$sable$testBreakingPosDist$1(Lnet/minecraft/nbt/CompoundTag;)Lnet/minecraft/core/BlockPos; to mdca1030$sable$lambda$sable$testBreakingPosDist$1$0 in sable-neoforge.mixins.json:compatibility.create.behaviour_compatibility.block_breaking_behaviour.BlockBreakingMovementBehaviourMixin from mod sable
[04июл.2026 11:23:11.699] [modloading-worker-0/DEBUG] [mixin/]: Renaming synthetic method lambda$sable$checkPosition$0(Lcom/simibubi/create/content/contraptions/behaviour/MovementContext;Lnet/minecraft/core/BlockPos;Lnet/minecraft/world/level/block/state/BlockState;)Z to mdca1030$sable$lambda$sable$checkPosition$0$1 in sable-neoforge.mixins.json:compatibility.create.behaviour_compatibility.block_breaking_behaviour.BlockBreakingMovementBehaviourMixin from mod sable
[04июл.2026 11:23:11.701] [modloading-worker-0/DEBUG] [mixin/]: sable-neoforge.mixins.json:compatibility.create.behaviour_compatibility.block_breaking_behaviour.BlockBreakingMovementBehaviourMixin from mod sable->@Inject::sable$testBreakingPosDist(Lcom/simibubi/create/content/contraptions/behaviour/MovementContext;Lorg/spongepowered/asm/mixin/injection/callback/CallbackInfo;)V does use it's CallbackInfo
[04июл.2026 11:23:11.702] [modloading-worker-0/DEBUG] [mixin/]: Mixing compatibility.create.block_breakers.BlockBreakingKineticBlockEntityDamageMixin from sable-neoforge.mixins.json into com.simibubi.create.content.kinetics.saw.SawBlock
[04июл.2026 11:23:11.703] [modloading-worker-0/DEBUG] [mixin/]: Mixing compatibility.create.entity_falls_on_block.SawBlockMixin from sable-neoforge.mixins.json into com.simibubi.create.content.kinetics.saw.SawBlock
[04июл.2026 11:23:11.705] [modloading-worker-0/DEBUG] [mixin/]: Mixing compatibility.create.behaviour_compatibility.block_breaking_behaviour.SawMovementBehaviourMixin from sable-neoforge.mixins.json into com.simibubi.create.content.kinetics.saw.SawMovementBehaviour
[04июл.2026 11:23:11.707] [modloading-worker-0/DEBUG] [net.neoforged.fml.javafmlmod.AutomaticEventSubscriber/LOADING]: Attempting to inject @EventBusSubscriber classes into the eventbus for veil
[04июл.2026 11:23:11.708] [modloading-worker-0/DEBUG] [net.neoforged.fml.javafmlmod.AutomaticEventSubscriber/LOADING]: Scanning class foundry.veil.forge.impl.ForgeRenderTypeStageHandler for @SubscribeEvent-annotated methods
[04июл.2026 11:23:11.708] [modloading-worker-0/DEBUG] [net.neoforged.fml.javafmlmod.AutomaticEventSubscriber/]: Subscribing @EventBusSubscriber class Lfoundry/veil/forge/impl/ForgeRenderTypeStageHandler; to the game event bus
[04июл.2026 11:23:11.708] [modloading-worker-0/DEBUG] [net.neoforged.fml.javafmlmod.AutomaticEventSubscriber/LOADING]: Scanning class foundry.veil.forge.VeilForgeEvents for @SubscribeEvent-annotated methods
[04июл.2026 11:23:11.708] [modloading-worker-0/DEBUG] [net.neoforged.fml.javafmlmod.AutomaticEventSubscriber/]: Subscribing @EventBusSubscriber class Lfoundry/veil/forge/VeilForgeEvents; to the game event bus
[04июл.2026 11:23:11.709] [modloading-worker-0/DEBUG] [net.neoforged.fml.javafmlmod.AutomaticEventSubscriber/LOADING]: Scanning class foundry.veil.forge.VeilForgeClientEvents for @SubscribeEvent-annotated methods
[04июл.2026 11:23:11.710] [modloading-worker-0/DEBUG] [net.neoforged.fml.javafmlmod.AutomaticEventSubscriber/]: Subscribing @EventBusSubscriber class Lfoundry/veil/forge/VeilForgeClientEvents; to the game event bus
[04июл.2026 11:23:11.711] [modloading-worker-0/DEBUG] [mixin/]: Mixing compatibility.create.redstone_contacts.RedstoneContactBlockMixin from sable-neoforge.mixins.json into com.simibubi.create.content.redstone.contact.RedstoneContactBlock
[04июл.2026 11:23:11.719] [modloading-worker-0/DEBUG] [mixin/]: Mixing compatibility.create.behaviour_compatibility.harvester_block_entity.HarvesterBlockMixin from sable-neoforge.mixins.json into com.simibubi.create.content.contraptions.actors.harvester.HarvesterBlock
[04июл.2026 11:23:11.720] [modloading-worker-0/DEBUG] [mixin/]: Mixing self_mixins.HoneyGlueEntityMixin from simulated-neoforge.mixins.json into dev.simulated_team.simulated.content.entities.honey_glue.HoneyGlueEntity
[04июл.2026 11:23:11.721] [modloading-worker-0/DEBUG] [mixin/]: Mixing compatibility.create.behaviour_compatibility.harvester_behaviour.HarvesterMovementBehaviourMixin from sable-neoforge.mixins.json into com.simibubi.create.content.contraptions.actors.harvester.HarvesterMovementBehaviour
[04июл.2026 11:23:11.721] [modloading-worker-0/DEBUG] [mixin/]: Renaming synthetic method lambda$sable$checkAllPositions$0(Lcom/llamalad7/mixinextras/injector/wrapoperation/Operation;Lcom/simibubi/create/content/contraptions/behaviour/MovementContext;Ldev/ryanhcode/sable/sublevel/SubLevel;Lnet/minecraft/core/BlockPos;)Ljava/lang/Object; to mdca1030$sable$lambda$sable$checkAllPositions$0$0 in sable-neoforge.mixins.json:compatibility.create.behaviour_compatibility.harvester_behaviour.HarvesterMovementBehaviourMixin from mod sable
[04июл.2026 11:23:11.721] [modloading-worker-0/DEBUG] [mixin/]: Mixing compatibility.create.behaviour_compatibility.harvester_block_entity.HarvesterBlockEntityUsageMixin from sable-neoforge.mixins.json into com.simibubi.create.content.contraptions.actors.harvester.HarvesterMovementBehaviour
[04июл.2026 11:23:11.744] [modloading-worker-0/DEBUG] [mixin/]: Mixing compatibility.create.tracks.TrackBlockMixin from sable-neoforge.mixins.json into com.simibubi.create.content.trains.track.TrackBlock
[04июл.2026 11:23:11.749] [modloading-worker-0/DEBUG] [mixin/]: Mixing balloon.SimAssemblyHelperMixin from aeronautics.mixins.json into dev.simulated_team.simulated.util.SimAssemblyHelper
[04июл.2026 11:23:11.750] [modloading-worker-0/DEBUG] [mixin/]: aeronautics.mixins.json:balloon.SimAssemblyHelperMixin from mod aeronautics: Class version 65 required is higher than the class version supported by the current version of Mixin (JAVA_18 supports class version 62)
[04июл.2026 11:23:11.751] [modloading-worker-0/DEBUG] [mixin/]: aeronautics.mixins.json:balloon.SimAssemblyHelperMixin from mod aeronautics->@Inject::aeronautics$needsBitSet(Lnet/minecraft/world/level/Level;Ldev/ryanhcode/sable/sublevel/SubLevel;Lnet/minecraft/core/BlockPos;Lnet/minecraft/core/BlockPos;Lnet/minecraft/world/level/block/Rotation;ZLorg/spongepowered/asm/mixin/injection/callback/CallbackInfo;)V doesn't use it's CallbackInfo
[04июл.2026 11:23:11.756] [modloading-worker-0/DEBUG] [mixin/]: Mixing compatibility.create.tracks.TrackBlockItemMixin from sable-neoforge.mixins.json into com.simibubi.create.content.trains.track.TrackBlockItem
[04июл.2026 11:23:11.760] [modloading-worker-0/DEBUG] [net.neoforged.fml.config.ConfigTracker/CONFIG]: Config file simulated-client.toml for simulated tracking
[04июл.2026 11:23:11.760] [modloading-worker-0/DEBUG] [net.neoforged.fml.config.ConfigTracker/CONFIG]: Config file simulated-server.toml for simulated tracking
[04июл.2026 11:23:11.764] [modloading-worker-0/DEBUG] [mixin/]: Mixing compatibility.create.tracks.TrackBlockItemMixin from sable-neoforge.mixins.json into com.simibubi.create.content.trains.track.TrackTargetingBlockItem
[04июл.2026 11:23:11.769] [modloading-worker-0/DEBUG] [mixin/]: Mixing compatibility.create.funnels.FunnelBlockMixin from sable-neoforge.mixins.json into com.simibubi.create.content.logistics.funnel.FunnelBlock
[04июл.2026 11:23:11.781] [modloading-worker-0/DEBUG] [mixin/]: Mixing compatibility.create.render_fixes.SafeBlockEntityRendererMixin from sable-neoforge.mixins.json into com.simibubi.create.foundation.blockEntity.renderer.SafeBlockEntityRenderer
[04июл.2026 11:23:11.783] [modloading-worker-0/DEBUG] [net.neoforged.fml.javafmlmod.AutomaticEventSubscriber/LOADING]: Attempting to inject @EventBusSubscriber classes into the eventbus for simulated
[04июл.2026 11:23:11.783] [modloading-worker-0/DEBUG] [net.neoforged.fml.javafmlmod.AutomaticEventSubscriber/LOADING]: Scanning class dev.simulated_team.simulated.neoforge.events.SimNeoForgeCommonEvents for @SubscribeEvent-annotated methods
[04июл.2026 11:23:11.783] [modloading-worker-0/DEBUG] [net.neoforged.fml.javafmlmod.AutomaticEventSubscriber/]: Subscribing @EventBusSubscriber class Ldev/simulated_team/simulated/neoforge/events/SimNeoForgeCommonEvents; to the game event bus
[04июл.2026 11:23:11.783] [modloading-worker-0/DEBUG] [net.neoforged.fml.javafmlmod.AutomaticEventSubscriber/LOADING]: Scanning class dev.simulated_team.simulated.neoforge.events.SimNeoForgeCommonEvents$ModBusEvents for @SubscribeEvent-annotated methods
[04июл.2026 11:23:11.783] [modloading-worker-0/DEBUG] [net.neoforged.fml.javafmlmod.AutomaticEventSubscriber/]: Subscribing @EventBusSubscriber class Ldev/simulated_team/simulated/neoforge/events/SimNeoForgeCommonEvents$ModBusEvents; to the mod event bus of mod simulated
[04июл.2026 11:23:11.783] [modloading-worker-0/DEBUG] [net.neoforged.fml.javafmlmod.AutomaticEventSubscriber/LOADING]: Scanning class dev.simulated_team.simulated.neoforge.events.SimNeoForgeClientEvents for @SubscribeEvent-annotated methods
[04июл.2026 11:23:11.784] [modloading-worker-0/DEBUG] [net.neoforged.fml.javafmlmod.AutomaticEventSubscriber/]: Subscribing @EventBusSubscriber class Ldev/simulated_team/simulated/neoforge/events/SimNeoForgeClientEvents; to the game event bus
[04июл.2026 11:23:11.784] [modloading-worker-0/DEBUG] [net.neoforged.fml.javafmlmod.AutomaticEventSubscriber/LOADING]: Scanning class dev.simulated_team.simulated.neoforge.events.SimNeoForgeClientEvents$ModBusEvents for @SubscribeEvent-annotated methods
[04июл.2026 11:23:11.784] [modloading-worker-0/DEBUG] [net.neoforged.fml.javafmlmod.AutomaticEventSubscriber/]: Subscribing @EventBusSubscriber class Ldev/simulated_team/simulated/neoforge/events/SimNeoForgeClientEvents$ModBusEvents; to the mod event bus of mod simulated
[04июл.2026 11:23:11.785] [modloading-worker-0/DEBUG] [mixin/]: Mixing compatibility.create.frogports.FrogportBlockMixin from sable-neoforge.mixins.json into com.simibubi.create.content.logistics.packagePort.frogport.FrogportBlock
[04июл.2026 11:23:11.787] [modloading-worker-0/DEBUG] [mixin/]: Mixing compatibility.create.frogports.FrogportBlockEntityMixin from sable-neoforge.mixins.json into com.simibubi.create.content.logistics.packagePort.frogport.FrogportBlockEntity
[04июл.2026 11:23:11.797] [modloading-worker-0/DEBUG] [mixin/]: Mixing compatibility.create.display_link.DisplayLinkBlockMixin from sable-neoforge.mixins.json into com.simibubi.create.content.redstone.displayLink.DisplayLinkBlock
[04июл.2026 11:23:11.798] [modloading-worker-0/DEBUG] [mixin/]: Mixing conditional_display_target.DisplayLinkScreenMixin from simulated.mixins.json into com.simibubi.create.content.redstone.displayLink.DisplayLinkScreen
[04июл.2026 11:23:11.802] [modloading-worker-0/DEBUG] [mixin/]: Mixing compatibility.create.display_link.ClickToLinkBlockItemMixin from sable-neoforge.mixins.json into com.simibubi.create.content.redstone.displayLink.ClickToLinkBlockItem
[04июл.2026 11:23:11.806] [modloading-worker-0/DEBUG] [mixin/]: Mixing nav_table_compat.RedstoneLinkBlockMixin from simulated.mixins.json into com.simibubi.create.content.redstone.link.RedstoneLinkBlock
[04июл.2026 11:23:11.821] [modloading-worker-0/DEBUG] [mixin/]: Mixing compatibility.create.vertical_gearbox.VerticalGearboxItemMixin from sable-neoforge.mixins.json into com.simibubi.create.content.kinetics.gearbox.VerticalGearboxItem
[04июл.2026 11:23:11.825] [modloading-worker-0/DEBUG] [mixin/]: Mixing compatibility.create.blueprint.BlueprintEntityMixin from sable-neoforge.mixins.json into com.simibubi.create.content.equipment.blueprint.BlueprintEntity
[04июл.2026 11:23:11.831] [modloading-worker-0/DEBUG] [mixin/]: Mixing linked_controller_binding.LinkedControllerItemMixin from simulated.mixins.json into com.simibubi.create.content.redstone.link.controller.LinkedControllerItem
[04июл.2026 11:23:11.834] [modloading-worker-0/DEBUG] [mixin/]: Mixing potato_cannon_projectiles.PotatoProjectileEntityMixin from aeronautics.mixins.json into com.simibubi.create.content.equipment.potatoCannon.PotatoProjectileEntity
[04июл.2026 11:23:11.835] [modloading-worker-0/DEBUG] [mixin/]: aeronautics.mixins.json:potato_cannon_projectiles.PotatoProjectileEntityMixin from mod aeronautics: Class version 65 required is higher than the class version supported by the current version of Mixin (JAVA_18 supports class version 62)
[04июл.2026 11:23:11.836] [modloading-worker-0/DEBUG] [mixin/]: aeronautics.mixins.json:potato_cannon_projectiles.PotatoProjectileEntityMixin from mod aeronautics->@Inject::onHitEntity(Lnet/minecraft/world/phys/EntityHitResult;Lorg/spongepowered/asm/mixin/injection/callback/CallbackInfo;)V doesn't use it's CallbackInfo
[04июл.2026 11:23:11.836] [modloading-worker-0/DEBUG] [mixin/]: aeronautics.mixins.json:potato_cannon_projectiles.PotatoProjectileEntityMixin from mod aeronautics->@Inject::onHitEntity(Lnet/minecraft/world/phys/EntityHitResult;Lorg/spongepowered/asm/mixin/injection/callback/CallbackInfo;)V has 0 override(s) in child classes
[04июл.2026 11:23:11.836] [modloading-worker-0/DEBUG] [mixin/]: aeronautics.mixins.json:potato_cannon_projectiles.PotatoProjectileEntityMixin from mod aeronautics->@Inject::onHitEntity(Lnet/minecraft/world/phys/EntityHitResult;Lorg/spongepowered/asm/mixin/injection/callback/CallbackInfo;)V won't be passed a CallbackInfo as a result
[04июл.2026 11:23:11.837] [modloading-worker-0/DEBUG] [mixin/]: Mixing extendo_grip.ExtendoGripItemMixin from simulated.mixins.json into com.simibubi.create.content.equipment.extendoGrip.ExtendoGripItem
[04июл.2026 11:23:11.841] [modloading-worker-0/DEBUG] [mixin/]: Mixing compatibility.create.zapper.ZapperItemMixin from sable-neoforge.mixins.json into com.simibubi.create.content.equipment.zapper.ZapperItem
[04июл.2026 11:23:11.841] [modloading-worker-0/DEBUG] [mixin/]: sable-neoforge.mixins.json:compatibility.create.zapper.ZapperItemMixin from mod sable->@Inject::sable$projectTargetPos(Lnet/minecraft/world/level/Level;Lnet/minecraft/world/entity/player/Player;Lnet/minecraft/world/InteractionHand;Lorg/spongepowered/asm/mixin/injection/callback/CallbackInfoReturnable;)V doesn't use it's CallbackInfoReturnable
[04июл.2026 11:23:11.841] [modloading-worker-0/DEBUG] [mixin/]: sable-neoforge.mixins.json:compatibility.create.zapper.ZapperItemMixin from mod sable->@Inject::sable$projectTargetPos(Lnet/minecraft/world/level/Level;Lnet/minecraft/world/entity/player/Player;Lnet/minecraft/world/InteractionHand;Lorg/spongepowered/asm/mixin/injection/callback/CallbackInfoReturnable;)V has 0 override(s) in child classes
[04июл.2026 11:23:11.841] [modloading-worker-0/DEBUG] [mixin/]: sable-neoforge.mixins.json:compatibility.create.zapper.ZapperItemMixin from mod sable->@Inject::sable$projectTargetPos(Lnet/minecraft/world/level/Level;Lnet/minecraft/world/entity/player/Player;Lnet/minecraft/world/InteractionHand;Lorg/spongepowered/asm/mixin/injection/callback/CallbackInfoReturnable;)V won't be passed a CallbackInfoReturnable as a result
[04июл.2026 11:23:11.841] [modloading-worker-0/DEBUG] [mixin/]: sable-neoforge.mixins.json:compatibility.create.zapper.ZapperItemMixin from mod sable->@Inject::sable$projectTargetPos(Lnet/minecraft/world/level/Level;Lnet/minecraft/world/entity/player/Player;Lnet/minecraft/world/InteractionHand;Lorg/spongepowered/asm/mixin/injection/callback/CallbackInfoReturnable;)V doesn't use it's CallbackInfoReturnable
[04июл.2026 11:23:11.841] [modloading-worker-0/DEBUG] [mixin/]: sable-neoforge.mixins.json:compatibility.create.zapper.ZapperItemMixin from mod sable->@Inject::sable$projectTargetPos(Lnet/minecraft/world/level/Level;Lnet/minecraft/world/entity/player/Player;Lnet/minecraft/world/InteractionHand;Lorg/spongepowered/asm/mixin/injection/callback/CallbackInfoReturnable;)V has 0 override(s) in child classes
[04июл.2026 11:23:11.841] [modloading-worker-0/DEBUG] [mixin/]: sable-neoforge.mixins.json:compatibility.create.zapper.ZapperItemMixin from mod sable->@Inject::sable$projectTargetPos(Lnet/minecraft/world/level/Level;Lnet/minecraft/world/entity/player/Player;Lnet/minecraft/world/InteractionHand;Lorg/spongepowered/asm/mixin/injection/callback/CallbackInfoReturnable;)V won't be passed a CallbackInfoReturnable as a result
[04июл.2026 11:23:11.850] [modloading-worker-0/DEBUG] [mixin/]: Mixing compatibility.create.impact.AbstractBellBlockAccessor from sable-neoforge.mixins.json into com.simibubi.create.content.equipment.bell.AbstractBellBlock
[04июл.2026 11:23:11.850] [modloading-worker-0/DEBUG] [mixin/]: Mixing compatibility.create.impact.AbstractBellBlockMixin from sable-neoforge.mixins.json into com.simibubi.create.content.equipment.bell.AbstractBellBlock
[04июл.2026 11:23:11.863] [modloading-worker-0/DEBUG] [mixin/]: Mixing CopycatBlockMixin from createdieselgenerators.mixins.json into com.simibubi.create.content.decoration.copycat.CopycatBlock
[04июл.2026 11:23:11.863] [modloading-worker-0/DEBUG] [mixin/]: createdieselgenerators.mixins.json:CopycatBlockMixin from mod createdieselgenerators: Class version 65 required is higher than the class version supported by the current version of Mixin (JAVA_17 supports class version 61)
[04июл.2026 11:23:11.864] [modloading-worker-0/DEBUG] [mixin/]: createdieselgenerators.mixins.json:CopycatBlockMixin from mod createdieselgenerators->@Inject::use(Lnet/minecraft/world/item/ItemStack;Lnet/minecraft/world/level/block/state/BlockState;Lnet/minecraft/world/level/Level;Lnet/minecraft/core/BlockPos;Lnet/minecraft/world/entity/player/Player;Lnet/minecraft/world/InteractionHand;Lnet/minecraft/world/phys/BlockHitResult;Lorg/spongepowered/asm/mixin/injection/callback/CallbackInfoReturnable;)V does use it's CallbackInfoReturnable
[04июл.2026 11:23:11.901] [modloading-worker-0/DEBUG] [mixin/]: Mixing propeller_bearing.PropellerBearingContraptionEntityMixin from aeronautics.mixins.json into dev.eriksonn.aeronautics.content.blocks.propeller.bearing.contraption.PropellerBearingContraptionEntity
[04июл.2026 11:23:11.901] [modloading-worker-0/DEBUG] [mixin/]: aeronautics.mixins.json:propeller_bearing.PropellerBearingContraptionEntityMixin from mod aeronautics: Class version 65 required is higher than the class version supported by the current version of Mixin (JAVA_18 supports class version 62)
[04июл.2026 11:23:11.929] [modloading-worker-0/DEBUG] [net.neoforged.fml.ModContainer/]: Attempted to register an empty config for type CLIENT on mod aeronautics
[04июл.2026 11:23:11.929] [modloading-worker-0/DEBUG] [net.neoforged.fml.config.ConfigTracker/CONFIG]: Config file aeronautics-server.toml for aeronautics tracking
[04июл.2026 11:23:11.939] [modloading-worker-0/DEBUG] [mixin/]: Mixing compatibility.create.redstone_contacts.AllBlockEntityTypesMixin from sable-neoforge.mixins.json into com.simibubi.create.AllBlockEntityTypes
[04июл.2026 11:23:11.939] [modloading-worker-0/DEBUG] [net.neoforged.fml.javafmlmod.AutomaticEventSubscriber/LOADING]: Attempting to inject @EventBusSubscriber classes into the eventbus for aeronautics
[04июл.2026 11:23:11.939] [modloading-worker-0/DEBUG] [net.neoforged.fml.javafmlmod.AutomaticEventSubscriber/LOADING]: Scanning class dev.eriksonn.aeronautics.neoforge.events.AeroNeoForgeCommonEvents for @SubscribeEvent-annotated methods
[04июл.2026 11:23:11.939] [modloading-worker-0/DEBUG] [net.neoforged.fml.javafmlmod.AutomaticEventSubscriber/]: Subscribing @EventBusSubscriber class Ldev/eriksonn/aeronautics/neoforge/events/AeroNeoForgeCommonEvents; to the game event bus
[04июл.2026 11:23:11.939] [modloading-worker-0/DEBUG] [net.neoforged.fml.javafmlmod.AutomaticEventSubscriber/LOADING]: Scanning class dev.eriksonn.aeronautics.neoforge.events.AeroNeoForgeCommonEvents$ModBusEvents for @SubscribeEvent-annotated methods
[04июл.2026 11:23:11.939] [modloading-worker-0/DEBUG] [net.neoforged.fml.javafmlmod.AutomaticEventSubscriber/]: Subscribing @EventBusSubscriber class Ldev/eriksonn/aeronautics/neoforge/events/AeroNeoForgeCommonEvents$ModBusEvents; to the mod event bus of mod aeronautics
[04июл.2026 11:23:11.939] [modloading-worker-0/DEBUG] [net.neoforged.fml.javafmlmod.AutomaticEventSubscriber/LOADING]: Scanning class dev.eriksonn.aeronautics.neoforge.events.AeroNeoForgeClientEvents for @SubscribeEvent-annotated methods
[04июл.2026 11:23:11.939] [modloading-worker-0/DEBUG] [net.neoforged.fml.javafmlmod.AutomaticEventSubscriber/]: Subscribing @EventBusSubscriber class Ldev/eriksonn/aeronautics/neoforge/events/AeroNeoForgeClientEvents; to the game event bus
[04июл.2026 11:23:11.939] [modloading-worker-0/DEBUG] [net.neoforged.fml.javafmlmod.AutomaticEventSubscriber/LOADING]: Scanning class dev.eriksonn.aeronautics.neoforge.events.AeroNeoForgeClientEvents$ModBusEvents for @SubscribeEvent-annotated methods
[04июл.2026 11:23:11.939] [modloading-worker-0/DEBUG] [net.neoforged.fml.javafmlmod.AutomaticEventSubscriber/]: Subscribing @EventBusSubscriber class Ldev/eriksonn/aeronautics/neoforge/events/AeroNeoForgeClientEvents$ModBusEvents; to the mod event bus of mod aeronautics
[04июл.2026 11:23:11.946] [modloading-worker-0/DEBUG] [mixin/]: Mixing compatibility.create.fans_provide_force.EncasedFanBlockEntityMixin from sable-neoforge.mixins.json into com.simibubi.create.content.kinetics.fan.EncasedFanBlockEntity
[04июл.2026 11:23:11.948] [modloading-worker-0/DEBUG] [mixin/]: Mixing compatibility.create.nozzle.NozzleBlockEntityAccessor from sable-neoforge.mixins.json into com.simibubi.create.content.kinetics.fan.NozzleBlockEntity
[04июл.2026 11:23:11.948] [modloading-worker-0/DEBUG] [mixin/]: Mixing compatibility.create.nozzle.block_entity.NozzleBEFixesMixin from sable-neoforge.mixins.json into com.simibubi.create.content.kinetics.fan.NozzleBlockEntity
[04июл.2026 11:23:11.949] [modloading-worker-0/DEBUG] [mixin/]: Mixing compatibility.create.nozzle.block_entity.NozzleHoveringMixin from sable-neoforge.mixins.json into com.simibubi.create.content.kinetics.fan.NozzleBlockEntity
[04июл.2026 11:23:11.950] [modloading-worker-0/DEBUG] [mixin/]: Mixing compatibility.create.nozzle.block_entity.ValidNozzledirectionMixin from sable-neoforge.mixins.json into com.simibubi.create.content.kinetics.fan.NozzleBlockEntity
[04июл.2026 11:23:11.951] [modloading-worker-0/DEBUG] [mixin/]: sable-neoforge.mixins.json:compatibility.create.nozzle.block_entity.NozzleHoveringMixin from mod sable->@Inject::sable$generateRays(Lnet/minecraft/world/level/block/entity/BlockEntityType;Lnet/minecraft/core/BlockPos;Lnet/minecraft/world/level/block/state/BlockState;Lorg/spongepowered/asm/mixin/injection/callback/CallbackInfo;)V doesn't use it's CallbackInfo
[04июл.2026 11:23:11.952] [modloading-worker-0/DEBUG] [mixin/]: sable-neoforge.mixins.json:compatibility.create.nozzle.block_entity.NozzleHoveringMixin from mod sable->@Inject::sable$generateRays(Lnet/minecraft/world/level/block/entity/BlockEntityType;Lnet/minecraft/core/BlockPos;Lnet/minecraft/world/level/block/state/BlockState;Lorg/spongepowered/asm/mixin/injection/callback/CallbackInfo;)V has 0 override(s) in child classes
[04июл.2026 11:23:11.952] [modloading-worker-0/DEBUG] [mixin/]: sable-neoforge.mixins.json:compatibility.create.nozzle.block_entity.NozzleHoveringMixin from mod sable->@Inject::sable$generateRays(Lnet/minecraft/world/level/block/entity/BlockEntityType;Lnet/minecraft/core/BlockPos;Lnet/minecraft/world/level/block/state/BlockState;Lorg/spongepowered/asm/mixin/injection/callback/CallbackInfo;)V won't be passed a CallbackInfo as a result
[04июл.2026 11:23:11.952] [modloading-worker-0/DEBUG] [mixin/]: sable-neoforge.mixins.json:compatibility.create.nozzle.block_entity.NozzleHoveringMixin from mod sable->@Inject::addPhysicsParticles(Lorg/spongepowered/asm/mixin/injection/callback/CallbackInfo;)V doesn't use it's CallbackInfo
[04июл.2026 11:23:11.952] [modloading-worker-0/DEBUG] [mixin/]: sable-neoforge.mixins.json:compatibility.create.nozzle.block_entity.NozzleHoveringMixin from mod sable->@Inject::addPhysicsParticles(Lorg/spongepowered/asm/mixin/injection/callback/CallbackInfo;)V has 0 override(s) in child classes
[04июл.2026 11:23:11.952] [modloading-worker-0/DEBUG] [mixin/]: sable-neoforge.mixins.json:compatibility.create.nozzle.block_entity.NozzleHoveringMixin from mod sable->@Inject::addPhysicsParticles(Lorg/spongepowered/asm/mixin/injection/callback/CallbackInfo;)V won't be passed a CallbackInfo as a result
[04июл.2026 11:23:11.952] [modloading-worker-0/DEBUG] [mixin/]: sable-neoforge.mixins.json:compatibility.create.nozzle.block_entity.ValidNozzledirectionMixin from mod sable->@Inject::sable$updateValidDirections(Lorg/spongepowered/asm/mixin/injection/callback/CallbackInfo;)V doesn't use it's CallbackInfo
[04июл.2026 11:23:11.952] [modloading-worker-0/DEBUG] [mixin/]: sable-neoforge.mixins.json:compatibility.create.nozzle.block_entity.ValidNozzledirectionMixin from mod sable->@Inject::sable$updateValidDirections(Lorg/spongepowered/asm/mixin/injection/callback/CallbackInfo;)V has 0 override(s) in child classes
[04июл.2026 11:23:11.952] [modloading-worker-0/DEBUG] [mixin/]: sable-neoforge.mixins.json:compatibility.create.nozzle.block_entity.ValidNozzledirectionMixin from mod sable->@Inject::sable$updateValidDirections(Lorg/spongepowered/asm/mixin/injection/callback/CallbackInfo;)V won't be passed a CallbackInfo as a result
[04июл.2026 11:23:11.956] [modloading-worker-0/DEBUG] [mixin/]: Mixing compatibility.create.chain_conveyor.ChainConveyorBlockEntityMixin from sable-neoforge.mixins.json into com.simibubi.create.content.kinetics.chainConveyor.ChainConveyorBlockEntity
[04июл.2026 11:23:11.957] [modloading-worker-0/DEBUG] [mixin/]: Mixing compatibility.create.frogports.ChainConveyorBlockEntityMixin from sable-neoforge.mixins.json into com.simibubi.create.content.kinetics.chainConveyor.ChainConveyorBlockEntity
[04июл.2026 11:23:11.963] [modloading-worker-0/DEBUG] [mixin/]: sable-neoforge.mixins.json:compatibility.create.chain_conveyor.ChainConveyorBlockEntityMixin from mod sable->@Inject::dropInvalidPackages(Lorg/spongepowered/asm/mixin/injection/callback/CallbackInfo;)V doesn't use it's CallbackInfo
[04июл.2026 11:23:11.963] [modloading-worker-0/DEBUG] [mixin/]: sable-neoforge.mixins.json:compatibility.create.chain_conveyor.ChainConveyorBlockEntityMixin from mod sable->@Inject::dropInvalidPackages(Lorg/spongepowered/asm/mixin/injection/callback/CallbackInfo;)V has 0 override(s) in child classes
[04июл.2026 11:23:11.963] [modloading-worker-0/DEBUG] [mixin/]: sable-neoforge.mixins.json:compatibility.create.chain_conveyor.ChainConveyorBlockEntityMixin from mod sable->@Inject::dropInvalidPackages(Lorg/spongepowered/asm/mixin/injection/callback/CallbackInfo;)V won't be passed a CallbackInfo as a result
[04июл.2026 11:23:11.969] [modloading-worker-0/DEBUG] [mixin/]: Mixing compatibility.create.hose_pulley.HosePulleyBlockEntityMixin from sable-neoforge.mixins.json into com.simibubi.create.content.fluids.hosePulley.HosePulleyBlockEntity
[04июл.2026 11:23:11.969] [modloading-worker-0/DEBUG] [mixin/]: Renaming synthetic method lambda$sable$getBlockState$0(Lcom/llamalad7/mixinextras/injector/wrapoperation/Operation;Lnet/minecraft/world/level/Level;ZLdev/ryanhcode/sable/sublevel/SubLevel;Lnet/minecraft/core/BlockPos;)Lnet/minecraft/world/level/block/state/BlockState; to mdca1030$sable$lambda$sable$getBlockState$0$0 in sable-neoforge.mixins.json:compatibility.create.hose_pulley.HosePulleyBlockEntityMixin from mod sable
[04июл.2026 11:23:11.973] [modloading-worker-0/DEBUG] [mixin/]: Mixing compatibility.create.inventory_manipulation.ChuteBlockEntityMixin from sable-neoforge.mixins.json into com.simibubi.create.content.logistics.chute.ChuteBlockEntity
[04июл.2026 11:23:11.973] [modloading-worker-0/DEBUG] [mixin/]: Renaming synthetic method lambda$sable$grabCap$0(Lorg/joml/Vector3d;Lorg/joml/Vector3d;Lnet/minecraft/world/level/Level;Ldev/ryanhcode/sable/sublevel/SubLevel;Lnet/minecraft/core/BlockPos;)Lnet/neoforged/neoforge/items/IItemHandler; to mdca1030$sable$lambda$sable$grabCap$0$0 in sable-neoforge.mixins.json:compatibility.create.inventory_manipulation.ChuteBlockEntityMixin from mod sable
[04июл.2026 11:23:11.997] [modloading-worker-0/DEBUG] [mixin/]: Mixing create_assembly.LinearActuatorBlockEntityMixin from simulated.mixins.json into com.simibubi.create.content.contraptions.piston.LinearActuatorBlockEntity
[04июл.2026 11:23:11.999] [modloading-worker-0/DEBUG] [mixin/]: Mixing create_assembly.ClockworkBearingBlockEntityMixin from simulated.mixins.json into com.simibubi.create.content.contraptions.bearing.ClockworkBearingBlockEntity
[04июл.2026 11:23:12.000] [modloading-worker-0/DEBUG] [mixin/]: Mixing create_assembly.ElevatorPulleyBlockEntityMixin from simulated.mixins.json into com.simibubi.create.content.contraptions.elevator.ElevatorPulleyBlockEntity
[04июл.2026 11:23:12.003] [modloading-worker-0/DEBUG] [mixin/]: Mixing compatibility.create.sticker.StickerBlockEntityMixin from sable-neoforge.mixins.json into com.simibubi.create.content.contraptions.chassis.StickerBlockEntity
[04июл.2026 11:23:12.003] [modloading-worker-0/DEBUG] [mixin/]: Renaming synthetic method lambda$tick$3()Ljava/lang/Runnable; to mdca1030$sable$lambda$tick$3$0 in sable-neoforge.mixins.json:compatibility.create.sticker.StickerBlockEntityMixin from mod sable
[04июл.2026 11:23:12.003] [modloading-worker-0/DEBUG] [mixin/]: Renaming synthetic method lambda$tick$2()V to mdca1030$sable$lambda$tick$2$1 in sable-neoforge.mixins.json:compatibility.create.sticker.StickerBlockEntityMixin from mod sable
[04июл.2026 11:23:12.003] [modloading-worker-0/DEBUG] [mixin/]: Renaming synthetic method lambda$tick$1()Ljava/lang/Runnable; to mdca1030$sable$lambda$tick$1$2 in sable-neoforge.mixins.json:compatibility.create.sticker.StickerBlockEntityMixin from mod sable
[04июл.2026 11:23:12.003] [modloading-worker-0/DEBUG] [mixin/]: Renaming synthetic method lambda$tick$0()V to mdca1030$sable$lambda$tick$0$3 in sable-neoforge.mixins.json:compatibility.create.sticker.StickerBlockEntityMixin from mod sable
[04июл.2026 11:23:12.009] [modloading-worker-0/DEBUG] [mixin/]: sable-neoforge.mixins.json:compatibility.create.sticker.StickerBlockEntityMixin from mod sable->@Inject::tick(Lorg/spongepowered/asm/mixin/injection/callback/CallbackInfo;)V doesn't use it's CallbackInfo
[04июл.2026 11:23:12.009] [modloading-worker-0/DEBUG] [mixin/]: sable-neoforge.mixins.json:compatibility.create.sticker.StickerBlockEntityMixin from mod sable->@Inject::tick(Lorg/spongepowered/asm/mixin/injection/callback/CallbackInfo;)V has 0 override(s) in child classes
[04июл.2026 11:23:12.009] [modloading-worker-0/DEBUG] [mixin/]: sable-neoforge.mixins.json:compatibility.create.sticker.StickerBlockEntityMixin from mod sable->@Inject::tick(Lorg/spongepowered/asm/mixin/injection/callback/CallbackInfo;)V won't be passed a CallbackInfo as a result
[04июл.2026 11:23:12.009] [modloading-worker-0/DEBUG] [mixin/]: sable-neoforge.mixins.json:compatibility.create.sticker.StickerBlockEntityMixin from mod sable->@Inject::write(Lnet/minecraft/nbt/CompoundTag;Lnet/minecraft/core/HolderLookup$Provider;ZLorg/spongepowered/asm/mixin/injection/callback/CallbackInfo;)V doesn't use it's CallbackInfo
[04июл.2026 11:23:12.010] [modloading-worker-0/DEBUG] [mixin/]: sable-neoforge.mixins.json:compatibility.create.sticker.StickerBlockEntityMixin from mod sable->@Inject::write(Lnet/minecraft/nbt/CompoundTag;Lnet/minecraft/core/HolderLookup$Provider;ZLorg/spongepowered/asm/mixin/injection/callback/CallbackInfo;)V has 0 override(s) in child classes
[04июл.2026 11:23:12.010] [modloading-worker-0/DEBUG] [mixin/]: sable-neoforge.mixins.json:compatibility.create.sticker.StickerBlockEntityMixin from mod sable->@Inject::write(Lnet/minecraft/nbt/CompoundTag;Lnet/minecraft/core/HolderLookup$Provider;ZLorg/spongepowered/asm/mixin/injection/callback/CallbackInfo;)V won't be passed a CallbackInfo as a result
[04июл.2026 11:23:12.010] [modloading-worker-0/DEBUG] [mixin/]: sable-neoforge.mixins.json:compatibility.create.sticker.StickerBlockEntityMixin from mod sable->@Inject::read(Lnet/minecraft/nbt/CompoundTag;Lnet/minecraft/core/HolderLookup$Provider;ZLorg/spongepowered/asm/mixin/injection/callback/CallbackInfo;)V doesn't use it's CallbackInfo
[04июл.2026 11:23:12.010] [modloading-worker-0/DEBUG] [mixin/]: sable-neoforge.mixins.json:compatibility.create.sticker.StickerBlockEntityMixin from mod sable->@Inject::read(Lnet/minecraft/nbt/CompoundTag;Lnet/minecraft/core/HolderLookup$Provider;ZLorg/spongepowered/asm/mixin/injection/callback/CallbackInfo;)V has 0 override(s) in child classes
[04июл.2026 11:23:12.010] [modloading-worker-0/DEBUG] [mixin/]: sable-neoforge.mixins.json:compatibility.create.sticker.StickerBlockEntityMixin from mod sable->@Inject::read(Lnet/minecraft/nbt/CompoundTag;Lnet/minecraft/core/HolderLookup$Provider;ZLorg/spongepowered/asm/mixin/injection/callback/CallbackInfo;)V won't be passed a CallbackInfo as a result
[04июл.2026 11:23:12.012] [modloading-worker-0/DEBUG] [mixin/]: Mixing harvesters.BlockBreakingTileEntityMixin from simulated-neoforge.mixins.json into com.simibubi.create.content.kinetics.base.BlockBreakingKineticBlockEntity
[04июл.2026 11:23:12.013] [modloading-worker-0/DEBUG] [mixin/]: Mixing compatibility.create.block_breakers.BlockBreakingKineticBlockEntityMixin from sable-neoforge.mixins.json into com.simibubi.create.content.kinetics.base.BlockBreakingKineticBlockEntity
[04июл.2026 11:23:12.013] [modloading-worker-0/DEBUG] [mixin/]: Renaming synthetic method lambda$sable$preGetBlockToBreak$0(Lnet/minecraft/core/BlockPos;Lnet/minecraft/world/level/block/state/BlockState;)Z to mdca1030$sable$lambda$sable$preGetBlockToBreak$0$0 in sable-neoforge.mixins.json:compatibility.create.block_breakers.BlockBreakingKineticBlockEntityMixin from mod sable
[04июл.2026 11:23:12.014] [modloading-worker-0/DEBUG] [mixin/]: simulated-neoforge.mixins.json:harvesters.BlockBreakingTileEntityMixin from mod simulated->@Inject::checkIfDepositable(Lnet/minecraft/world/phys/Vec3;Lnet/minecraft/world/item/ItemStack;Lorg/spongepowered/asm/mixin/injection/callback/CallbackInfo;)V does use it's CallbackInfo
[04июл.2026 11:23:12.015] [modloading-worker-0/DEBUG] [mixin/]: Mixing harvesters.SawTileEntityMixin from simulated-neoforge.mixins.json into com.simibubi.create.content.kinetics.saw.SawBlockEntity
[04июл.2026 11:23:12.015] [modloading-worker-0/DEBUG] [mixin/]: Mixing compatibility.create.saw.SawBlockEntityMixin from sable-neoforge.mixins.json into com.simibubi.create.content.kinetics.saw.SawBlockEntity
[04июл.2026 11:23:12.016] [modloading-worker-0/DEBUG] [mixin/]: simulated-neoforge.mixins.json:harvesters.SawTileEntityMixin from mod simulated->@Inject::checkDeposit(Lnet/minecraft/core/BlockPos;Lnet/minecraft/world/item/ItemStack;Lorg/spongepowered/asm/mixin/injection/callback/CallbackInfo;)V does use it's CallbackInfo
[04июл.2026 11:23:12.017] [modloading-worker-0/DEBUG] [mixin/]: Mixing harvesters.SableHarvesterMixin from simulated-neoforge.mixins.json into com.simibubi.create.content.contraptions.actors.harvester.HarvesterBlockEntity
[04июл.2026 11:23:12.017] [modloading-worker-0/DEBUG] [mixin/]: Mixing compatibility.create.behaviour_compatibility.harvester_block_entity.HarvesterBlockEntityMixin from sable-neoforge.mixins.json into com.simibubi.create.content.contraptions.actors.harvester.HarvesterBlockEntity
[04июл.2026 11:23:12.017] [modloading-worker-0/DEBUG] [mixin/]: Renaming synthetic method lambda$sable$tick$0(Ldev/ryanhcode/sable/sublevel/SubLevel;Lnet/minecraft/core/BlockPos;)Lnet/minecraft/core/BlockPos; to mdca1030$sable$lambda$sable$tick$0$0 in sable-neoforge.mixins.json:compatibility.create.behaviour_compatibility.harvester_block_entity.HarvesterBlockEntityMixin from mod sable
[04июл.2026 11:23:12.022] [modloading-worker-0/DEBUG] [mixin/]: Mixing flywheel_block_entity.FlywheelBlockEntityMixin from aeronautics.mixins.json into com.simibubi.create.content.kinetics.flywheel.FlywheelBlockEntity
[04июл.2026 11:23:12.022] [modloading-worker-0/DEBUG] [mixin/]: aeronautics.mixins.json:flywheel_block_entity.FlywheelBlockEntityMixin from mod aeronautics: Class version 65 required is higher than the class version supported by the current version of Mixin (JAVA_18 supports class version 62)
[04июл.2026 11:23:12.022] [modloading-worker-0/DEBUG] [mixin/]: Mixing compatibility.create.flywheel.FlywheelBlockEntityMixin from sable-neoforge.mixins.json into com.simibubi.create.content.kinetics.flywheel.FlywheelBlockEntity
[04июл.2026 11:23:12.023] [modloading-worker-0/DEBUG] [mixin/]: aeronautics.mixins.json:flywheel_block_entity.FlywheelBlockEntityMixin from mod aeronautics->@Inject::read(Lnet/minecraft/nbt/CompoundTag;Lnet/minecraft/core/HolderLookup$Provider;ZLorg/spongepowered/asm/mixin/injection/callback/CallbackInfo;)V doesn't use it's CallbackInfo
[04июл.2026 11:23:12.023] [modloading-worker-0/DEBUG] [mixin/]: aeronautics.mixins.json:flywheel_block_entity.FlywheelBlockEntityMixin from mod aeronautics->@Inject::read(Lnet/minecraft/nbt/CompoundTag;Lnet/minecraft/core/HolderLookup$Provider;ZLorg/spongepowered/asm/mixin/injection/callback/CallbackInfo;)V has 0 override(s) in child classes
[04июл.2026 11:23:12.023] [modloading-worker-0/DEBUG] [mixin/]: aeronautics.mixins.json:flywheel_block_entity.FlywheelBlockEntityMixin from mod aeronautics->@Inject::read(Lnet/minecraft/nbt/CompoundTag;Lnet/minecraft/core/HolderLookup$Provider;ZLorg/spongepowered/asm/mixin/injection/callback/CallbackInfo;)V won't be passed a CallbackInfo as a result
[04июл.2026 11:23:12.023] [modloading-worker-0/DEBUG] [mixin/]: sable-neoforge.mixins.json:compatibility.create.flywheel.FlywheelBlockEntityMixin from mod sable->@Inject::sable$tick(Lorg/spongepowered/asm/mixin/injection/callback/CallbackInfo;)V doesn't use it's CallbackInfo
[04июл.2026 11:23:12.023] [modloading-worker-0/DEBUG] [mixin/]: sable-neoforge.mixins.json:compatibility.create.flywheel.FlywheelBlockEntityMixin from mod sable->@Inject::sable$tick(Lorg/spongepowered/asm/mixin/injection/callback/CallbackInfo;)V has 0 override(s) in child classes
[04июл.2026 11:23:12.023] [modloading-worker-0/DEBUG] [mixin/]: sable-neoforge.mixins.json:compatibility.create.flywheel.FlywheelBlockEntityMixin from mod sable->@Inject::sable$tick(Lorg/spongepowered/asm/mixin/injection/callback/CallbackInfo;)V won't be passed a CallbackInfo as a result
[04июл.2026 11:23:12.023] [modloading-worker-0/DEBUG] [mixin/]: sable-neoforge.mixins.json:compatibility.create.flywheel.FlywheelBlockEntityMixin from mod sable->@Inject::sable$write(Lnet/minecraft/nbt/CompoundTag;Lnet/minecraft/core/HolderLookup$Provider;ZLorg/spongepowered/asm/mixin/injection/callback/CallbackInfo;)V doesn't use it's CallbackInfo
[04июл.2026 11:23:12.023] [modloading-worker-0/DEBUG] [mixin/]: sable-neoforge.mixins.json:compatibility.create.flywheel.FlywheelBlockEntityMixin from mod sable->@Inject::sable$write(Lnet/minecraft/nbt/CompoundTag;Lnet/minecraft/core/HolderLookup$Provider;ZLorg/spongepowered/asm/mixin/injection/callback/CallbackInfo;)V has 0 override(s) in child classes
[04июл.2026 11:23:12.023] [modloading-worker-0/DEBUG] [mixin/]: sable-neoforge.mixins.json:compatibility.create.flywheel.FlywheelBlockEntityMixin from mod sable->@Inject::sable$write(Lnet/minecraft/nbt/CompoundTag;Lnet/minecraft/core/HolderLookup$Provider;ZLorg/spongepowered/asm/mixin/injection/callback/CallbackInfo;)V won't be passed a CallbackInfo as a result
[04июл.2026 11:23:12.023] [modloading-worker-0/DEBUG] [mixin/]: sable-neoforge.mixins.json:compatibility.create.flywheel.FlywheelBlockEntityMixin from mod sable->@Inject::sable$read(Lnet/minecraft/nbt/CompoundTag;Lnet/minecraft/core/HolderLookup$Provider;ZLorg/spongepowered/asm/mixin/injection/callback/CallbackInfo;)V doesn't use it's CallbackInfo
[04июл.2026 11:23:12.023] [modloading-worker-0/DEBUG] [mixin/]: sable-neoforge.mixins.json:compatibility.create.flywheel.FlywheelBlockEntityMixin from mod sable->@Inject::sable$read(Lnet/minecraft/nbt/CompoundTag;Lnet/minecraft/core/HolderLookup$Provider;ZLorg/spongepowered/asm/mixin/injection/callback/CallbackInfo;)V has 0 override(s) in child classes
[04июл.2026 11:23:12.023] [modloading-worker-0/DEBUG] [mixin/]: sable-neoforge.mixins.json:compatibility.create.flywheel.FlywheelBlockEntityMixin from mod sable->@Inject::sable$read(Lnet/minecraft/nbt/CompoundTag;Lnet/minecraft/core/HolderLookup$Provider;ZLorg/spongepowered/asm/mixin/injection/callback/CallbackInfo;)V won't be passed a CallbackInfo as a result
[04июл.2026 11:23:12.026] [modloading-worker-0/DEBUG] [mixin/]: Mixing compatibility.create.crushing_wheel_entity_processing.CrushingWheelControllerBlockEntityMixin from sable-neoforge.mixins.json into com.simibubi.create.content.kinetics.crusher.CrushingWheelControllerBlockEntity
[04июл.2026 11:23:12.027] [modloading-worker-0/DEBUG] [mixin/]: sable-neoforge.mixins.json:compatibility.create.crushing_wheel_entity_processing.CrushingWheelControllerBlockEntityMixin from mod sable->@Inject::sable$initSublevel(Lorg/spongepowered/asm/mixin/injection/callback/CallbackInfo;)V doesn't use it's CallbackInfo
[04июл.2026 11:23:12.027] [modloading-worker-0/DEBUG] [mixin/]: sable-neoforge.mixins.json:compatibility.create.crushing_wheel_entity_processing.CrushingWheelControllerBlockEntityMixin from mod sable->@Inject::sable$initSublevel(Lorg/spongepowered/asm/mixin/injection/callback/CallbackInfo;)V has 0 override(s) in child classes
[04июл.2026 11:23:12.027] [modloading-worker-0/DEBUG] [mixin/]: sable-neoforge.mixins.json:compatibility.create.crushing_wheel_entity_processing.CrushingWheelControllerBlockEntityMixin from mod sable->@Inject::sable$initSublevel(Lorg/spongepowered/asm/mixin/injection/callback/CallbackInfo;)V won't be passed a CallbackInfo as a result
[04июл.2026 11:23:12.029] [modloading-worker-0/DEBUG] [mixin/]: Mixing levitite.WaterWheelBlockEntityMixin from aeronautics.mixins.json into com.simibubi.create.content.kinetics.waterwheel.WaterWheelBlockEntity
[04июл.2026 11:23:12.029] [modloading-worker-0/DEBUG] [mixin/]: aeronautics.mixins.json:levitite.WaterWheelBlockEntityMixin from mod aeronautics: Class version 65 required is higher than the class version supported by the current version of Mixin (JAVA_18 supports class version 62)
[04июл.2026 11:23:12.030] [modloading-worker-0/DEBUG] [mixin/]: Mixing MechanicalPressBlockEntityMixin from createdieselgenerators.mixins.json into com.simibubi.create.content.kinetics.press.MechanicalPressBlockEntity
[04июл.2026 11:23:12.030] [modloading-worker-0/DEBUG] [mixin/]: createdieselgenerators.mixins.json:MechanicalPressBlockEntityMixin from mod createdieselgenerators: Class version 65 required is higher than the class version supported by the current version of Mixin (JAVA_17 supports class version 61)
[04июл.2026 11:23:12.031] [modloading-worker-0/DEBUG] [mixin/]: createdieselgenerators.mixins.json:MechanicalPressBlockEntityMixin from mod createdieselgenerators->@Inject::matchStaticFilters(Lnet/minecraft/world/item/crafting/RecipeHolder;Lorg/spongepowered/asm/mixin/injection/callback/CallbackInfoReturnable;)V does use it's CallbackInfoReturnable
[04июл.2026 11:23:12.033] [modloading-worker-0/DEBUG] [mixin/]: Mixing compatibility.create.deployer.DeployerBlockEntityMixin from sable-neoforge.mixins.json into com.simibubi.create.content.kinetics.deployer.DeployerBlockEntity
[04июл.2026 11:23:12.037] [modloading-worker-0/DEBUG] [mixin/]: Mixing compatibility.create.blaze_burner.BlazeBurnerBlockEntityMixin from sable-neoforge.mixins.json into com.simibubi.create.content.processing.burner.BlazeBurnerBlockEntity
[04июл.2026 11:23:12.039] [modloading-worker-0/DEBUG] [mixin/]: sable-neoforge.mixins.json:compatibility.create.blaze_burner.BlazeBurnerBlockEntityMixin from mod sable->@Inject::sable$projectPlayerPosition(Lorg/spongepowered/asm/mixin/injection/callback/CallbackInfo;)V doesn't use it's CallbackInfo
[04июл.2026 11:23:12.039] [modloading-worker-0/DEBUG] [mixin/]: sable-neoforge.mixins.json:compatibility.create.blaze_burner.BlazeBurnerBlockEntityMixin from mod sable->@Inject::sable$projectPlayerPosition(Lorg/spongepowered/asm/mixin/injection/callback/CallbackInfo;)V has 0 override(s) in child classes
[04июл.2026 11:23:12.039] [modloading-worker-0/DEBUG] [mixin/]: sable-neoforge.mixins.json:compatibility.create.blaze_burner.BlazeBurnerBlockEntityMixin from mod sable->@Inject::sable$projectPlayerPosition(Lorg/spongepowered/asm/mixin/injection/callback/CallbackInfo;)V won't be passed a CallbackInfo as a result
[04июл.2026 11:23:12.041] [modloading-worker-0/DEBUG] [mixin/]: Mixing compatibility.create.inventory_manipulation.CapManipulationBehaviourBaseMixin from sable-neoforge.mixins.json into com.simibubi.create.foundation.blockEntity.behaviour.inventory.CapManipulationBehaviourBase
[04июл.2026 11:23:12.041] [modloading-worker-0/DEBUG] [mixin/]: Renaming synthetic method lambda$sable$findNewCapOnSubLevel$0(Lnet/minecraft/world/level/Level;Ldev/ryanhcode/sable/sublevel/SubLevel;Lnet/minecraft/core/BlockPos;)Lnet/minecraft/world/level/block/entity/BlockEntity; to mdca1030$sable$lambda$sable$findNewCapOnSubLevel$0$0 in sable-neoforge.mixins.json:compatibility.create.inventory_manipulation.CapManipulationBehaviourBaseMixin from mod sable
[04июл.2026 11:23:12.050] [modloading-worker-0/DEBUG] [mixin/]: Mixing accessor.RedstoneLinkBlockEntityAccessor from simulated.mixins.json into com.simibubi.create.content.redstone.link.RedstoneLinkBlockEntity
[04июл.2026 11:23:12.052] [modloading-worker-0/DEBUG] [mixin/]: Mixing conditional_display_target.DisplayLinkBlockEntityMixin from simulated.mixins.json into com.simibubi.create.content.redstone.displayLink.DisplayLinkBlockEntity
[04июл.2026 11:23:12.052] [modloading-worker-0/DEBUG] [mixin/]: Mixing compatibility.create.display_link.DisplayLinkBlockEntityMixin from sable-neoforge.mixins.json into com.simibubi.create.content.redstone.displayLink.DisplayLinkBlockEntity
[04июл.2026 11:23:12.053] [modloading-worker-0/DEBUG] [mixin/]: simulated.mixins.json:conditional_display_target.DisplayLinkBlockEntityMixin from mod simulated->@Inject::simulated$stopConditionalTransfer(Lorg/spongepowered/asm/mixin/injection/callback/CallbackInfo;)V does use it's CallbackInfo
[04июл.2026 11:23:12.053] [modloading-worker-0/DEBUG] [mixin/]: sable-neoforge.mixins.json:compatibility.create.display_link.DisplayLinkBlockEntityMixin from mod sable->@Inject::sable$accountForSubLevels(Lorg/spongepowered/asm/mixin/injection/callback/CallbackInfoReturnable;)V does use it's CallbackInfoReturnable
[04июл.2026 11:23:12.055] [modloading-worker-0/DEBUG] [mixin/]: Mixing compatibility.create.ejector.EjectorBlockEntityMixin from sable-neoforge.mixins.json into com.simibubi.create.content.logistics.depot.EjectorBlockEntity
[04июл.2026 11:23:12.059] [modloading-worker-0/DEBUG] [mixin/]: sable-neoforge.mixins.json:compatibility.create.ejector.EjectorBlockEntityMixin from mod sable->@Inject::sable$launchSubLevels(Lorg/spongepowered/asm/mixin/injection/callback/CallbackInfo;)V doesn't use it's CallbackInfo
[04июл.2026 11:23:12.059] [modloading-worker-0/DEBUG] [mixin/]: sable-neoforge.mixins.json:compatibility.create.ejector.EjectorBlockEntityMixin from mod sable->@Inject::sable$launchSubLevels(Lorg/spongepowered/asm/mixin/injection/callback/CallbackInfo;)V has 0 override(s) in child classes
[04июл.2026 11:23:12.059] [modloading-worker-0/DEBUG] [mixin/]: sable-neoforge.mixins.json:compatibility.create.ejector.EjectorBlockEntityMixin from mod sable->@Inject::sable$launchSubLevels(Lorg/spongepowered/asm/mixin/injection/callback/CallbackInfo;)V won't be passed a CallbackInfo as a result
[04июл.2026 11:23:12.059] [modloading-worker-0/DEBUG] [mixin/]: sable-neoforge.mixins.json:compatibility.create.ejector.EjectorBlockEntityMixin from mod sable->@Inject::sable$tick(Lorg/spongepowered/asm/mixin/injection/callback/CallbackInfo;)V doesn't use it's CallbackInfo
[04июл.2026 11:23:12.059] [modloading-worker-0/DEBUG] [mixin/]: sable-neoforge.mixins.json:compatibility.create.ejector.EjectorBlockEntityMixin from mod sable->@Inject::sable$tick(Lorg/spongepowered/asm/mixin/injection/callback/CallbackInfo;)V has 0 override(s) in child classes
[04июл.2026 11:23:12.059] [modloading-worker-0/DEBUG] [mixin/]: sable-neoforge.mixins.json:compatibility.create.ejector.EjectorBlockEntityMixin from mod sable->@Inject::sable$tick(Lorg/spongepowered/asm/mixin/injection/callback/CallbackInfo;)V won't be passed a CallbackInfo as a result
[04июл.2026 11:23:12.064] [modloading-worker-0/DEBUG] [mixin/]: Mixing compatibility.create.lectern_controller.LecternControllerBlockEntityMixin from sable-neoforge.mixins.json into com.simibubi.create.content.redstone.link.controller.LecternControllerBlockEntity
[04июл.2026 11:23:12.065] [modloading-worker-0/DEBUG] [mixin/]: sable-neoforge.mixins.json:compatibility.create.lectern_controller.LecternControllerBlockEntityMixin from mod sable->@Inject::sable$dropController(Lnet/minecraft/world/level/block/state/BlockState;Lorg/spongepowered/asm/mixin/injection/callback/CallbackInfo;)V does use it's CallbackInfo
[04июл.2026 11:23:12.089] [modloading-worker-0/DEBUG] [mixin/]: Mixing compatibility.create.schematics.SchematicPlacePacketMixin from sable-neoforge.mixins.json into com.simibubi.create.content.schematics.packet.SchematicPlacePacket
[04июл.2026 11:23:12.089] [modloading-worker-0/DEBUG] [mixin/]: Renaming synthetic method lambda$sable$handle$3(Lnet/createmod/catnip/levelWrappers/SchematicLevel;Lnet/minecraft/world/level/Level;Lnet/minecraft/core/BlockPos;Lnet/minecraft/core/BlockPos;)V to mdca1030$sable$lambda$sable$handle$3$0 in sable-neoforge.mixins.json:compatibility.create.schematics.SchematicPlacePacketMixin from mod sable
[04июл.2026 11:23:12.089] [modloading-worker-0/DEBUG] [mixin/]: Renaming synthetic method lambda$sable$handle$2(Ldev/ryanhcode/sable/sublevel/SubLevel;Ljava/lang/Object;)Lnet/minecraft/core/BlockPos; to mdca1030$sable$lambda$sable$handle$2$1 in sable-neoforge.mixins.json:compatibility.create.schematics.SchematicPlacePacketMixin from mod sable
[04июл.2026 11:23:12.089] [modloading-worker-0/DEBUG] [mixin/]: Renaming synthetic method lambda$sable$handle$1(Lnet/minecraft/core/BlockPos;Ljava/lang/Object;)Lnet/minecraft/core/BlockPos; to mdca1030$sable$lambda$sable$handle$1$2 in sable-neoforge.mixins.json:compatibility.create.schematics.SchematicPlacePacketMixin from mod sable
[04июл.2026 11:23:12.089] [modloading-worker-0/DEBUG] [mixin/]: Renaming synthetic method lambda$sable$handle$0(Lcom/simibubi/create/content/contraptions/StructureTransform;Ljava/lang/Object;)Lnet/minecraft/core/BlockPos; to mdca1030$sable$lambda$sable$handle$0$3 in sable-neoforge.mixins.json:compatibility.create.schematics.SchematicPlacePacketMixin from mod sable
[04июл.2026 11:23:12.094] [modloading-worker-0/DEBUG] [mixin/]: sable-neoforge.mixins.json:compatibility.create.schematics.SchematicPlacePacketMixin from mod sable->@Inject::sable$preHandle(Lnet/minecraft/server/level/ServerPlayer;Lorg/spongepowered/asm/mixin/injection/callback/CallbackInfo;)V does use it's CallbackInfo
[04июл.2026 11:23:12.094] [modloading-worker-0/DEBUG] [mixin/]: sable-neoforge.mixins.json:compatibility.create.schematics.SchematicPlacePacketMixin from mod sable->@Inject::sable$handle(Lnet/minecraft/server/level/ServerPlayer;Lorg/spongepowered/asm/mixin/injection/callback/CallbackInfo;)V doesn't use it's CallbackInfo
[04июл.2026 11:23:12.094] [modloading-worker-0/DEBUG] [mixin/]: sable-neoforge.mixins.json:compatibility.create.schematics.SchematicPlacePacketMixin from mod sable->@Inject::sable$postHandle(Lnet/minecraft/server/level/ServerPlayer;Lorg/spongepowered/asm/mixin/injection/callback/CallbackInfo;)V doesn't use it's CallbackInfo
[04июл.2026 11:23:12.099] [modloading-worker-0/DEBUG] [mixin/]: Mixing compatibility.create.frogports.PackagePortPlacementPacketMixin from sable-neoforge.mixins.json into com.simibubi.create.content.logistics.packagePort.PackagePortPlacementPacket
[04июл.2026 11:23:12.124] [modloading-worker-0/DEBUG] [mixin/]: Mixing compatibility.create.tracks.CurvedTrackDestroyPacketMixin from sable-neoforge.mixins.json into com.simibubi.create.content.trains.track.CurvedTrackDestroyPacket
[04июл.2026 11:23:12.127] [modloading-worker-0/DEBUG] [mixin/]: Mixing compatibility.create.super_glue.SuperGlueRemovalPacketMixin from sable-neoforge.mixins.json into com.simibubi.create.content.contraptions.glue.SuperGlueRemovalPacket
[04июл.2026 11:23:12.137] [modloading-worker-0/DEBUG] [mixin/]: Mixing compatibility.create.frogports.ChainPackageInteractionPacketMixin from sable-neoforge.mixins.json into com.simibubi.create.content.kinetics.chainConveyor.ChainPackageInteractionPacket
[04июл.2026 11:23:12.139] [modloading-worker-0/DEBUG] [mixin/]: sable-neoforge.mixins.json:compatibility.create.frogports.ChainPackageInteractionPacketMixin from mod sable->@Inject::sable$initialiseLoopingWorldPosition(Lnet/minecraft/server/level/ServerPlayer;Lcom/simibubi/create/content/kinetics/chainConveyor/ChainConveyorBlockEntity;Lorg/spongepowered/asm/mixin/injection/callback/CallbackInfo;)V doesn't use it's CallbackInfo
[04июл.2026 11:23:12.139] [modloading-worker-0/DEBUG] [mixin/]: sable-neoforge.mixins.json:compatibility.create.frogports.ChainPackageInteractionPacketMixin from mod sable->@Inject::sable$initialiseLoopingWorldPosition(Lnet/minecraft/server/level/ServerPlayer;Lcom/simibubi/create/content/kinetics/chainConveyor/ChainConveyorBlockEntity;Lorg/spongepowered/asm/mixin/injection/callback/CallbackInfo;)V has 0 override(s) in child classes
[04июл.2026 11:23:12.139] [modloading-worker-0/DEBUG] [mixin/]: sable-neoforge.mixins.json:compatibility.create.frogports.ChainPackageInteractionPacketMixin from mod sable->@Inject::sable$initialiseLoopingWorldPosition(Lnet/minecraft/server/level/ServerPlayer;Lcom/simibubi/create/content/kinetics/chainConveyor/ChainConveyorBlockEntity;Lorg/spongepowered/asm/mixin/injection/callback/CallbackInfo;)V won't be passed a CallbackInfo as a result
[04июл.2026 11:23:12.139] [modloading-worker-0/DEBUG] [mixin/]: sable-neoforge.mixins.json:compatibility.create.frogports.ChainPackageInteractionPacketMixin from mod sable->@Inject::sable$initialiseTravellingWorldPosition(Lnet/minecraft/server/level/ServerPlayer;Lcom/simibubi/create/content/kinetics/chainConveyor/ChainConveyorBlockEntity;Lorg/spongepowered/asm/mixin/injection/callback/CallbackInfo;)V doesn't use it's CallbackInfo
[04июл.2026 11:23:12.139] [modloading-worker-0/DEBUG] [mixin/]: sable-neoforge.mixins.json:compatibility.create.frogports.ChainPackageInteractionPacketMixin from mod sable->@Inject::sable$initialiseTravellingWorldPosition(Lnet/minecraft/server/level/ServerPlayer;Lcom/simibubi/create/content/kinetics/chainConveyor/ChainConveyorBlockEntity;Lorg/spongepowered/asm/mixin/injection/callback/CallbackInfo;)V has 0 override(s) in child classes
[04июл.2026 11:23:12.139] [modloading-worker-0/DEBUG] [mixin/]: sable-neoforge.mixins.json:compatibility.create.frogports.ChainPackageInteractionPacketMixin from mod sable->@Inject::sable$initialiseTravellingWorldPosition(Lnet/minecraft/server/level/ServerPlayer;Lcom/simibubi/create/content/kinetics/chainConveyor/ChainConveyorBlockEntity;Lorg/spongepowered/asm/mixin/injection/callback/CallbackInfo;)V won't be passed a CallbackInfo as a result
[04июл.2026 11:23:12.163] [modloading-worker-0/DEBUG] [mixin/]: Mixing MountedStorageAccessor from offroad.mixins.json into com.simibubi.create.content.contraptions.MountedStorageManager
[04июл.2026 11:23:12.163] [modloading-worker-0/DEBUG] [mixin/]: offroad.mixins.json:MountedStorageAccessor from mod offroad: Class version 65 required is higher than the class version supported by the current version of Mixin (JAVA_18 supports class version 62)
[04июл.2026 11:23:12.188] [modloading-worker-0/DEBUG] [mixin/]: Mixing compatibility.create.tracks.TrackPlacementMixin from sable-neoforge.mixins.json into com.simibubi.create.content.trains.track.TrackPlacement
[04июл.2026 11:23:12.216] [modloading-worker-0/DEBUG] [net.neoforged.fml.config.ConfigTracker/CONFIG]: Config file create-common.toml for create tracking
[04июл.2026 11:23:12.216] [modloading-worker-0/DEBUG] [net.neoforged.fml.config.ConfigTracker/CONFIG]: Config file create-client.toml for create tracking
[04июл.2026 11:23:12.218] [modloading-worker-0/DEBUG] [net.neoforged.fml.config.ConfigTracker/CONFIG]: Config file create-server.toml for create tracking
[04июл.2026 11:23:12.228] [modloading-worker-0/DEBUG] [mixin/]: Mixing compatibility.create.schematics.SchematicHandlerMixin from sable-neoforge.mixins.json into com.simibubi.create.content.schematics.client.SchematicHandler
[04июл.2026 11:23:12.232] [modloading-worker-0/DEBUG] [mixin/]: Mixing compatibility.create.schematics.SchematicLevelMixin from sable-neoforge.mixins.json into net.createmod.catnip.levelWrappers.SchematicLevel
[04июл.2026 11:23:12.234] [modloading-worker-0/DEBUG] [mixin/]: Mixing compatibility.create.schematics.SchematicRendererMixin from sable-neoforge.mixins.json into com.simibubi.create.content.schematics.client.SchematicRenderer
[04июл.2026 11:23:12.237] [modloading-worker-0/DEBUG] [mixin/]: sable-neoforge.mixins.json:compatibility.create.schematics.SchematicRendererMixin from mod sable->@Inject::sable$drawLayer(Lnet/minecraft/client/renderer/RenderType;Lorg/spongepowered/asm/mixin/injection/callback/CallbackInfoReturnable;)V doesn't use it's CallbackInfoReturnable
[04июл.2026 11:23:12.237] [modloading-worker-0/DEBUG] [mixin/]: sable-neoforge.mixins.json:compatibility.create.schematics.SchematicRendererMixin from mod sable->@Inject::sable$drawLayer(Lnet/minecraft/client/renderer/RenderType;Lorg/spongepowered/asm/mixin/injection/callback/CallbackInfoReturnable;)V has 0 override(s) in child classes
[04июл.2026 11:23:12.237] [modloading-worker-0/DEBUG] [mixin/]: sable-neoforge.mixins.json:compatibility.create.schematics.SchematicRendererMixin from mod sable->@Inject::sable$drawLayer(Lnet/minecraft/client/renderer/RenderType;Lorg/spongepowered/asm/mixin/injection/callback/CallbackInfoReturnable;)V won't be passed a CallbackInfoReturnable as a result
[04июл.2026 11:23:12.238] [modloading-worker-0/DEBUG] [mixin/]: Mixing compatibility.create.schematics.DeployToolMixin from sable-neoforge.mixins.json into com.simibubi.create.content.schematics.client.tools.DeployTool
[04июл.2026 11:23:12.240] [modloading-worker-0/DEBUG] [mixin/]: Mixing compatibility.create.schematics.SchematicToolBaseMixin from sable-neoforge.mixins.json into com.simibubi.create.content.schematics.client.tools.SchematicToolBase
[04июл.2026 11:23:12.241] [modloading-worker-0/DEBUG] [mixin/]: sable-neoforge.mixins.json:compatibility.create.schematics.SchematicToolBaseMixin from mod sable->@Inject::sable$forceUpdateSelection(Lorg/spongepowered/asm/mixin/injection/callback/CallbackInfo;)V doesn't use it's CallbackInfo
[04июл.2026 11:23:12.241] [modloading-worker-0/DEBUG] [mixin/]: sable-neoforge.mixins.json:compatibility.create.schematics.SchematicToolBaseMixin from mod sable->@Inject::sable$forceUpdateSelection(Lorg/spongepowered/asm/mixin/injection/callback/CallbackInfo;)V has 0 override(s) in child classes
[04июл.2026 11:23:12.241] [modloading-worker-0/DEBUG] [mixin/]: sable-neoforge.mixins.json:compatibility.create.schematics.SchematicToolBaseMixin from mod sable->@Inject::sable$forceUpdateSelection(Lorg/spongepowered/asm/mixin/injection/callback/CallbackInfo;)V won't be passed a CallbackInfo as a result
[04июл.2026 11:23:12.243] [modloading-worker-0/DEBUG] [mixin/]: Mixing compatibility.create.render_fixes.LineOutlineMixin from sable-neoforge.mixins.json into net.createmod.catnip.outliner.LineOutline
[04июл.2026 11:23:12.245] [modloading-worker-0/DEBUG] [mixin/]: Mixing compatibility.create.render_fixes.OutlineMixin from sable-neoforge.mixins.json into net.createmod.catnip.outliner.Outline
[04июл.2026 11:23:12.247] [modloading-worker-0/DEBUG] [mixin/]: Mixing compatibility.create.render_fixes.AABBOutlineMixin from sable-neoforge.mixins.json into net.createmod.catnip.outliner.AABBOutline
[04июл.2026 11:23:12.248] [modloading-worker-0/DEBUG] [mixin/]: sable-neoforge.mixins.json:compatibility.create.render_fixes.AABBOutlineMixin from mod sable->@Inject::sable$pushPose(Lcom/mojang/blaze3d/vertex/PoseStack;Lnet/createmod/catnip/render/SuperRenderTypeBuffer;Lnet/minecraft/world/phys/Vec3;FLorg/spongepowered/asm/mixin/injection/callback/CallbackInfo;)V doesn't use it's CallbackInfo
[04июл.2026 11:23:12.248] [modloading-worker-0/DEBUG] [mixin/]: sable-neoforge.mixins.json:compatibility.create.render_fixes.AABBOutlineMixin from mod sable->@Inject::sable$pushPose(Lcom/mojang/blaze3d/vertex/PoseStack;Lnet/createmod/catnip/render/SuperRenderTypeBuffer;Lnet/minecraft/world/phys/Vec3;FLorg/spongepowered/asm/mixin/injection/callback/CallbackInfo;)V has 0 override(s) in child classes
[04июл.2026 11:23:12.248] [modloading-worker-0/DEBUG] [mixin/]: sable-neoforge.mixins.json:compatibility.create.render_fixes.AABBOutlineMixin from mod sable->@Inject::sable$pushPose(Lcom/mojang/blaze3d/vertex/PoseStack;Lnet/createmod/catnip/render/SuperRenderTypeBuffer;Lnet/minecraft/world/phys/Vec3;FLorg/spongepowered/asm/mixin/injection/callback/CallbackInfo;)V won't be passed a CallbackInfo as a result
[04июл.2026 11:23:12.248] [modloading-worker-0/DEBUG] [mixin/]: sable-neoforge.mixins.json:compatibility.create.render_fixes.AABBOutlineMixin from mod sable->@Inject::sable$popPose(Lcom/mojang/blaze3d/vertex/PoseStack;Lnet/createmod/catnip/render/SuperRenderTypeBuffer;Lnet/minecraft/world/phys/Vec3;FLorg/spongepowered/asm/mixin/injection/callback/CallbackInfo;)V doesn't use it's CallbackInfo
[04июл.2026 11:23:12.248] [modloading-worker-0/DEBUG] [mixin/]: sable-neoforge.mixins.json:compatibility.create.render_fixes.AABBOutlineMixin from mod sable->@Inject::sable$popPose(Lcom/mojang/blaze3d/vertex/PoseStack;Lnet/createmod/catnip/render/SuperRenderTypeBuffer;Lnet/minecraft/world/phys/Vec3;FLorg/spongepowered/asm/mixin/injection/callback/CallbackInfo;)V has 0 override(s) in child classes
[04июл.2026 11:23:12.248] [modloading-worker-0/DEBUG] [mixin/]: sable-neoforge.mixins.json:compatibility.create.render_fixes.AABBOutlineMixin from mod sable->@Inject::sable$popPose(Lcom/mojang/blaze3d/vertex/PoseStack;Lnet/createmod/catnip/render/SuperRenderTypeBuffer;Lnet/minecraft/world/phys/Vec3;FLorg/spongepowered/asm/mixin/injection/callback/CallbackInfo;)V won't be passed a CallbackInfo as a result
[04июл.2026 11:23:12.251] [modloading-worker-0/DEBUG] [mixin/]: Mixing compatibility.create.schematics.SchematicTransformMixin from sable-neoforge.mixins.json into com.simibubi.create.content.schematics.client.SchematicTransformation
[04июл.2026 11:23:12.253] [modloading-worker-0/DEBUG] [mixin/]: Mixing compatibility.create.schematics.SchematicAndQuillHandlerMixin from sable-neoforge.mixins.json into com.simibubi.create.content.schematics.client.SchematicAndQuillHandler
[04июл.2026 11:23:12.255] [modloading-worker-0/DEBUG] [mixin/]: sable-neoforge.mixins.json:compatibility.create.schematics.SchematicAndQuillHandlerMixin from mod sable->@Inject::sable$renderSubLevelBoxes(Lorg/spongepowered/asm/mixin/injection/callback/CallbackInfo;)V doesn't use it's CallbackInfo
[04июл.2026 11:23:12.255] [modloading-worker-0/DEBUG] [mixin/]: sable-neoforge.mixins.json:compatibility.create.schematics.SchematicAndQuillHandlerMixin from mod sable->@Inject::sable$renderSubLevelBoxes(Lorg/spongepowered/asm/mixin/injection/callback/CallbackInfo;)V has 0 override(s) in child classes
[04июл.2026 11:23:12.255] [modloading-worker-0/DEBUG] [mixin/]: sable-neoforge.mixins.json:compatibility.create.schematics.SchematicAndQuillHandlerMixin from mod sable->@Inject::sable$renderSubLevelBoxes(Lorg/spongepowered/asm/mixin/injection/callback/CallbackInfo;)V won't be passed a CallbackInfo as a result
[04июл.2026 11:23:12.256] [modloading-worker-0/DEBUG] [mixin/]: Mixing compatibility.create.super_glue.SuperGlueSelectionHandlerMixin from sable-neoforge.mixins.json into com.simibubi.create.content.contraptions.glue.SuperGlueSelectionHandler
[04июл.2026 11:23:12.273] [modloading-worker-0/DEBUG] [net.neoforged.fml.javafmlmod.AutomaticEventSubscriber/LOADING]: Attempting to inject @EventBusSubscriber classes into the eventbus for create
[04июл.2026 11:23:12.273] [modloading-worker-0/DEBUG] [net.neoforged.fml.javafmlmod.AutomaticEventSubscriber/LOADING]: Scanning class com.simibubi.create.compat.trainmap.TrainMapEvents for @SubscribeEvent-annotated methods
[04июл.2026 11:23:12.274] [modloading-worker-0/DEBUG] [net.neoforged.fml.javafmlmod.AutomaticEventSubscriber/]: Subscribing @EventBusSubscriber class Lcom/simibubi/create/compat/trainmap/TrainMapEvents; to the game event bus
[04июл.2026 11:23:12.276] [modloading-worker-0/DEBUG] [net.neoforged.fml.javafmlmod.AutomaticEventSubscriber/LOADING]: Scanning class com.simibubi.create.infrastructure.config.AllConfigs for @SubscribeEvent-annotated methods
[04июл.2026 11:23:12.276] [modloading-worker-0/DEBUG] [net.neoforged.fml.javafmlmod.AutomaticEventSubscriber/]: Subscribing @EventBusSubscriber class Lcom/simibubi/create/infrastructure/config/AllConfigs; to the mod event bus of mod create
[04июл.2026 11:23:12.276] [modloading-worker-0/DEBUG] [net.neoforged.fml.javafmlmod.AutomaticEventSubscriber/LOADING]: Scanning class com.simibubi.create.infrastructure.gui.OpenCreateMenuButton$OpenConfigButtonHandler for @SubscribeEvent-annotated methods
[04июл.2026 11:23:12.277] [modloading-worker-0/DEBUG] [net.neoforged.fml.javafmlmod.AutomaticEventSubscriber/]: Subscribing @EventBusSubscriber class Lcom/simibubi/create/infrastructure/gui/OpenCreateMenuButton$OpenConfigButtonHandler; to the game event bus
[04июл.2026 11:23:12.277] [modloading-worker-0/DEBUG] [net.neoforged.fml.javafmlmod.AutomaticEventSubscriber/LOADING]: Scanning class com.simibubi.create.infrastructure.RemapHelper for @SubscribeEvent-annotated methods
[04июл.2026 11:23:12.279] [modloading-worker-0/DEBUG] [net.neoforged.fml.javafmlmod.AutomaticEventSubscriber/]: Subscribing @EventBusSubscriber class Lcom/simibubi/create/infrastructure/RemapHelper; to the mod event bus of mod create
[04июл.2026 11:23:12.279] [modloading-worker-0/DEBUG] [net.neoforged.fml.javafmlmod.AutomaticEventSubscriber/LOADING]: Scanning class com.simibubi.create.infrastructure.gametest.CreateGameTests for @SubscribeEvent-annotated methods
[04июл.2026 11:23:12.285] [modloading-worker-0/DEBUG] [net.neoforged.fml.javafmlmod.AutomaticEventSubscriber/]: Subscribing @EventBusSubscriber class Lcom/simibubi/create/infrastructure/gametest/CreateGameTests; to the mod event bus of mod create
[04июл.2026 11:23:12.285] [modloading-worker-0/DEBUG] [net.neoforged.fml.javafmlmod.AutomaticEventSubscriber/LOADING]: Scanning class com.simibubi.create.foundation.block.ItemUseOverrides for @SubscribeEvent-annotated methods
[04июл.2026 11:23:12.285] [modloading-worker-0/DEBUG] [net.neoforged.fml.javafmlmod.AutomaticEventSubscriber/]: Subscribing @EventBusSubscriber class Lcom/simibubi/create/foundation/block/ItemUseOverrides; to the game event bus
[04июл.2026 11:23:12.285] [modloading-worker-0/DEBUG] [net.neoforged.fml.javafmlmod.AutomaticEventSubscriber/LOADING]: Scanning class com.simibubi.create.foundation.blockEntity.behaviour.ValueSettingsInputHandler for @SubscribeEvent-annotated methods
[04июл.2026 11:23:12.286] [modloading-worker-0/DEBUG] [net.neoforged.fml.javafmlmod.AutomaticEventSubscriber/]: Subscribing @EventBusSubscriber class Lcom/simibubi/create/foundation/blockEntity/behaviour/ValueSettingsInputHandler; to the game event bus
[04июл.2026 11:23:12.286] [modloading-worker-0/DEBUG] [net.neoforged.fml.javafmlmod.AutomaticEventSubscriber/LOADING]: Scanning class com.simibubi.create.foundation.blockEntity.behaviour.edgeInteraction.EdgeInteractionHandler for @SubscribeEvent-annotated methods
[04июл.2026 11:23:12.286] [modloading-worker-0/DEBUG] [net.neoforged.fml.javafmlmod.AutomaticEventSubscriber/]: Subscribing @EventBusSubscriber class Lcom/simibubi/create/foundation/blockEntity/behaviour/edgeInteraction/EdgeInteractionHandler; to the game event bus
[04июл.2026 11:23:12.287] [modloading-worker-0/DEBUG] [net.neoforged.fml.javafmlmod.AutomaticEventSubscriber/LOADING]: Scanning class com.simibubi.create.foundation.render.RenderTypes$Shaders for @SubscribeEvent-annotated methods
[04июл.2026 11:23:12.287] [modloading-worker-0/DEBUG] [net.neoforged.fml.javafmlmod.AutomaticEventSubscriber/]: Subscribing @EventBusSubscriber class Lcom/simibubi/create/foundation/render/RenderTypes$Shaders; to the mod event bus of mod create
[04июл.2026 11:23:12.287] [modloading-worker-0/DEBUG] [net.neoforged.fml.javafmlmod.AutomaticEventSubscriber/LOADING]: Scanning class com.simibubi.create.foundation.events.InputEvents for @SubscribeEvent-annotated methods
[04июл.2026 11:23:12.288] [modloading-worker-0/DEBUG] [net.neoforged.fml.javafmlmod.AutomaticEventSubscriber/]: Subscribing @EventBusSubscriber class Lcom/simibubi/create/foundation/events/InputEvents; to the game event bus
[04июл.2026 11:23:12.288] [modloading-worker-0/DEBUG] [net.neoforged.fml.javafmlmod.AutomaticEventSubscriber/LOADING]: Scanning class com.simibubi.create.foundation.events.ClientEvents for @SubscribeEvent-annotated methods
[04июл.2026 11:23:12.290] [modloading-worker-0/DEBUG] [net.neoforged.fml.javafmlmod.AutomaticEventSubscriber/LOADING]: Found mix of game bus and mod bus listeners in @EventBusSubscriber class Lcom/simibubi/create/foundation/events/ClientEvents;, registering them separately
[04июл.2026 11:23:12.290] [modloading-worker-0/DEBUG] [net.neoforged.fml.javafmlmod.AutomaticEventSubscriber/LOADING]: Subscribing method public static void com.simibubi.create.foundation.events.ClientEvents.registerItemDecorations(net.neoforged.neoforge.client.event.RegisterItemDecorationsEvent) to the event bus of mod create
[04июл.2026 11:23:12.291] [modloading-worker-0/DEBUG] [net.neoforged.fml.javafmlmod.AutomaticEventSubscriber/LOADING]: Subscribing method public static void com.simibubi.create.foundation.events.ClientEvents.registerGuiOverlays(net.neoforged.neoforge.client.event.RegisterGuiLayersEvent) to the event bus of mod create
[04июл.2026 11:23:12.291] [modloading-worker-0/DEBUG] [net.neoforged.fml.javafmlmod.AutomaticEventSubscriber/LOADING]: Subscribing method public static void com.simibubi.create.foundation.events.ClientEvents.onLoadComplete(net.neoforged.fml.event.lifecycle.FMLLoadCompleteEvent) to the event bus of mod create
[04июл.2026 11:23:12.292] [modloading-worker-0/DEBUG] [net.neoforged.fml.javafmlmod.AutomaticEventSubscriber/LOADING]: Subscribing method public static void com.simibubi.create.foundation.events.ClientEvents.registerClientReloadListeners(net.neoforged.neoforge.client.event.RegisterClientReloadListenersEvent) to the event bus of mod create
[04июл.2026 11:23:12.292] [modloading-worker-0/DEBUG] [net.neoforged.fml.javafmlmod.AutomaticEventSubscriber/LOADING]: Subscribing method public static void com.simibubi.create.foundation.events.ClientEvents.addEntityRendererLayers(net.neoforged.neoforge.client.event.EntityRenderersEvent$AddLayers) to the event bus of mod create
[04июл.2026 11:23:12.292] [modloading-worker-0/DEBUG] [net.neoforged.fml.javafmlmod.AutomaticEventSubscriber/LOADING]: Subscribing method public static void com.simibubi.create.foundation.events.ClientEvents.registerClientCommands(net.neoforged.neoforge.client.event.RegisterClientCommandsEvent) to the game event bus
[04июл.2026 11:23:12.292] [modloading-worker-0/DEBUG] [net.neoforged.fml.javafmlmod.AutomaticEventSubscriber/LOADING]: Subscribing method public static void com.simibubi.create.foundation.events.ClientEvents.onRenderWorld(net.neoforged.neoforge.client.event.RenderLevelStageEvent) to the game event bus
[04июл.2026 11:23:12.292] [modloading-worker-0/DEBUG] [net.neoforged.fml.javafmlmod.AutomaticEventSubscriber/LOADING]: Subscribing method public static void com.simibubi.create.foundation.events.ClientEvents.onTickPre(net.neoforged.neoforge.client.event.ClientTickEvent$Pre) to the game event bus
[04июл.2026 11:23:12.292] [modloading-worker-0/DEBUG] [net.neoforged.fml.javafmlmod.AutomaticEventSubscriber/LOADING]: Subscribing method public static void com.simibubi.create.foundation.events.ClientEvents.leftClickEmpty(net.neoforged.neoforge.event.entity.player.PlayerInteractEvent$LeftClickEmpty) to the game event bus
[04июл.2026 11:23:12.292] [modloading-worker-0/DEBUG] [net.neoforged.fml.javafmlmod.AutomaticEventSubscriber/LOADING]: Subscribing method public static void com.simibubi.create.foundation.events.ClientEvents.addToItemTooltip(net.neoforged.neoforge.event.entity.player.ItemTooltipEvent) to the game event bus
[04июл.2026 11:23:12.292] [modloading-worker-0/DEBUG] [net.neoforged.fml.javafmlmod.AutomaticEventSubscriber/LOADING]: Subscribing method public static void com.simibubi.create.foundation.events.ClientEvents.onLeave(net.neoforged.neoforge.client.event.ClientPlayerNetworkEvent$LoggingOut) to the game event bus
[04июл.2026 11:23:12.292] [modloading-worker-0/DEBUG] [net.neoforged.fml.javafmlmod.AutomaticEventSubscriber/LOADING]: Subscribing method public static void com.simibubi.create.foundation.events.ClientEvents.onMount(net.neoforged.neoforge.event.entity.EntityMountEvent) to the game event bus
[04июл.2026 11:23:12.292] [modloading-worker-0/DEBUG] [net.neoforged.fml.javafmlmod.AutomaticEventSubscriber/LOADING]: Subscribing method public static void com.simibubi.create.foundation.events.ClientEvents.onTickPost(net.neoforged.neoforge.client.event.ClientTickEvent$Post) to the game event bus
[04июл.2026 11:23:12.292] [modloading-worker-0/DEBUG] [net.neoforged.fml.javafmlmod.AutomaticEventSubscriber/LOADING]: Subscribing method public static void com.simibubi.create.foundation.events.ClientEvents.onJoin(net.neoforged.neoforge.client.event.ClientPlayerNetworkEvent$LoggingIn) to the game event bus
[04июл.2026 11:23:12.292] [modloading-worker-0/DEBUG] [net.neoforged.fml.javafmlmod.AutomaticEventSubscriber/LOADING]: Subscribing method public static void com.simibubi.create.foundation.events.ClientEvents.onLoadWorld(net.neoforged.neoforge.event.level.LevelEvent$Load) to the game event bus
[04июл.2026 11:23:12.292] [modloading-worker-0/DEBUG] [net.neoforged.fml.javafmlmod.AutomaticEventSubscriber/LOADING]: Subscribing method public static void com.simibubi.create.foundation.events.ClientEvents.onUnloadWorld(net.neoforged.neoforge.event.level.LevelEvent$Unload) to the game event bus
[04июл.2026 11:23:12.293] [modloading-worker-0/DEBUG] [net.neoforged.fml.javafmlmod.AutomaticEventSubscriber/LOADING]: Subscribing method public static void com.simibubi.create.foundation.events.ClientEvents.onCameraSetup(net.neoforged.neoforge.client.event.ViewportEvent$ComputeCameraAngles) to the game event bus
[04июл.2026 11:23:12.293] [modloading-worker-0/DEBUG] [net.neoforged.fml.javafmlmod.AutomaticEventSubscriber/LOADING]: Subscribing method public static void com.simibubi.create.foundation.events.ClientEvents.onRenderFrame(net.neoforged.neoforge.client.event.RenderFrameEvent$Pre) to the game event bus
[04июл.2026 11:23:12.294] [modloading-worker-0/DEBUG] [net.neoforged.fml.javafmlmod.AutomaticEventSubscriber/LOADING]: Subscribing method public static void com.simibubi.create.foundation.events.ClientEvents.getFogDensity(net.neoforged.neoforge.client.event.ViewportEvent$RenderFog) to the game event bus
[04июл.2026 11:23:12.294] [modloading-worker-0/DEBUG] [net.neoforged.fml.javafmlmod.AutomaticEventSubscriber/LOADING]: Scanning class com.simibubi.create.foundation.events.CommonEvents$ModBusEvents for @SubscribeEvent-annotated methods
[04июл.2026 11:23:12.295] [modloading-worker-0/DEBUG] [net.neoforged.fml.javafmlmod.AutomaticEventSubscriber/]: Subscribing @EventBusSubscriber class Lcom/simibubi/create/foundation/events/CommonEvents$ModBusEvents; to the mod event bus of mod create
[04июл.2026 11:23:12.296] [modloading-worker-0/DEBUG] [net.neoforged.fml.javafmlmod.AutomaticEventSubscriber/LOADING]: Scanning class com.simibubi.create.foundation.events.CommonEvents for @SubscribeEvent-annotated methods
[04июл.2026 11:23:12.297] [modloading-worker-0/DEBUG] [net.neoforged.fml.javafmlmod.AutomaticEventSubscriber/]: Subscribing @EventBusSubscriber class Lcom/simibubi/create/foundation/events/CommonEvents; to the game event bus
[04июл.2026 11:23:12.299] [modloading-worker-0/DEBUG] [net.neoforged.fml.javafmlmod.AutomaticEventSubscriber/LOADING]: Scanning class com.simibubi.create.content.contraptions.glue.SuperGlueHandler for @SubscribeEvent-annotated methods
[04июл.2026 11:23:12.300] [modloading-worker-0/DEBUG] [net.neoforged.fml.javafmlmod.AutomaticEventSubscriber/]: Subscribing @EventBusSubscriber class Lcom/simibubi/create/content/contraptions/glue/SuperGlueHandler; to the game event bus
[04июл.2026 11:23:12.300] [modloading-worker-0/DEBUG] [net.neoforged.fml.javafmlmod.AutomaticEventSubscriber/LOADING]: Scanning class com.simibubi.create.content.contraptions.glue.SuperGlueItem for @SubscribeEvent-annotated methods
[04июл.2026 11:23:12.300] [modloading-worker-0/DEBUG] [net.neoforged.fml.javafmlmod.AutomaticEventSubscriber/]: Subscribing @EventBusSubscriber class Lcom/simibubi/create/content/contraptions/glue/SuperGlueItem; to the game event bus
[04июл.2026 11:23:12.302] [modloading-worker-0/DEBUG] [net.neoforged.fml.javafmlmod.AutomaticEventSubscriber/LOADING]: Scanning class com.simibubi.create.content.contraptions.ContraptionHandlerClient for @SubscribeEvent-annotated methods
[04июл.2026 11:23:12.303] [modloading-worker-0/DEBUG] [mixin/]: Mixing compatibility.create.contraptions.ContraptionHandlerClientMixin from sable-neoforge.mixins.json into com.simibubi.create.content.contraptions.ContraptionHandlerClient
[04июл.2026 11:23:12.305] [modloading-worker-0/DEBUG] [net.neoforged.fml.javafmlmod.AutomaticEventSubscriber/]: Subscribing @EventBusSubscriber class Lcom/simibubi/create/content/contraptions/ContraptionHandlerClient; to the game event bus
[04июл.2026 11:23:12.305] [modloading-worker-0/DEBUG] [net.neoforged.fml.javafmlmod.AutomaticEventSubscriber/LOADING]: Scanning class com.simibubi.create.content.contraptions.minecart.CouplingHandler for @SubscribeEvent-annotated methods
[04июл.2026 11:23:12.307] [modloading-worker-0/DEBUG] [net.neoforged.fml.javafmlmod.AutomaticEventSubscriber/]: Subscribing @EventBusSubscriber class Lcom/simibubi/create/content/contraptions/minecart/CouplingHandler; to the game event bus
[04июл.2026 11:23:12.308] [modloading-worker-0/DEBUG] [net.neoforged.fml.javafmlmod.AutomaticEventSubscriber/LOADING]: Scanning class com.simibubi.create.content.contraptions.minecart.MinecartCouplingItem for @SubscribeEvent-annotated methods
[04июл.2026 11:23:12.308] [modloading-worker-0/DEBUG] [net.neoforged.fml.javafmlmod.AutomaticEventSubscriber/]: Subscribing @EventBusSubscriber class Lcom/simibubi/create/content/contraptions/minecart/MinecartCouplingItem; to the game event bus
[04июл.2026 11:23:12.308] [modloading-worker-0/DEBUG] [net.neoforged.fml.javafmlmod.AutomaticEventSubscriber/LOADING]: Scanning class com.simibubi.create.content.contraptions.mounted.MinecartContraptionItem for @SubscribeEvent-annotated methods
[04июл.2026 11:23:12.308] [modloading-worker-0/DEBUG] [net.neoforged.fml.javafmlmod.AutomaticEventSubscriber/]: Subscribing @EventBusSubscriber class Lcom/simibubi/create/content/contraptions/mounted/MinecartContraptionItem; to the game event bus
[04июл.2026 11:23:12.308] [modloading-worker-0/DEBUG] [net.neoforged.fml.javafmlmod.AutomaticEventSubscriber/LOADING]: Scanning class com.simibubi.create.content.fluids.FluidReactions for @SubscribeEvent-annotated methods
[04июл.2026 11:23:12.308] [modloading-worker-0/DEBUG] [net.neoforged.fml.javafmlmod.AutomaticEventSubscriber/]: Subscribing @EventBusSubscriber class Lcom/simibubi/create/content/fluids/FluidReactions; to the game event bus
[04июл.2026 11:23:12.309] [modloading-worker-0/DEBUG] [net.neoforged.fml.javafmlmod.AutomaticEventSubscriber/LOADING]: Scanning class com.simibubi.create.content.fluids.FluidBottleItemHook for @SubscribeEvent-annotated methods
[04июл.2026 11:23:12.309] [modloading-worker-0/DEBUG] [net.neoforged.fml.javafmlmod.AutomaticEventSubscriber/]: Subscribing @EventBusSubscriber class Lcom/simibubi/create/content/fluids/FluidBottleItemHook; to the game event bus
[04июл.2026 11:23:12.309] [modloading-worker-0/DEBUG] [net.neoforged.fml.javafmlmod.AutomaticEventSubscriber/LOADING]: Scanning class com.simibubi.create.content.trains.track.TrackBlockOutline for @SubscribeEvent-annotated methods
[04июл.2026 11:23:12.309] [modloading-worker-0/DEBUG] [mixin/]: Mixing compatibility.create.tracks.TrackBlockOutlineMixin from sable-neoforge.mixins.json into com.simibubi.create.content.trains.track.TrackBlockOutline
[04июл.2026 11:23:12.314] [modloading-worker-0/DEBUG] [mixin/]: sable-neoforge.mixins.json:compatibility.create.tracks.TrackBlockOutlineMixin from mod sable->@Inject::sable$findBlockEntitySubLevel(Lorg/spongepowered/asm/mixin/injection/callback/CallbackInfo;)V doesn't use it's CallbackInfo
[04июл.2026 11:23:12.319] [modloading-worker-0/DEBUG] [net.neoforged.fml.javafmlmod.AutomaticEventSubscriber/]: Subscribing @EventBusSubscriber class Lcom/simibubi/create/content/trains/track/TrackBlockOutline; to the game event bus
[04июл.2026 11:23:12.319] [modloading-worker-0/DEBUG] [net.neoforged.fml.javafmlmod.AutomaticEventSubscriber/LOADING]: Scanning class com.simibubi.create.content.trains.track.TrackBlockItem for @SubscribeEvent-annotated methods
[04июл.2026 11:23:12.319] [modloading-worker-0/DEBUG] [net.neoforged.fml.javafmlmod.AutomaticEventSubscriber/]: Subscribing @EventBusSubscriber class Lcom/simibubi/create/content/trains/track/TrackBlockItem; to the game event bus
[04июл.2026 11:23:12.319] [modloading-worker-0/DEBUG] [net.neoforged.fml.javafmlmod.AutomaticEventSubscriber/LOADING]: Scanning class com.simibubi.create.content.trains.schedule.ScheduleItemEntityInteraction for @SubscribeEvent-annotated methods
[04июл.2026 11:23:12.319] [modloading-worker-0/DEBUG] [net.neoforged.fml.javafmlmod.AutomaticEventSubscriber/]: Subscribing @EventBusSubscriber class Lcom/simibubi/create/content/trains/schedule/ScheduleItemEntityInteraction; to the game event bus
[04июл.2026 11:23:12.319] [modloading-worker-0/DEBUG] [net.neoforged.fml.javafmlmod.AutomaticEventSubscriber/LOADING]: Scanning class com.simibubi.create.content.logistics.box.PackageClientInteractionHandler for @SubscribeEvent-annotated methods
[04июл.2026 11:23:12.319] [modloading-worker-0/DEBUG] [net.neoforged.fml.javafmlmod.AutomaticEventSubscriber/]: Subscribing @EventBusSubscriber class Lcom/simibubi/create/content/logistics/box/PackageClientInteractionHandler; to the game event bus
[04июл.2026 11:23:12.319] [modloading-worker-0/DEBUG] [net.neoforged.fml.javafmlmod.AutomaticEventSubscriber/LOADING]: Scanning class com.simibubi.create.content.logistics.funnel.FunnelItem for @SubscribeEvent-annotated methods
[04июл.2026 11:23:12.319] [modloading-worker-0/DEBUG] [net.neoforged.fml.javafmlmod.AutomaticEventSubscriber/]: Subscribing @EventBusSubscriber class Lcom/simibubi/create/content/logistics/funnel/FunnelItem; to the game event bus
[04июл.2026 11:23:12.321] [modloading-worker-0/DEBUG] [net.neoforged.fml.javafmlmod.AutomaticEventSubscriber/LOADING]: Scanning class com.simibubi.create.content.logistics.itemHatch.ItemHatchHandler for @SubscribeEvent-annotated methods
[04июл.2026 11:23:12.321] [modloading-worker-0/DEBUG] [net.neoforged.fml.javafmlmod.AutomaticEventSubscriber/]: Subscribing @EventBusSubscriber class Lcom/simibubi/create/content/logistics/itemHatch/ItemHatchHandler; to the game event bus
[04июл.2026 11:23:12.321] [modloading-worker-0/DEBUG] [net.neoforged.fml.javafmlmod.AutomaticEventSubscriber/LOADING]: Scanning class com.simibubi.create.content.logistics.stockTicker.StockTickerInteractionHandler for @SubscribeEvent-annotated methods
[04июл.2026 11:23:12.321] [modloading-worker-0/DEBUG] [mixin/]: Mixing compatibility.create.stock_ticker.StockTickerInteractionHandlerMixin from sable-neoforge.mixins.json into com.simibubi.create.content.logistics.stockTicker.StockTickerInteractionHandler
[04июл.2026 11:23:12.322] [modloading-worker-0/DEBUG] [net.neoforged.fml.javafmlmod.AutomaticEventSubscriber/]: Subscribing @EventBusSubscriber class Lcom/simibubi/create/content/logistics/stockTicker/StockTickerInteractionHandler; to the game event bus
[04июл.2026 11:23:12.322] [modloading-worker-0/DEBUG] [net.neoforged.fml.javafmlmod.AutomaticEventSubscriber/LOADING]: Scanning class com.simibubi.create.content.logistics.depot.EjectorTargetHandler for @SubscribeEvent-annotated methods
[04июл.2026 11:23:12.322] [modloading-worker-0/DEBUG] [net.neoforged.fml.javafmlmod.AutomaticEventSubscriber/]: Subscribing @EventBusSubscriber class Lcom/simibubi/create/content/logistics/depot/EjectorTargetHandler; to the game event bus
[04июл.2026 11:23:12.322] [modloading-worker-0/DEBUG] [net.neoforged.fml.javafmlmod.AutomaticEventSubscriber/LOADING]: Scanning class com.simibubi.create.content.redstone.displayLink.ClickToLinkBlockItem for @SubscribeEvent-annotated methods
[04июл.2026 11:23:12.322] [modloading-worker-0/DEBUG] [net.neoforged.fml.javafmlmod.AutomaticEventSubscriber/]: Subscribing @EventBusSubscriber class Lcom/simibubi/create/content/redstone/displayLink/ClickToLinkBlockItem; to the game event bus
[04июл.2026 11:23:12.323] [modloading-worker-0/DEBUG] [net.neoforged.fml.javafmlmod.AutomaticEventSubscriber/LOADING]: Scanning class com.simibubi.create.content.redstone.link.LinkHandler for @SubscribeEvent-annotated methods
[04июл.2026 11:23:12.323] [modloading-worker-0/DEBUG] [net.neoforged.fml.javafmlmod.AutomaticEventSubscriber/]: Subscribing @EventBusSubscriber class Lcom/simibubi/create/content/redstone/link/LinkHandler; to the game event bus
[04июл.2026 11:23:12.323] [modloading-worker-0/DEBUG] [net.neoforged.fml.javafmlmod.AutomaticEventSubscriber/LOADING]: Scanning class com.simibubi.create.content.equipment.extendoGrip.ExtendoGripItem for @SubscribeEvent-annotated methods
[04июл.2026 11:23:12.323] [modloading-worker-0/DEBUG] [net.neoforged.fml.javafmlmod.AutomaticEventSubscriber/]: Subscribing @EventBusSubscriber class Lcom/simibubi/create/content/equipment/extendoGrip/ExtendoGripItem; to the game event bus
[04июл.2026 11:23:12.324] [modloading-worker-0/DEBUG] [net.neoforged.fml.javafmlmod.AutomaticEventSubscriber/LOADING]: Scanning class com.simibubi.create.content.equipment.extendoGrip.ExtendoGripRenderHandler for @SubscribeEvent-annotated methods
[04июл.2026 11:23:12.324] [modloading-worker-0/DEBUG] [mixin/]: Mixing handle.ExtendoGripRenderHandlerMixin from simulated.mixins.json into com.simibubi.create.content.equipment.extendoGrip.ExtendoGripRenderHandler
[04июл.2026 11:23:12.324] [modloading-worker-0/DEBUG] [mixin/]: simulated.mixins.json:handle.ExtendoGripRenderHandlerMixin from mod simulated->@Inject::handleAnimate(Lorg/spongepowered/asm/mixin/injection/callback/CallbackInfo;)V doesn't use it's CallbackInfo
[04июл.2026 11:23:12.324] [modloading-worker-0/DEBUG] [net.neoforged.fml.javafmlmod.AutomaticEventSubscriber/]: Subscribing @EventBusSubscriber class Lcom/simibubi/create/content/equipment/extendoGrip/ExtendoGripRenderHandler; to the game event bus
[04июл.2026 11:23:12.324] [modloading-worker-0/DEBUG] [net.neoforged.fml.javafmlmod.AutomaticEventSubscriber/LOADING]: Scanning class com.simibubi.create.content.equipment.clipboard.ClipboardValueSettingsHandler for @SubscribeEvent-annotated methods
[04июл.2026 11:23:12.326] [modloading-worker-0/DEBUG] [net.neoforged.fml.javafmlmod.AutomaticEventSubscriber/]: Subscribing @EventBusSubscriber class Lcom/simibubi/create/content/equipment/clipboard/ClipboardValueSettingsHandler; to the game event bus
[04июл.2026 11:23:12.326] [modloading-worker-0/DEBUG] [net.neoforged.fml.javafmlmod.AutomaticEventSubscriber/LOADING]: Scanning class com.simibubi.create.content.equipment.armor.NetheriteDivingHandler for @SubscribeEvent-annotated methods
[04июл.2026 11:23:12.327] [modloading-worker-0/DEBUG] [net.neoforged.fml.javafmlmod.AutomaticEventSubscriber/]: Subscribing @EventBusSubscriber class Lcom/simibubi/create/content/equipment/armor/NetheriteDivingHandler; to the game event bus
[04июл.2026 11:23:12.327] [modloading-worker-0/DEBUG] [net.neoforged.fml.javafmlmod.AutomaticEventSubscriber/LOADING]: Scanning class com.simibubi.create.content.equipment.armor.DivingBootsItem for @SubscribeEvent-annotated methods
[04июл.2026 11:23:12.327] [modloading-worker-0/DEBUG] [net.neoforged.fml.javafmlmod.AutomaticEventSubscriber/]: Subscribing @EventBusSubscriber class Lcom/simibubi/create/content/equipment/armor/DivingBootsItem; to the game event bus
[04июл.2026 11:23:12.327] [modloading-worker-0/DEBUG] [net.neoforged.fml.javafmlmod.AutomaticEventSubscriber/LOADING]: Scanning class com.simibubi.create.content.equipment.armor.CardboardArmorHandlerClient for @SubscribeEvent-annotated methods
[04июл.2026 11:23:12.327] [modloading-worker-0/DEBUG] [net.neoforged.fml.javafmlmod.AutomaticEventSubscriber/]: Subscribing @EventBusSubscriber class Lcom/simibubi/create/content/equipment/armor/CardboardArmorHandlerClient; to the game event bus
[04июл.2026 11:23:12.327] [modloading-worker-0/DEBUG] [net.neoforged.fml.javafmlmod.AutomaticEventSubscriber/LOADING]: Scanning class com.simibubi.create.content.equipment.armor.CardboardArmorHandler for @SubscribeEvent-annotated methods
[04июл.2026 11:23:12.328] [modloading-worker-0/DEBUG] [net.neoforged.fml.javafmlmod.AutomaticEventSubscriber/]: Subscribing @EventBusSubscriber class Lcom/simibubi/create/content/equipment/armor/CardboardArmorHandler; to the game event bus
[04июл.2026 11:23:12.328] [modloading-worker-0/DEBUG] [net.neoforged.fml.javafmlmod.AutomaticEventSubscriber/LOADING]: Scanning class com.simibubi.create.content.equipment.armor.NetheriteBacktankFirstPersonRenderer for @SubscribeEvent-annotated methods
[04июл.2026 11:23:12.328] [modloading-worker-0/DEBUG] [net.neoforged.fml.javafmlmod.AutomaticEventSubscriber/]: Subscribing @EventBusSubscriber class Lcom/simibubi/create/content/equipment/armor/NetheriteBacktankFirstPersonRenderer; to the game event bus
[04июл.2026 11:23:12.329] [modloading-worker-0/DEBUG] [net.neoforged.fml.javafmlmod.AutomaticEventSubscriber/LOADING]: Scanning class com.simibubi.create.content.equipment.armor.DivingHelmetItem for @SubscribeEvent-annotated methods
[04июл.2026 11:23:12.329] [modloading-worker-0/DEBUG] [net.neoforged.fml.javafmlmod.AutomaticEventSubscriber/]: Subscribing @EventBusSubscriber class Lcom/simibubi/create/content/equipment/armor/DivingHelmetItem; to the game event bus
[04июл.2026 11:23:12.329] [modloading-worker-0/DEBUG] [net.neoforged.fml.javafmlmod.AutomaticEventSubscriber/LOADING]: Scanning class com.simibubi.create.content.equipment.wrench.WrenchEventHandler for @SubscribeEvent-annotated methods
[04июл.2026 11:23:12.329] [modloading-worker-0/DEBUG] [net.neoforged.fml.javafmlmod.AutomaticEventSubscriber/]: Subscribing @EventBusSubscriber class Lcom/simibubi/create/content/equipment/wrench/WrenchEventHandler; to the game event bus
[04июл.2026 11:23:12.329] [modloading-worker-0/DEBUG] [net.neoforged.fml.javafmlmod.AutomaticEventSubscriber/LOADING]: Scanning class com.simibubi.create.content.equipment.bell.HauntedBellPulser for @SubscribeEvent-annotated methods
[04июл.2026 11:23:12.329] [modloading-worker-0/DEBUG] [net.neoforged.fml.javafmlmod.AutomaticEventSubscriber/]: Subscribing @EventBusSubscriber class Lcom/simibubi/create/content/equipment/bell/HauntedBellPulser; to the game event bus
[04июл.2026 11:23:12.330] [modloading-worker-0/DEBUG] [net.neoforged.fml.javafmlmod.AutomaticEventSubscriber/LOADING]: Scanning class com.simibubi.create.content.equipment.symmetryWand.SymmetryHandler for @SubscribeEvent-annotated methods
[04июл.2026 11:23:12.330] [modloading-worker-0/DEBUG] [mixin/]: Mixing compatibility.create.wand_of_symmetry.SymmetryHandlerMixin from sable-neoforge.mixins.json into com.simibubi.create.content.equipment.symmetryWand.SymmetryHandler
[04июл.2026 11:23:12.332] [modloading-worker-0/DEBUG] [net.neoforged.fml.javafmlmod.AutomaticEventSubscriber/]: Subscribing @EventBusSubscriber class Lcom/simibubi/create/content/equipment/symmetryWand/SymmetryHandler; to the game event bus
[04июл.2026 11:23:12.332] [modloading-worker-0/DEBUG] [net.neoforged.fml.javafmlmod.AutomaticEventSubscriber/LOADING]: Scanning class com.simibubi.create.content.equipment.zapper.ZapperInteractionHandler for @SubscribeEvent-annotated methods
[04июл.2026 11:23:12.332] [modloading-worker-0/DEBUG] [net.neoforged.fml.javafmlmod.AutomaticEventSubscriber/]: Subscribing @EventBusSubscriber class Lcom/simibubi/create/content/equipment/zapper/ZapperInteractionHandler; to the game event bus
[04июл.2026 11:23:12.332] [modloading-worker-0/DEBUG] [net.neoforged.fml.javafmlmod.AutomaticEventSubscriber/LOADING]: Scanning class com.simibubi.create.content.equipment.tool.CardboardSwordItem for @SubscribeEvent-annotated methods
[04июл.2026 11:23:12.332] [modloading-worker-0/DEBUG] [net.neoforged.fml.javafmlmod.AutomaticEventSubscriber/]: Subscribing @EventBusSubscriber class Lcom/simibubi/create/content/equipment/tool/CardboardSwordItem; to the game event bus
[04июл.2026 11:23:12.332] [modloading-worker-0/DEBUG] [net.neoforged.fml.javafmlmod.AutomaticEventSubscriber/LOADING]: Scanning class com.simibubi.create.content.kinetics.chainConveyor.ChainConveyorInteractionHandler for @SubscribeEvent-annotated methods
[04июл.2026 11:23:12.333] [modloading-worker-0/DEBUG] [mixin/]: Mixing compatibility.create.frogports.ChainConveyorInteractionHandlerMixin from sable-neoforge.mixins.json into com.simibubi.create.content.kinetics.chainConveyor.ChainConveyorInteractionHandler
[04июл.2026 11:23:12.335] [modloading-worker-0/DEBUG] [mixin/]: Mixing compatibility.create.frogports.PackagePortTargetMixin from sable-neoforge.mixins.json into com.simibubi.create.content.logistics.packagePort.PackagePortTarget$ChainConveyorFrogportTarget
[04июл.2026 11:23:12.336] [modloading-worker-0/DEBUG] [mixin/]: sable-neoforge.mixins.json:compatibility.create.frogports.PackagePortTargetMixin from mod sable->@Inject::sable$testSublevelDistance(Lnet/minecraft/world/level/LevelAccessor;Lnet/minecraft/core/BlockPos;Lnet/minecraft/world/item/ItemStack;ZLorg/spongepowered/asm/mixin/injection/callback/CallbackInfoReturnable;)V does use it's CallbackInfoReturnable
[04июл.2026 11:23:12.337] [modloading-worker-0/DEBUG] [mixin/]: Mixing compatibility.create.frogports.ChainConveyorShapeAccessor from sable-neoforge.mixins.json into com.simibubi.create.content.kinetics.chainConveyor.ChainConveyorShape
[04июл.2026 11:23:12.338] [modloading-worker-0/DEBUG] [net.neoforged.fml.javafmlmod.AutomaticEventSubscriber/]: Subscribing @EventBusSubscriber class Lcom/simibubi/create/content/kinetics/chainConveyor/ChainConveyorInteractionHandler; to the game event bus
[04июл.2026 11:23:12.338] [modloading-worker-0/DEBUG] [net.neoforged.fml.javafmlmod.AutomaticEventSubscriber/LOADING]: Scanning class com.simibubi.create.content.kinetics.chainConveyor.ChainConveyorConnectionHandler for @SubscribeEvent-annotated methods
[04июл.2026 11:23:12.339] [modloading-worker-0/DEBUG] [net.neoforged.fml.javafmlmod.AutomaticEventSubscriber/]: Subscribing @EventBusSubscriber class Lcom/simibubi/create/content/kinetics/chainConveyor/ChainConveyorConnectionHandler; to the game event bus
[04июл.2026 11:23:12.339] [modloading-worker-0/DEBUG] [net.neoforged.fml.javafmlmod.AutomaticEventSubscriber/LOADING]: Scanning class com.simibubi.create.content.kinetics.crank.ValveHandleBlock for @SubscribeEvent-annotated methods
[04июл.2026 11:23:12.339] [modloading-worker-0/DEBUG] [net.neoforged.fml.javafmlmod.AutomaticEventSubscriber/]: Subscribing @EventBusSubscriber class Lcom/simibubi/create/content/kinetics/crank/ValveHandleBlock; to the game event bus
[04июл.2026 11:23:12.341] [modloading-worker-0/DEBUG] [net.neoforged.fml.javafmlmod.AutomaticEventSubscriber/LOADING]: Scanning class com.simibubi.create.content.kinetics.crusher.CrushingWheelBlockEntity for @SubscribeEvent-annotated methods
[04июл.2026 11:23:12.341] [modloading-worker-0/DEBUG] [net.neoforged.fml.javafmlmod.AutomaticEventSubscriber/]: Subscribing @EventBusSubscriber class Lcom/simibubi/create/content/kinetics/crusher/CrushingWheelBlockEntity; to the game event bus
[04июл.2026 11:23:12.341] [modloading-worker-0/DEBUG] [mixin/]: Mixing extra_kinetics.KineticNetworkMixin from simulated.mixins.json into com.simibubi.create.content.kinetics.KineticNetwork
[04июл.2026 11:23:12.344] [modloading-worker-0/DEBUG] [net.neoforged.fml.javafmlmod.AutomaticEventSubscriber/LOADING]: Scanning class com.simibubi.create.content.kinetics.deployer.ManualApplicationRecipe for @SubscribeEvent-annotated methods
[04июл.2026 11:23:12.344] [modloading-worker-0/DEBUG] [net.neoforged.fml.javafmlmod.AutomaticEventSubscriber/]: Subscribing @EventBusSubscriber class Lcom/simibubi/create/content/kinetics/deployer/ManualApplicationRecipe; to the game event bus
[04июл.2026 11:23:12.344] [modloading-worker-0/DEBUG] [net.neoforged.fml.javafmlmod.AutomaticEventSubscriber/LOADING]: Scanning class com.simibubi.create.content.kinetics.deployer.DeployerFakePlayer for @SubscribeEvent-annotated methods
[04июл.2026 11:23:12.347] [modloading-worker-0/DEBUG] [mixin/]: Mixing entity.entities_stick_sublevels.player.ServerGamePacketListenerImplMixin from sable.mixins.json into net.minecraft.server.network.ServerGamePacketListenerImpl
[04июл.2026 11:23:12.348] [modloading-worker-0/DEBUG] [mixin/]: Mixing entity.entity_sublevel_collision.ServerGamePacketListenerImplMixin from sable.mixins.json into net.minecraft.server.network.ServerGamePacketListenerImpl
[04июл.2026 11:23:12.349] [modloading-worker-0/DEBUG] [mixin/]: sable.mixins.json:entity.entities_stick_sublevels.player.ServerGamePacketListenerImplMixin from mod sable->@Inject::handleMovePlayer(Lnet/minecraft/network/protocol/game/ServerboundMovePlayerPacket;Lorg/spongepowered/asm/mixin/injection/callback/CallbackInfo;)V doesn't use it's CallbackInfo
[04июл.2026 11:23:12.349] [modloading-worker-0/DEBUG] [mixin/]: sable.mixins.json:entity.entities_stick_sublevels.player.ServerGamePacketListenerImplMixin from mod sable->@Inject::handleMovePlayer(Lnet/minecraft/network/protocol/game/ServerboundMovePlayerPacket;Lorg/spongepowered/asm/mixin/injection/callback/CallbackInfo;)V has 0 override(s) in child classes
[04июл.2026 11:23:12.349] [modloading-worker-0/DEBUG] [mixin/]: sable.mixins.json:entity.entities_stick_sublevels.player.ServerGamePacketListenerImplMixin from mod sable->@Inject::handleMovePlayer(Lnet/minecraft/network/protocol/game/ServerboundMovePlayerPacket;Lorg/spongepowered/asm/mixin/injection/callback/CallbackInfo;)V won't be passed a CallbackInfo as a result
[04июл.2026 11:23:12.355] [modloading-worker-0/DEBUG] [net.neoforged.fml.javafmlmod.AutomaticEventSubscriber/]: Subscribing @EventBusSubscriber class Lcom/simibubi/create/content/kinetics/deployer/DeployerFakePlayer; to the game event bus
[04июл.2026 11:23:12.361] [modloading-worker-0/DEBUG] [mixin/]: Mixing death_message.CombatTrackerMixin from sable.mixins.json into net.minecraft.world.damagesource.CombatTracker
[04июл.2026 11:23:12.367] [modloading-worker-0/DEBUG] [mixin/]: Mixing entity.entities_stick_sublevels.ServerEntityMixin from sable.mixins.json into net.minecraft.server.level.ServerEntity
[04июл.2026 11:23:12.368] [modloading-worker-0/DEBUG] [mixin/]: Mixing entity.entity_rotations_and_riding.ServerEntityMixin from sable.mixins.json into net.minecraft.server.level.ServerEntity
[04июл.2026 11:23:12.369] [modloading-worker-0/DEBUG] [mixin/]: sable.mixins.json:entity.entities_stick_sublevels.ServerEntityMixin from mod sable->@Inject::sable$pre(Lorg/spongepowered/asm/mixin/injection/callback/CallbackInfo;)V doesn't use it's CallbackInfo
[04июл.2026 11:23:12.369] [modloading-worker-0/DEBUG] [mixin/]: sable.mixins.json:entity.entities_stick_sublevels.ServerEntityMixin from mod sable->@Inject::sable$pre(Lorg/spongepowered/asm/mixin/injection/callback/CallbackInfo;)V has 0 override(s) in child classes
[04июл.2026 11:23:12.369] [modloading-worker-0/DEBUG] [mixin/]: sable.mixins.json:entity.entities_stick_sublevels.ServerEntityMixin from mod sable->@Inject::sable$pre(Lorg/spongepowered/asm/mixin/injection/callback/CallbackInfo;)V won't be passed a CallbackInfo as a result
[04июл.2026 11:23:12.369] [modloading-worker-0/DEBUG] [mixin/]: sable.mixins.json:entity.entities_stick_sublevels.ServerEntityMixin from mod sable->@Inject::sable$pre(Lorg/spongepowered/asm/mixin/injection/callback/CallbackInfo;)V doesn't use it's CallbackInfo
[04июл.2026 11:23:12.369] [modloading-worker-0/DEBUG] [mixin/]: sable.mixins.json:entity.entities_stick_sublevels.ServerEntityMixin from mod sable->@Inject::sable$pre(Lorg/spongepowered/asm/mixin/injection/callback/CallbackInfo;)V has 0 override(s) in child classes
[04июл.2026 11:23:12.369] [modloading-worker-0/DEBUG] [mixin/]: sable.mixins.json:entity.entities_stick_sublevels.ServerEntityMixin from mod sable->@Inject::sable$pre(Lorg/spongepowered/asm/mixin/injection/callback/CallbackInfo;)V won't be passed a CallbackInfo as a result
[04июл.2026 11:23:12.369] [modloading-worker-0/DEBUG] [mixin/]: sable.mixins.json:entity.entities_stick_sublevels.ServerEntityMixin from mod sable->@Inject::sable$postTransform(Lorg/spongepowered/asm/mixin/injection/callback/CallbackInfo;)V doesn't use it's CallbackInfo
[04июл.2026 11:23:12.369] [modloading-worker-0/DEBUG] [mixin/]: sable.mixins.json:entity.entities_stick_sublevels.ServerEntityMixin from mod sable->@Inject::sable$postTransform(Lorg/spongepowered/asm/mixin/injection/callback/CallbackInfo;)V has 0 override(s) in child classes
[04июл.2026 11:23:12.369] [modloading-worker-0/DEBUG] [mixin/]: sable.mixins.json:entity.entities_stick_sublevels.ServerEntityMixin from mod sable->@Inject::sable$postTransform(Lorg/spongepowered/asm/mixin/injection/callback/CallbackInfo;)V won't be passed a CallbackInfo as a result
[04июл.2026 11:23:12.369] [modloading-worker-0/DEBUG] [mixin/]: sable.mixins.json:entity.entity_rotations_and_riding.ServerEntityMixin from mod sable->@Inject::sable$beforeSendChanges(Lorg/spongepowered/asm/mixin/injection/callback/CallbackInfo;)V doesn't use it's CallbackInfo
[04июл.2026 11:23:12.369] [modloading-worker-0/DEBUG] [mixin/]: sable.mixins.json:entity.entity_rotations_and_riding.ServerEntityMixin from mod sable->@Inject::sable$beforeSendChanges(Lorg/spongepowered/asm/mixin/injection/callback/CallbackInfo;)V has 0 override(s) in child classes
[04июл.2026 11:23:12.369] [modloading-worker-0/DEBUG] [mixin/]: sable.mixins.json:entity.entity_rotations_and_riding.ServerEntityMixin from mod sable->@Inject::sable$beforeSendChanges(Lorg/spongepowered/asm/mixin/injection/callback/CallbackInfo;)V won't be passed a CallbackInfo as a result
[04июл.2026 11:23:12.369] [modloading-worker-0/DEBUG] [mixin/]: sable.mixins.json:entity.entity_rotations_and_riding.ServerEntityMixin from mod sable->@Inject::sable$beforeSendChanges(Lorg/spongepowered/asm/mixin/injection/callback/CallbackInfo;)V doesn't use it's CallbackInfo
[04июл.2026 11:23:12.369] [modloading-worker-0/DEBUG] [mixin/]: sable.mixins.json:entity.entity_rotations_and_riding.ServerEntityMixin from mod sable->@Inject::sable$beforeSendChanges(Lorg/spongepowered/asm/mixin/injection/callback/CallbackInfo;)V has 0 override(s) in child classes
[04июл.2026 11:23:12.369] [modloading-worker-0/DEBUG] [mixin/]: sable.mixins.json:entity.entity_rotations_and_riding.ServerEntityMixin from mod sable->@Inject::sable$beforeSendChanges(Lorg/spongepowered/asm/mixin/injection/callback/CallbackInfo;)V won't be passed a CallbackInfo as a result
[04июл.2026 11:23:12.369] [modloading-worker-0/DEBUG] [mixin/]: sable.mixins.json:entity.entity_rotations_and_riding.ServerEntityMixin from mod sable->@Inject::sable$beforeSendChanges(Lorg/spongepowered/asm/mixin/injection/callback/CallbackInfo;)V doesn't use it's CallbackInfo
[04июл.2026 11:23:12.369] [modloading-worker-0/DEBUG] [mixin/]: sable.mixins.json:entity.entity_rotations_and_riding.ServerEntityMixin from mod sable->@Inject::sable$beforeSendChanges(Lorg/spongepowered/asm/mixin/injection/callback/CallbackInfo;)V has 0 override(s) in child classes
[04июл.2026 11:23:12.369] [modloading-worker-0/DEBUG] [mixin/]: sable.mixins.json:entity.entity_rotations_and_riding.ServerEntityMixin from mod sable->@Inject::sable$beforeSendChanges(Lorg/spongepowered/asm/mixin/injection/callback/CallbackInfo;)V won't be passed a CallbackInfo as a result
[04июл.2026 11:23:12.369] [modloading-worker-0/DEBUG] [mixin/]: sable.mixins.json:entity.entity_rotations_and_riding.ServerEntityMixin from mod sable->@Inject::sable$beforeSendChanges(Lorg/spongepowered/asm/mixin/injection/callback/CallbackInfo;)V doesn't use it's CallbackInfo
[04июл.2026 11:23:12.369] [modloading-worker-0/DEBUG] [mixin/]: sable.mixins.json:entity.entity_rotations_and_riding.ServerEntityMixin from mod sable->@Inject::sable$beforeSendChanges(Lorg/spongepowered/asm/mixin/injection/callback/CallbackInfo;)V has 0 override(s) in child classes
[04июл.2026 11:23:12.369] [modloading-worker-0/DEBUG] [mixin/]: sable.mixins.json:entity.entity_rotations_and_riding.ServerEntityMixin from mod sable->@Inject::sable$beforeSendChanges(Lorg/spongepowered/asm/mixin/injection/callback/CallbackInfo;)V won't be passed a CallbackInfo as a result
[04июл.2026 11:23:12.369] [modloading-worker-0/DEBUG] [mixin/]: sable.mixins.json:entity.entity_rotations_and_riding.ServerEntityMixin from mod sable->@Inject::sable$beforeSendChanges(Lorg/spongepowered/asm/mixin/injection/callback/CallbackInfo;)V doesn't use it's CallbackInfo
[04июл.2026 11:23:12.369] [modloading-worker-0/DEBUG] [mixin/]: sable.mixins.json:entity.entity_rotations_and_riding.ServerEntityMixin from mod sable->@Inject::sable$beforeSendChanges(Lorg/spongepowered/asm/mixin/injection/callback/CallbackInfo;)V has 0 override(s) in child classes
[04июл.2026 11:23:12.369] [modloading-worker-0/DEBUG] [mixin/]: sable.mixins.json:entity.entity_rotations_and_riding.ServerEntityMixin from mod sable->@Inject::sable$beforeSendChanges(Lorg/spongepowered/asm/mixin/injection/callback/CallbackInfo;)V won't be passed a CallbackInfo as a result
[04июл.2026 11:23:12.369] [modloading-worker-0/DEBUG] [mixin/]: sable.mixins.json:entity.entity_rotations_and_riding.ServerEntityMixin from mod sable->@Inject::sable$beforeSendChanges(Lorg/spongepowered/asm/mixin/injection/callback/CallbackInfo;)V doesn't use it's CallbackInfo
[04июл.2026 11:23:12.369] [modloading-worker-0/DEBUG] [mixin/]: sable.mixins.json:entity.entity_rotations_and_riding.ServerEntityMixin from mod sable->@Inject::sable$beforeSendChanges(Lorg/spongepowered/asm/mixin/injection/callback/CallbackInfo;)V has 0 override(s) in child classes
[04июл.2026 11:23:12.369] [modloading-worker-0/DEBUG] [mixin/]: sable.mixins.json:entity.entity_rotations_and_riding.ServerEntityMixin from mod sable->@Inject::sable$beforeSendChanges(Lorg/spongepowered/asm/mixin/injection/callback/CallbackInfo;)V won't be passed a CallbackInfo as a result
[04июл.2026 11:23:12.372] [modloading-worker-0/DEBUG] [net.neoforged.fml.javafmlmod.AutomaticEventSubscriber/LOADING]: Scanning class com.simibubi.create.content.kinetics.mechanicalArm.ArmInteractionPointHandler for @SubscribeEvent-annotated methods
[04июл.2026 11:23:12.372] [modloading-worker-0/DEBUG] [mixin/]: Mixing compatibility.create.mechnical_arm.MechanicalArmSublevelFailure from sable-neoforge.mixins.json into com.simibubi.create.content.kinetics.mechanicalArm.ArmInteractionPointHandler
[04июл.2026 11:23:12.374] [modloading-worker-0/DEBUG] [mixin/]: sable-neoforge.mixins.json:compatibility.create.mechnical_arm.MechanicalArmSublevelFailure from mod sable->@Inject::sable$gatherSublevelInformation(Lnet/minecraft/core/BlockPos;Lorg/spongepowered/asm/mixin/injection/callback/CallbackInfo;)V doesn't use it's CallbackInfo
[04июл.2026 11:23:12.374] [modloading-worker-0/DEBUG] [mixin/]: sable-neoforge.mixins.json:compatibility.create.mechnical_arm.MechanicalArmSublevelFailure from mod sable->@Inject::sable$removeDifferentSublevelPoints(Lnet/minecraft/core/BlockPos;Lorg/spongepowered/asm/mixin/injection/callback/CallbackInfo;)V doesn't use it's CallbackInfo
[04июл.2026 11:23:12.376] [modloading-worker-0/DEBUG] [net.neoforged.fml.javafmlmod.AutomaticEventSubscriber/]: Subscribing @EventBusSubscriber class Lcom/simibubi/create/content/kinetics/mechanicalArm/ArmInteractionPointHandler; to the game event bus
[04июл.2026 11:23:12.376] [modloading-worker-0/DEBUG] [net.neoforged.fml.javafmlmod.AutomaticEventSubscriber/LOADING]: Scanning class com.simibubi.create.content.processing.burner.BlazeBurnerHandler for @SubscribeEvent-annotated methods
[04июл.2026 11:23:12.376] [modloading-worker-0/DEBUG] [net.neoforged.fml.javafmlmod.AutomaticEventSubscriber/]: Subscribing @EventBusSubscriber class Lcom/simibubi/create/content/processing/burner/BlazeBurnerHandler; to the game event bus
[04июл.2026 11:23:12.376] [modloading-worker-0/DEBUG] [net.neoforged.fml.javafmlmod.AutomaticEventSubscriber/LOADING]: Scanning class com.simibubi.create.AllKeys for @SubscribeEvent-annotated methods
[04июл.2026 11:23:12.376] [modloading-worker-0/DEBUG] [net.neoforged.fml.javafmlmod.AutomaticEventSubscriber/]: Subscribing @EventBusSubscriber class Lcom/simibubi/create/AllKeys; to the mod event bus of mod create
[04июл.2026 11:23:12.377] [modloading-worker-0/DEBUG] [net.neoforged.fml.javafmlmod.AutomaticEventSubscriber/LOADING]: Scanning class com.simibubi.create.impl.registry.CreateDataMapsImpl for @SubscribeEvent-annotated methods
[04июл.2026 11:23:12.377] [modloading-worker-0/DEBUG] [net.neoforged.fml.javafmlmod.AutomaticEventSubscriber/]: Subscribing @EventBusSubscriber class Lcom/simibubi/create/impl/registry/CreateDataMapsImpl; to the mod event bus of mod create
[04июл.2026 11:23:12.378] [modloading-worker-0/DEBUG] [net.neoforged.fml.javafmlmod.AutomaticEventSubscriber/LOADING]: Scanning class com.simibubi.create.impl.registry.CreateRegistriesImpl for @SubscribeEvent-annotated methods
[04июл.2026 11:23:12.378] [modloading-worker-0/DEBUG] [net.neoforged.fml.javafmlmod.AutomaticEventSubscriber/]: Subscribing @EventBusSubscriber class Lcom/simibubi/create/impl/registry/CreateRegistriesImpl; to the mod event bus of mod create
[04июл.2026 11:23:12.386] [modloading-worker-0/INFO] [dev.ryanhcode.sable.Sable/]: Sable loaded!
[04июл.2026 11:23:12.390] [modloading-worker-0/DEBUG] [net.neoforged.fml.config.ConfigTracker/CONFIG]: Config file sable-common.toml for sable tracking
[04июл.2026 11:23:12.393] [modloading-worker-0/DEBUG] [net.neoforged.fml.config.ConfigTracker/CONFIG]: Config file sable-client.toml for sable tracking
[04июл.2026 11:23:12.394] [modloading-worker-0/WARN] [dev.ryanhcode.sable.Sable/]: NOTE: Sable is loaded with Flywheel. Sable contains extensive shader overrides and a full light-storage replacement. Expect this to cause compatibility issues. If issues arise, please report them to the Sable issue tracker (https://github.com/ryanhcode/sable/issues) instead of the Flywheel issue tracker.
[04июл.2026 11:23:12.394] [modloading-worker-0/DEBUG] [net.neoforged.fml.javafmlmod.AutomaticEventSubscriber/LOADING]: Attempting to inject @EventBusSubscriber classes into the eventbus for sable
[04июл.2026 11:23:12.394] [Render thread/FATAL] [net.neoforged.fml.ModLoader/LOADING]: Failed to wait for future Mod Construction, 1 errors found
[04июл.2026 11:23:12.413] [Render thread/WARN] [net.minecraft.client.Options/]: Removed resource pack mod_resources from options because it doesn't seem to exist anymore
[04июл.2026 11:23:12.414] [Render thread/DEBUG] [mixin/]: Mixing client.DebugTextureManagerMixin from veil.debug.mixins.json into net.minecraft.client.renderer.texture.TextureManager
[04июл.2026 11:23:12.414] [Render thread/DEBUG] [mixin/]: Renaming synthetic method lambda$applyLabel$0(Lnet/minecraft/client/renderer/texture/AbstractTexture;Lfoundry/veil/api/client/render/ext/VeilDebug;Lnet/minecraft/resources/ResourceLocation;)V to mdca1030$veil$lambda$applyLabel$0$0 in veil.debug.mixins.json:client.DebugTextureManagerMixin from mod veil
[04июл.2026 11:23:12.414] [Render thread/DEBUG] [mixin/]: Mixing client.PipelineTextureManagerMixin from veil.pipeline.mixins.json into net.minecraft.client.renderer.texture.TextureManager
[04июл.2026 11:23:12.415] [Render thread/DEBUG] [mixin/]: Renaming synthetic method lambda$veil$registerPreloadedTexture$2(Ljava/lang/Runnable;)V to mdca1030$veil$lambda$veil$registerPreloadedTexture$2$1 in veil.pipeline.mixins.json:client.PipelineTextureManagerMixin from mod veil
[04июл.2026 11:23:12.415] [Render thread/DEBUG] [mixin/]: Renaming synthetic method lambda$veil$registerPreloadedTexture$1(Ljava/lang/Runnable;)V to mdca1030$veil$lambda$veil$registerPreloadedTexture$1$2 in veil.pipeline.mixins.json:client.PipelineTextureManagerMixin from mod veil
[04июл.2026 11:23:12.415] [Render thread/DEBUG] [mixin/]: Renaming synthetic method lambda$veil$registerPreloadedTexture$0(Lnet/minecraft/resources/ResourceLocation;Lnet/minecraft/client/renderer/texture/AbstractTexture;)V to mdca1030$veil$lambda$veil$registerPreloadedTexture$0$3 in veil.pipeline.mixins.json:client.PipelineTextureManagerMixin from mod veil
[04июл.2026 11:23:12.417] [Render thread/DEBUG] [mixin/]: veil.debug.mixins.json:client.DebugTextureManagerMixin from mod veil->@Inject::applyLabel(Lnet/minecraft/resources/ResourceLocation;Lnet/minecraft/client/renderer/texture/AbstractTexture;Lorg/spongepowered/asm/mixin/injection/callback/CallbackInfo;)V doesn't use it's CallbackInfo
[04июл.2026 11:23:12.417] [Render thread/DEBUG] [mixin/]: veil.debug.mixins.json:client.DebugTextureManagerMixin from mod veil->@Inject::applyLabel(Lnet/minecraft/resources/ResourceLocation;Lnet/minecraft/client/renderer/texture/AbstractTexture;Lorg/spongepowered/asm/mixin/injection/callback/CallbackInfo;)V has 0 override(s) in child classes
[04июл.2026 11:23:12.417] [Render thread/DEBUG] [mixin/]: veil.debug.mixins.json:client.DebugTextureManagerMixin from mod veil->@Inject::applyLabel(Lnet/minecraft/resources/ResourceLocation;Lnet/minecraft/client/renderer/texture/AbstractTexture;Lorg/spongepowered/asm/mixin/injection/callback/CallbackInfo;)V won't be passed a CallbackInfo as a result
[04июл.2026 11:23:12.425] [Render thread/DEBUG] [mixin/]: Mixing sublevel_sounds.SoundEngineMixin from sable.mixins.json into net.minecraft.client.sounds.SoundEngine
[04июл.2026 11:23:12.426] [Render thread/DEBUG] [mixin/]: sable.mixins.json:sublevel_sounds.SoundEngineMixin from mod sable->@Inject::sable$tick(Lorg/spongepowered/asm/mixin/injection/callback/CallbackInfo;Ljava/util/Iterator;Lnet/minecraft/client/resources/sounds/TickableSoundInstance;FFLnet/minecraft/world/phys/Vec3;Lnet/minecraft/client/sounds/ChannelAccess$ChannelHandle;)V doesn't use it's CallbackInfo
[04июл.2026 11:23:12.426] [Render thread/DEBUG] [mixin/]: sable.mixins.json:sublevel_sounds.SoundEngineMixin from mod sable->@Inject::sable$tick(Lorg/spongepowered/asm/mixin/injection/callback/CallbackInfo;Ljava/util/Iterator;Lnet/minecraft/client/resources/sounds/TickableSoundInstance;FFLnet/minecraft/world/phys/Vec3;Lnet/minecraft/client/sounds/ChannelAccess$ChannelHandle;)V has 0 override(s) in child classes
[04июл.2026 11:23:12.426] [Render thread/DEBUG] [mixin/]: sable.mixins.json:sublevel_sounds.SoundEngineMixin from mod sable->@Inject::sable$tick(Lorg/spongepowered/asm/mixin/injection/callback/CallbackInfo;Ljava/util/Iterator;Lnet/minecraft/client/resources/sounds/TickableSoundInstance;FFLnet/minecraft/world/phys/Vec3;Lnet/minecraft/client/sounds/ChannelAccess$ChannelHandle;)V won't be passed a CallbackInfo as a result
[04июл.2026 11:23:12.426] [Render thread/DEBUG] [mixin/]: sable.mixins.json:sublevel_sounds.SoundEngineMixin from mod sable->@Inject::sable$clear(Lnet/minecraft/client/resources/sounds/SoundInstance;Lorg/spongepowered/asm/mixin/injection/callback/CallbackInfo;Lnet/minecraft/client/sounds/ChannelAccess$ChannelHandle;)V doesn't use it's CallbackInfo
[04июл.2026 11:23:12.426] [Render thread/DEBUG] [mixin/]: sable.mixins.json:sublevel_sounds.SoundEngineMixin from mod sable->@Inject::sable$clear(Lnet/minecraft/client/resources/sounds/SoundInstance;Lorg/spongepowered/asm/mixin/injection/callback/CallbackInfo;Lnet/minecraft/client/sounds/ChannelAccess$ChannelHandle;)V has 0 override(s) in child classes
[04июл.2026 11:23:12.426] [Render thread/DEBUG] [mixin/]: sable.mixins.json:sublevel_sounds.SoundEngineMixin from mod sable->@Inject::sable$clear(Lnet/minecraft/client/resources/sounds/SoundInstance;Lorg/spongepowered/asm/mixin/injection/callback/CallbackInfo;Lnet/minecraft/client/sounds/ChannelAccess$ChannelHandle;)V won't be passed a CallbackInfo as a result
[04июл.2026 11:23:12.446] [Render thread/ERROR] [net.neoforged.fml.ModLoader/]: Cowardly refusing to send event net.neoforged.neoforge.client.event.sound.SoundEngineLoadEvent to a broken mod state
[04июл.2026 11:23:12.446] [Render thread/DEBUG] [mixin/]: Mixing custom_situational_music.MusicManagerAccessor from aeronautics.mixins.json into net.minecraft.client.sounds.MusicManager
[04июл.2026 11:23:12.446] [Render thread/DEBUG] [mixin/]: aeronautics.mixins.json:custom_situational_music.MusicManagerAccessor from mod aeronautics: Class version 65 required is higher than the class version supported by the current version of Mixin (JAVA_18 supports class version 62)
[04июл.2026 11:23:12.454] [Render thread/INFO] [Veil/]: GL Debug supported
[04июл.2026 11:23:12.456] [Render thread/DEBUG] [mixin/]: Mixing accessor.FontAccessor from create.mixins.json into net.minecraft.client.gui.Font
[04июл.2026 11:23:12.465] [Render thread/ERROR] [net.neoforged.fml.ModLoader/]: Cowardly refusing to send event net.neoforged.neoforge.client.event.RegisterColorHandlersEvent$Block to a broken mod state
[04июл.2026 11:23:12.466] [Render thread/ERROR] [net.neoforged.fml.ModLoader/]: Cowardly refusing to send event net.neoforged.neoforge.client.event.RegisterColorHandlersEvent$Item to a broken mod state
[04июл.2026 11:23:12.466] [Render thread/DEBUG] [mixin/]: Mixing accessor.ResourceModelManagerAccessor from veil.resource.mixins.json into net.minecraft.client.resources.model.ModelManager
[04июл.2026 11:23:12.470] [Render thread/ERROR] [net.neoforged.fml.ModLoader/]: Cowardly refusing to send event net.neoforged.neoforge.client.event.RegisterMaterialAtlasesEvent to a broken mod state
[04июл.2026 11:23:12.471] [Render thread/DEBUG] [mixin/]: Mixing accessor.ResourceAtlasSetAccessor from veil.resource.mixins.json into net.minecraft.client.resources.model.AtlasSet
[04июл.2026 11:23:12.472] [Render thread/DEBUG] [mixin/]: Mixing sublevel_render.BlockEntityRenderDispatcherMixin from sable.mixins.json into net.minecraft.client.renderer.blockentity.BlockEntityRenderDispatcher
[04июл.2026 11:23:12.473] [Render thread/DEBUG] [mixin/]: Mixing BlockRenderDispatcherMixin from aeronautics.neoforge.mixins.json into net.minecraft.client.renderer.block.BlockRenderDispatcher
[04июл.2026 11:23:12.475] [Render thread/DEBUG] [mixin/]: Mixing accessor.EntityRenderDispatcherAccessor from create.mixins.json into net.minecraft.client.renderer.entity.EntityRenderDispatcher
[04июл.2026 11:23:12.475] [Render thread/DEBUG] [mixin/]: Mixing entity.entities_stick_sublevels.EntityRenderDispatcherMixin from sable.mixins.json into net.minecraft.client.renderer.entity.EntityRenderDispatcher
[04июл.2026 11:23:12.476] [Render thread/DEBUG] [mixin/]: Mixing entity.entity_rendering.shadows.EntityRenderDispatcherMixin from sable.mixins.json into net.minecraft.client.renderer.entity.EntityRenderDispatcher
[04июл.2026 11:23:12.476] [Render thread/DEBUG] [mixin/]: Mixing entity.entity_rotations_and_riding.EntityRenderDispatcherMixin from sable.mixins.json into net.minecraft.client.renderer.entity.EntityRenderDispatcher
[04июл.2026 11:23:12.476] [Render thread/DEBUG] [mixin/]: Renaming synthetic method lambda$sable$rotateEntity$0(Ldev/ryanhcode/sable/sublevel/SubLevel;)Ldev/ryanhcode/sable/companion/math/Pose3dc; to mdca1030$sable$lambda$sable$rotateEntity$0$0 in sable.mixins.json:entity.entity_rotations_and_riding.EntityRenderDispatcherMixin from mod sable
[04июл.2026 11:23:12.478] [Render thread/DEBUG] [mixin/]: sable.mixins.json:entity.entities_stick_sublevels.EntityRenderDispatcherMixin from mod sable->@Inject::renderHitbox(Lcom/mojang/blaze3d/vertex/PoseStack;Lcom/mojang/blaze3d/vertex/VertexConsumer;Lnet/minecraft/world/entity/Entity;FFFFLorg/spongepowered/asm/mixin/injection/callback/CallbackInfo;)V doesn't use it's CallbackInfo
[04июл.2026 11:23:12.478] [Render thread/DEBUG] [mixin/]: sable.mixins.json:entity.entity_rendering.shadows.EntityRenderDispatcherMixin from mod sable->@Inject::sable$renderShadowsOnSubLevels(Lcom/mojang/blaze3d/vertex/PoseStack;Lnet/minecraft/client/renderer/MultiBufferSource;Lnet/minecraft/world/entity/Entity;FFLnet/minecraft/world/level/LevelReader;FLorg/spongepowered/asm/mixin/injection/callback/CallbackInfo;)V doesn't use it's CallbackInfo
[04июл.2026 11:23:12.478] [Render thread/DEBUG] [mixin/]: sable.mixins.json:entity.entity_rotations_and_riding.EntityRenderDispatcherMixin from mod sable->@Inject::sable$rotateEntity(Lnet/minecraft/world/entity/Entity;DDDFFLcom/mojang/blaze3d/vertex/PoseStack;Lnet/minecraft/client/renderer/MultiBufferSource;ILorg/spongepowered/asm/mixin/injection/callback/CallbackInfo;)V doesn't use it's CallbackInfo
[04июл.2026 11:23:12.478] [Render thread/DEBUG] [mixin/]: sable.mixins.json:entity.entity_rotations_and_riding.EntityRenderDispatcherMixin from mod sable->@Inject::sable$rotateEntity(Lnet/minecraft/world/entity/Entity;DDDFFLcom/mojang/blaze3d/vertex/PoseStack;Lnet/minecraft/client/renderer/MultiBufferSource;ILorg/spongepowered/asm/mixin/injection/callback/CallbackInfo;)V has 0 override(s) in child classes
[04июл.2026 11:23:12.478] [Render thread/DEBUG] [mixin/]: sable.mixins.json:entity.entity_rotations_and_riding.EntityRenderDispatcherMixin from mod sable->@Inject::sable$rotateEntity(Lnet/minecraft/world/entity/Entity;DDDFFLcom/mojang/blaze3d/vertex/PoseStack;Lnet/minecraft/client/renderer/MultiBufferSource;ILorg/spongepowered/asm/mixin/injection/callback/CallbackInfo;)V won't be passed a CallbackInfo as a result
[04июл.2026 11:23:12.478] [Render thread/DEBUG] [mixin/]: sable.mixins.json:entity.entity_rotations_and_riding.EntityRenderDispatcherMixin from mod sable->@Inject::sable$popPose1(Lnet/minecraft/world/entity/Entity;DDDFFLcom/mojang/blaze3d/vertex/PoseStack;Lnet/minecraft/client/renderer/MultiBufferSource;ILorg/spongepowered/asm/mixin/injection/callback/CallbackInfo;)V doesn't use it's CallbackInfo
[04июл.2026 11:23:12.478] [Render thread/DEBUG] [mixin/]: sable.mixins.json:entity.entity_rotations_and_riding.EntityRenderDispatcherMixin from mod sable->@Inject::sable$popPose1(Lnet/minecraft/world/entity/Entity;DDDFFLcom/mojang/blaze3d/vertex/PoseStack;Lnet/minecraft/client/renderer/MultiBufferSource;ILorg/spongepowered/asm/mixin/injection/callback/CallbackInfo;)V has 0 override(s) in child classes
[04июл.2026 11:23:12.478] [Render thread/DEBUG] [mixin/]: sable.mixins.json:entity.entity_rotations_and_riding.EntityRenderDispatcherMixin from mod sable->@Inject::sable$popPose1(Lnet/minecraft/world/entity/Entity;DDDFFLcom/mojang/blaze3d/vertex/PoseStack;Lnet/minecraft/client/renderer/MultiBufferSource;ILorg/spongepowered/asm/mixin/injection/callback/CallbackInfo;)V won't be passed a CallbackInfo as a result
[04июл.2026 11:23:12.478] [Render thread/DEBUG] [mixin/]: sable.mixins.json:entity.entity_rotations_and_riding.EntityRenderDispatcherMixin from mod sable->@Inject::sable$popPose1(Lnet/minecraft/world/entity/Entity;DDDFFLcom/mojang/blaze3d/vertex/PoseStack;Lnet/minecraft/client/renderer/MultiBufferSource;ILorg/spongepowered/asm/mixin/injection/callback/CallbackInfo;)V doesn't use it's CallbackInfo
[04июл.2026 11:23:12.478] [Render thread/DEBUG] [mixin/]: sable.mixins.json:entity.entity_rotations_and_riding.EntityRenderDispatcherMixin from mod sable->@Inject::sable$popPose1(Lnet/minecraft/world/entity/Entity;DDDFFLcom/mojang/blaze3d/vertex/PoseStack;Lnet/minecraft/client/renderer/MultiBufferSource;ILorg/spongepowered/asm/mixin/injection/callback/CallbackInfo;)V has 0 override(s) in child classes
[04июл.2026 11:23:12.478] [Render thread/DEBUG] [mixin/]: sable.mixins.json:entity.entity_rotations_and_riding.EntityRenderDispatcherMixin from mod sable->@Inject::sable$popPose1(Lnet/minecraft/world/entity/Entity;DDDFFLcom/mojang/blaze3d/vertex/PoseStack;Lnet/minecraft/client/renderer/MultiBufferSource;ILorg/spongepowered/asm/mixin/injection/callback/CallbackInfo;)V won't be passed a CallbackInfo as a result
[04июл.2026 11:23:12.478] [Render thread/DEBUG] [mixin/]: sable.mixins.json:entity.entity_rotations_and_riding.EntityRenderDispatcherMixin from mod sable->@Inject::sable$popPose2(Lnet/minecraft/world/entity/Entity;DDDFFLcom/mojang/blaze3d/vertex/PoseStack;Lnet/minecraft/client/renderer/MultiBufferSource;ILorg/spongepowered/asm/mixin/injection/callback/CallbackInfo;)V doesn't use it's CallbackInfo
[04июл.2026 11:23:12.478] [Render thread/DEBUG] [mixin/]: sable.mixins.json:entity.entity_rotations_and_riding.EntityRenderDispatcherMixin from mod sable->@Inject::sable$popPose2(Lnet/minecraft/world/entity/Entity;DDDFFLcom/mojang/blaze3d/vertex/PoseStack;Lnet/minecraft/client/renderer/MultiBufferSource;ILorg/spongepowered/asm/mixin/injection/callback/CallbackInfo;)V has 0 override(s) in child classes
[04июл.2026 11:23:12.478] [Render thread/DEBUG] [mixin/]: sable.mixins.json:entity.entity_rotations_and_riding.EntityRenderDispatcherMixin from mod sable->@Inject::sable$popPose2(Lnet/minecraft/world/entity/Entity;DDDFFLcom/mojang/blaze3d/vertex/PoseStack;Lnet/minecraft/client/renderer/MultiBufferSource;ILorg/spongepowered/asm/mixin/injection/callback/CallbackInfo;)V won't be passed a CallbackInfo as a result
[04июл.2026 11:23:12.481] [Render thread/DEBUG] [mixin/]: Mixing client.RenderBuffersMixin from veil.neoforge.mixins.json into net.minecraft.client.renderer.RenderBuffers
[04июл.2026 11:23:12.481] [Render thread/DEBUG] [mixin/]: Renaming synthetic method lambda$init$0(Ljava/util/Set;Lnet/minecraft/client/renderer/RenderType;)V to mdca1030$veil$lambda$init$0$0 in veil.neoforge.mixins.json:client.RenderBuffersMixin from mod veil
[04июл.2026 11:23:12.482] [Render thread/DEBUG] [mixin/]: veil.neoforge.mixins.json:client.RenderBuffersMixin from mod veil->@Inject::init(Lorg/spongepowered/asm/mixin/injection/callback/CallbackInfo;)V doesn't use it's CallbackInfo
[04июл.2026 11:23:12.482] [Render thread/ERROR] [net.neoforged.fml.ModLoader/]: Cowardly refusing to send event foundry.veil.forge.event.ForgeVeilRegisterBlockLayersEvent to a broken mod state
[04июл.2026 11:23:12.494] [Render thread/ERROR] [net.neoforged.fml.ModLoader/]: Cowardly refusing to send event net.neoforged.neoforge.client.event.RegisterRenderBuffersEvent to a broken mod state
[04июл.2026 11:23:12.497] [Render thread/DEBUG] [mixin/]: Mixing ModelBlockRendererMixin from flywheel.impl.neoforge.mixins.json into net.minecraft.client.renderer.block.ModelBlockRenderer
[04июл.2026 11:23:12.497] [Render thread/DEBUG] [mixin/]: flywheel.impl.neoforge.mixins.json:ModelBlockRendererMixin from mod flywheel: Class version 65 required is higher than the class version supported by the current version of Mixin (JAVA_17 supports class version 61)
[04июл.2026 11:23:12.497] [Render thread/DEBUG] [mixin/]: Mixing dynamic_directional_shading.ModelBlockRendererMixin from sable.mixins.json into net.minecraft.client.renderer.block.ModelBlockRenderer
[04июл.2026 11:23:12.498] [Render thread/DEBUG] [mixin/]: flywheel.impl.neoforge.mixins.json:ModelBlockRendererMixin from mod flywheel->@Inject::onTesselateBlock(Lnet/minecraft/world/level/BlockAndTintGetter;Lnet/minecraft/client/resources/model/BakedModel;Lnet/minecraft/world/level/block/state/BlockState;Lnet/minecraft/core/BlockPos;Lcom/mojang/blaze3d/vertex/PoseStack;Lcom/mojang/blaze3d/vertex/VertexConsumer;ZLnet/minecraft/util/RandomSource;JILnet/neoforged/neoforge/client/model/data/ModelData;Lnet/minecraft/client/renderer/RenderType;Lorg/spongepowered/asm/mixin/injection/callback/CallbackInfo;Z)V doesn't use it's CallbackInfo
[04июл.2026 11:23:12.498] [Render thread/DEBUG] [mixin/]: flywheel.impl.neoforge.mixins.json:ModelBlockRendererMixin from mod flywheel->@Inject::onTesselateBlock(Lnet/minecraft/world/level/BlockAndTintGetter;Lnet/minecraft/client/resources/model/BakedModel;Lnet/minecraft/world/level/block/state/BlockState;Lnet/minecraft/core/BlockPos;Lcom/mojang/blaze3d/vertex/PoseStack;Lcom/mojang/blaze3d/vertex/VertexConsumer;ZLnet/minecraft/util/RandomSource;JILnet/neoforged/neoforge/client/model/data/ModelData;Lnet/minecraft/client/renderer/RenderType;Lorg/spongepowered/asm/mixin/injection/callback/CallbackInfo;Z)V has 0 override(s) in child classes
[04июл.2026 11:23:12.498] [Render thread/DEBUG] [mixin/]: flywheel.impl.neoforge.mixins.json:ModelBlockRendererMixin from mod flywheel->@Inject::onTesselateBlock(Lnet/minecraft/world/level/BlockAndTintGetter;Lnet/minecraft/client/resources/model/BakedModel;Lnet/minecraft/world/level/block/state/BlockState;Lnet/minecraft/core/BlockPos;Lcom/mojang/blaze3d/vertex/PoseStack;Lcom/mojang/blaze3d/vertex/VertexConsumer;ZLnet/minecraft/util/RandomSource;JILnet/neoforged/neoforge/client/model/data/ModelData;Lnet/minecraft/client/renderer/RenderType;Lorg/spongepowered/asm/mixin/injection/callback/CallbackInfo;Z)V won't be passed a CallbackInfo as a result
[04июл.2026 11:23:12.500] [Render thread/DEBUG] [mixin/]: Mixing dynamic_directional_shading.ModelBlockRendererCacheMixin from sable.mixins.json into net.minecraft.client.renderer.block.ModelBlockRenderer$Cache
[04июл.2026 11:23:12.505] [Render thread/DEBUG] [mixin/]: Mixing client.QuasarParticleEngineMixin from veil.quasar.mixins.json into net.minecraft.client.particle.ParticleEngine
[04июл.2026 11:23:12.506] [Render thread/DEBUG] [mixin/]: Mixing client.accessor.ParticleEngineAccessor from ponder.mixins.json into net.minecraft.client.particle.ParticleEngine
[04июл.2026 11:23:12.506] [Render thread/DEBUG] [mixin/]: ponder.mixins.json:client.accessor.ParticleEngineAccessor from mod ponder: Class version 65 required is higher than the class version supported by the current version of Mixin (JAVA_17 supports class version 61)
[04июл.2026 11:23:12.506] [Render thread/DEBUG] [mixin/]: Mixing particle.ParticleEngineMixin from sable.mixins.json into net.minecraft.client.particle.ParticleEngine
[04июл.2026 11:23:12.507] [Render thread/DEBUG] [mixin/]: veil.quasar.mixins.json:client.QuasarParticleEngineMixin from mod veil->@Inject::tick(Lorg/spongepowered/asm/mixin/injection/callback/CallbackInfo;)V doesn't use it's CallbackInfo
[04июл.2026 11:23:12.507] [Render thread/DEBUG] [mixin/]: veil.quasar.mixins.json:client.QuasarParticleEngineMixin from mod veil->@Inject::tick(Lorg/spongepowered/asm/mixin/injection/callback/CallbackInfo;)V has 0 override(s) in child classes
[04июл.2026 11:23:12.507] [Render thread/DEBUG] [mixin/]: veil.quasar.mixins.json:client.QuasarParticleEngineMixin from mod veil->@Inject::tick(Lorg/spongepowered/asm/mixin/injection/callback/CallbackInfo;)V won't be passed a CallbackInfo as a result
[04июл.2026 11:23:12.507] [Render thread/DEBUG] [mixin/]: veil.quasar.mixins.json:client.QuasarParticleEngineMixin from mod veil->@Inject::countParticles(Lorg/spongepowered/asm/mixin/injection/callback/CallbackInfoReturnable;)V does use it's CallbackInfoReturnable
[04июл.2026 11:23:12.508] [Render thread/DEBUG] [mixin/]: veil.quasar.mixins.json:client.QuasarParticleEngineMixin from mod veil->@Inject::setLevel(Lnet/minecraft/client/multiplayer/ClientLevel;Lorg/spongepowered/asm/mixin/injection/callback/CallbackInfo;)V doesn't use it's CallbackInfo
[04июл.2026 11:23:12.508] [Render thread/DEBUG] [mixin/]: veil.quasar.mixins.json:client.QuasarParticleEngineMixin from mod veil->@Inject::setLevel(Lnet/minecraft/client/multiplayer/ClientLevel;Lorg/spongepowered/asm/mixin/injection/callback/CallbackInfo;)V has 0 override(s) in child classes
[04июл.2026 11:23:12.508] [Render thread/DEBUG] [mixin/]: veil.quasar.mixins.json:client.QuasarParticleEngineMixin from mod veil->@Inject::setLevel(Lnet/minecraft/client/multiplayer/ClientLevel;Lorg/spongepowered/asm/mixin/injection/callback/CallbackInfo;)V won't be passed a CallbackInfo as a result
[04июл.2026 11:23:12.508] [Render thread/DEBUG] [mixin/]: veil.quasar.mixins.json:client.QuasarParticleEngineMixin from mod veil->@Inject::clear(Lorg/spongepowered/asm/mixin/injection/callback/CallbackInfo;)V doesn't use it's CallbackInfo
[04июл.2026 11:23:12.508] [Render thread/DEBUG] [mixin/]: veil.quasar.mixins.json:client.QuasarParticleEngineMixin from mod veil->@Inject::clear(Lorg/spongepowered/asm/mixin/injection/callback/CallbackInfo;)V has 0 override(s) in child classes
[04июл.2026 11:23:12.508] [Render thread/DEBUG] [mixin/]: veil.quasar.mixins.json:client.QuasarParticleEngineMixin from mod veil->@Inject::clear(Lorg/spongepowered/asm/mixin/injection/callback/CallbackInfo;)V won't be passed a CallbackInfo as a result
[04июл.2026 11:23:12.508] [Render thread/DEBUG] [mixin/]: sable.mixins.json:particle.ParticleEngineMixin from mod sable->@Inject::sable$onParticleAdd(Lnet/minecraft/client/particle/Particle;Lorg/spongepowered/asm/mixin/injection/callback/CallbackInfo;)V doesn't use it's CallbackInfo
[04июл.2026 11:23:12.508] [Render thread/DEBUG] [mixin/]: sable.mixins.json:particle.ParticleEngineMixin from mod sable->@Inject::sable$onParticleAdd(Lnet/minecraft/client/particle/Particle;Lorg/spongepowered/asm/mixin/injection/callback/CallbackInfo;)V has 0 override(s) in child classes
[04июл.2026 11:23:12.508] [Render thread/DEBUG] [mixin/]: sable.mixins.json:particle.ParticleEngineMixin from mod sable->@Inject::sable$onParticleAdd(Lnet/minecraft/client/particle/Particle;Lorg/spongepowered/asm/mixin/injection/callback/CallbackInfo;)V won't be passed a CallbackInfo as a result
[04июл.2026 11:23:12.510] [Render thread/DEBUG] [mixin/]: Mixing levitite.TerrainParticleMixin from aeronautics.mixins.json into net.minecraft.client.particle.TerrainParticle
[04июл.2026 11:23:12.510] [Render thread/DEBUG] [mixin/]: aeronautics.mixins.json:levitite.TerrainParticleMixin from mod aeronautics: Class version 65 required is higher than the class version supported by the current version of Mixin (JAVA_18 supports class version 62)
[04июл.2026 11:23:12.510] [Render thread/DEBUG] [mixin/]: Mixing particle.TerrainParticleMixin from sable.mixins.json into net.minecraft.client.particle.TerrainParticle
[04июл.2026 11:23:12.511] [Render thread/DEBUG] [mixin/]: aeronautics.mixins.json:levitite.TerrainParticleMixin from mod aeronautics->@Inject::levititeParticles(Lnet/minecraft/client/multiplayer/ClientLevel;DDDDDDLnet/minecraft/world/level/block/state/BlockState;Lnet/minecraft/core/BlockPos;Lorg/spongepowered/asm/mixin/injection/callback/CallbackInfo;)V doesn't use it's CallbackInfo
[04июл.2026 11:23:12.511] [Render thread/DEBUG] [mixin/]: aeronautics.mixins.json:levitite.TerrainParticleMixin from mod aeronautics->@Inject::levititeParticles(Lnet/minecraft/client/multiplayer/ClientLevel;DDDDDDLnet/minecraft/world/level/block/state/BlockState;Lnet/minecraft/core/BlockPos;Lorg/spongepowered/asm/mixin/injection/callback/CallbackInfo;)V has 0 override(s) in child classes
[04июл.2026 11:23:12.511] [Render thread/DEBUG] [mixin/]: aeronautics.mixins.json:levitite.TerrainParticleMixin from mod aeronautics->@Inject::levititeParticles(Lnet/minecraft/client/multiplayer/ClientLevel;DDDDDDLnet/minecraft/world/level/block/state/BlockState;Lnet/minecraft/core/BlockPos;Lorg/spongepowered/asm/mixin/injection/callback/CallbackInfo;)V won't be passed a CallbackInfo as a result
[04июл.2026 11:23:12.512] [Render thread/DEBUG] [mixin/]: Mixing client.PipelineParticleRenderTypeMixin from veil.pipeline.mixins.json into net.minecraft.client.particle.ParticleRenderType$1
[04июл.2026 11:23:12.513] [Render thread/DEBUG] [mixin/]: Mixing client.PipelineParticleRenderTypeMixin from veil.pipeline.mixins.json into net.minecraft.client.particle.ParticleRenderType$3
[04июл.2026 11:23:12.514] [Render thread/DEBUG] [mixin/]: Mixing particle.BlockMarkerMixin from sable.mixins.json into net.minecraft.client.particle.BlockMarker
[04июл.2026 11:23:12.526] [Render thread/DEBUG] [mixin/]: Mixing particle.FlameParticleMixin from sable.mixins.json into net.minecraft.client.particle.FlameParticle
[04июл.2026 11:23:12.534] [Render thread/DEBUG] [mixin/]: Mixing particle.SuspendedParticleMixin from sable.mixins.json into net.minecraft.client.particle.SuspendedParticle
[04июл.2026 11:23:12.540] [Render thread/ERROR] [net.neoforged.fml.ModLoader/]: Cowardly refusing to send event net.neoforged.neoforge.client.event.RegisterParticleProvidersEvent to a broken mod state
[04июл.2026 11:23:12.540] [Render thread/DEBUG] [mixin/]: Mixing client.ResourceTextureAtlasHolderMixin from veil.resource.mixins.json into net.minecraft.client.resources.TextureAtlasHolder
[04июл.2026 11:23:12.551] [Render thread/DEBUG] [mixin/]: Mixing client.DebugVertexBufferMixin from veil.debug.mixins.json into com.mojang.blaze3d.vertex.VertexBuffer
[04июл.2026 11:23:12.551] [Render thread/DEBUG] [mixin/]: Mixing client.PipelineVertexBufferMixin from veil.pipeline.mixins.json into com.mojang.blaze3d.vertex.VertexBuffer
[04июл.2026 11:23:12.551] [Render thread/DEBUG] [mixin/]: Renaming synthetic method lambda$veil$drawIndirect$1(JII)V to mdca1030$veil$lambda$veil$drawIndirect$1$0 in veil.pipeline.mixins.json:client.PipelineVertexBufferMixin from mod veil
[04июл.2026 11:23:12.551] [Render thread/DEBUG] [mixin/]: Renaming synthetic method lambda$veil$drawInstanced$0(I)V to mdca1030$veil$lambda$veil$drawInstanced$0$1 in veil.pipeline.mixins.json:client.PipelineVertexBufferMixin from mod veil
[04июл.2026 11:23:12.553] [Render thread/DEBUG] [mixin/]: veil.pipeline.mixins.json:client.PipelineVertexBufferMixin from mod veil->@Inject::drawPatches(Lorg/spongepowered/asm/mixin/injection/callback/CallbackInfo;)V does use it's CallbackInfo
[04июл.2026 11:23:12.555] [Render thread/DEBUG] [mixin/]: Mixing client.accessor.BufferBuilderAccessor from ponder-common.mixins.json into com.mojang.blaze3d.vertex.BufferBuilder
[04июл.2026 11:23:12.555] [Render thread/DEBUG] [mixin/]: ponder-common.mixins.json:client.accessor.BufferBuilderAccessor from mod ponder: Class version 65 required is higher than the class version supported by the current version of Mixin (JAVA_17 supports class version 61)
[04июл.2026 11:23:12.561] [Render thread/ERROR] [net.neoforged.fml.ModLoader/]: Cowardly refusing to send event net.neoforged.neoforge.client.event.RenderLevelStageEvent$RegisterStageEvent to a broken mod state
[04июл.2026 11:23:12.564] [Render thread/DEBUG] [mixin/]: Mixing accessor.GuiAccessor from create.mixins.json into net.minecraft.client.gui.Gui
[04июл.2026 11:23:12.564] [Render thread/DEBUG] [mixin/]: Mixing camera.camera_rotation.GuiMixin from sable.mixins.json into net.minecraft.client.gui.Gui
[04июл.2026 11:23:12.564] [Render thread/DEBUG] [mixin/]: Renaming synthetic method lambda$sable$onRenderCrosshair$0(Ldev/ryanhcode/sable/sublevel/SubLevel;)Ldev/ryanhcode/sable/companion/math/Pose3dc; to mdca1030$sable$lambda$sable$onRenderCrosshair$0$0 in sable.mixins.json:camera.camera_rotation.GuiMixin from mod sable
[04июл.2026 11:23:12.566] [Render thread/DEBUG] [mixin/]: sable.mixins.json:camera.camera_rotation.GuiMixin from mod sable->@Inject::sable$onRenderCrosshair(Lorg/spongepowered/asm/mixin/injection/callback/CallbackInfo;)V doesn't use it's CallbackInfo
[04июл.2026 11:23:12.566] [Render thread/DEBUG] [mixin/]: sable.mixins.json:camera.camera_rotation.GuiMixin from mod sable->@Inject::sable$onRenderCrosshair(Lorg/spongepowered/asm/mixin/injection/callback/CallbackInfo;)V has 0 override(s) in child classes
[04июл.2026 11:23:12.566] [Render thread/DEBUG] [mixin/]: sable.mixins.json:camera.camera_rotation.GuiMixin from mod sable->@Inject::sable$onRenderCrosshair(Lorg/spongepowered/asm/mixin/injection/callback/CallbackInfo;)V won't be passed a CallbackInfo as a result
[04июл.2026 11:23:12.568] [Render thread/DEBUG] [mixin/]: Mixing toast.IntegratedServerMixin from sable.mixins.json into net.minecraft.client.server.IntegratedServer
[04июл.2026 11:23:12.572] [Render thread/DEBUG] [mixin/]: Mixing client.PipelineDebugScreenOverlayMixin from veil.pipeline.mixins.json into net.minecraft.client.gui.components.DebugScreenOverlay
[04июл.2026 11:23:12.572] [Render thread/DEBUG] [mixin/]: Mixing debug_render.DebugScreenOverlayMixin from sable.mixins.json into net.minecraft.client.gui.components.DebugScreenOverlay
[04июл.2026 11:23:12.595] [Render thread/DEBUG] [mixin/]: Mixing debug_render.DebugRendererMixin from sable.mixins.json into net.minecraft.client.renderer.debug.DebugRenderer
[04июл.2026 11:23:12.608] [Render thread/ERROR] [net.neoforged.fml.ModLoader/]: Cowardly refusing to send event net.neoforged.neoforge.client.extensions.common.RegisterClientExtensionsEvent to a broken mod state
[04июл.2026 11:23:12.608] [Render thread/ERROR] [net.neoforged.fml.ModLoader/]: Cowardly refusing to send event net.neoforged.neoforge.client.event.RegisterSpriteSourceTypesEvent to a broken mod state
[04июл.2026 11:23:12.619] [Render thread/ERROR] [net.neoforged.fml.ModLoader/]: Cowardly refusing to send event net.neoforged.neoforge.client.event.RegisterMenuScreensEvent to a broken mod state
[04июл.2026 11:23:12.619] [Render thread/ERROR] [net.neoforged.fml.ModLoader/]: Cowardly refusing to send event net.neoforged.neoforge.client.event.RegisterClientReloadListenersEvent to a broken mod state
[04июл.2026 11:23:12.619] [Render thread/ERROR] [net.neoforged.fml.ModLoader/]: Cowardly refusing to send event net.neoforged.neoforge.client.event.EntityRenderersEvent$RegisterLayerDefinitions to a broken mod state
[04июл.2026 11:23:12.621] [Render thread/ERROR] [net.neoforged.fml.ModLoader/]: Cowardly refusing to send event net.neoforged.neoforge.client.event.EntityRenderersEvent$RegisterRenderers to a broken mod state
[04июл.2026 11:23:12.621] [Render thread/ERROR] [net.neoforged.fml.ModLoader/]: Cowardly refusing to send event net.neoforged.neoforge.client.event.RegisterClientTooltipComponentFactoriesEvent to a broken mod state
[04июл.2026 11:23:12.621] [Render thread/ERROR] [net.neoforged.fml.ModLoader/]: Cowardly refusing to send event net.neoforged.neoforge.client.event.RegisterEntitySpectatorShadersEvent to a broken mod state
[04июл.2026 11:23:12.621] [Render thread/ERROR] [net.neoforged.fml.ModLoader/]: Cowardly refusing to send event net.neoforged.neoforge.client.event.RegisterKeyMappingsEvent to a broken mod state
[04июл.2026 11:23:12.621] [Render thread/ERROR] [net.neoforged.fml.ModLoader/]: Cowardly refusing to send event net.neoforged.neoforge.client.event.RegisterRecipeBookCategoriesEvent to a broken mod state
[04июл.2026 11:23:12.621] [Render thread/ERROR] [net.neoforged.fml.ModLoader/]: Cowardly refusing to send event net.neoforged.neoforge.client.event.RegisterGuiLayersEvent to a broken mod state
[04июл.2026 11:23:12.623] [Render thread/ERROR] [net.neoforged.fml.ModLoader/]: Cowardly refusing to send event net.neoforged.neoforge.client.event.RegisterDimensionSpecialEffectsEvent to a broken mod state
[04июл.2026 11:23:12.623] [Render thread/ERROR] [net.neoforged.fml.ModLoader/]: Cowardly refusing to send event net.neoforged.neoforge.client.event.RegisterNamedRenderTypesEvent to a broken mod state
[04июл.2026 11:23:12.624] [Render thread/ERROR] [net.neoforged.fml.ModLoader/]: Cowardly refusing to send event net.neoforged.neoforge.client.event.RegisterColorHandlersEvent$ColorResolvers to a broken mod state
[04июл.2026 11:23:12.624] [Render thread/ERROR] [net.neoforged.fml.ModLoader/]: Cowardly refusing to send event net.neoforged.neoforge.client.event.RegisterItemDecorationsEvent to a broken mod state
[04июл.2026 11:23:12.625] [Render thread/DEBUG] [mixin/]: Mixing world_presets.CreateWorldScreenMixin from simulated.mixins.json into net.minecraft.client.gui.screens.worldselection.CreateWorldScreen
[04июл.2026 11:23:12.627] [Render thread/DEBUG] [mixin/]: simulated.mixins.json:world_presets.CreateWorldScreenMixin from mod simulated->@Inject::simulated$createNewWorld(Lnet/minecraft/world/level/storage/PrimaryLevelData$SpecialWorldProperty;Lnet/minecraft/core/LayeredRegistryAccess;Lcom/mojang/serialization/Lifecycle;Lorg/spongepowered/asm/mixin/injection/callback/CallbackInfo;)V doesn't use it's CallbackInfo
[04июл.2026 11:23:12.627] [Render thread/DEBUG] [mixin/]: simulated.mixins.json:world_presets.CreateWorldScreenMixin from mod simulated->@Inject::simulated$createNewWorld(Lnet/minecraft/world/level/storage/PrimaryLevelData$SpecialWorldProperty;Lnet/minecraft/core/LayeredRegistryAccess;Lcom/mojang/serialization/Lifecycle;Lorg/spongepowered/asm/mixin/injection/callback/CallbackInfo;)V has 0 override(s) in child classes
[04июл.2026 11:23:12.627] [Render thread/DEBUG] [mixin/]: simulated.mixins.json:world_presets.CreateWorldScreenMixin from mod simulated->@Inject::simulated$createNewWorld(Lnet/minecraft/world/level/storage/PrimaryLevelData$SpecialWorldProperty;Lnet/minecraft/core/LayeredRegistryAccess;Lcom/mojang/serialization/Lifecycle;Lorg/spongepowered/asm/mixin/injection/callback/CallbackInfo;)V won't be passed a CallbackInfo as a result
[04июл.2026 11:23:12.627] [Render thread/DEBUG] [mixin/]: simulated.mixins.json:world_presets.CreateWorldScreenMixin from mod simulated->@Inject::simulated$createNewWorld2(Lnet/minecraft/world/level/storage/PrimaryLevelData$SpecialWorldProperty;Lnet/minecraft/core/LayeredRegistryAccess;Lcom/mojang/serialization/Lifecycle;Lorg/spongepowered/asm/mixin/injection/callback/CallbackInfo;Ljava/util/Optional;ZLnet/minecraft/client/gui/screens/worldselection/WorldCreationContext;Lnet/minecraft/world/level/LevelSettings;Lnet/minecraft/world/level/storage/WorldData;)V doesn't use it's CallbackInfo
[04июл.2026 11:23:12.627] [Render thread/DEBUG] [mixin/]: simulated.mixins.json:world_presets.CreateWorldScreenMixin from mod simulated->@Inject::simulated$createNewWorld2(Lnet/minecraft/world/level/storage/PrimaryLevelData$SpecialWorldProperty;Lnet/minecraft/core/LayeredRegistryAccess;Lcom/mojang/serialization/Lifecycle;Lorg/spongepowered/asm/mixin/injection/callback/CallbackInfo;Ljava/util/Optional;ZLnet/minecraft/client/gui/screens/worldselection/WorldCreationContext;Lnet/minecraft/world/level/LevelSettings;Lnet/minecraft/world/level/storage/WorldData;)V has 0 override(s) in child classes
[04июл.2026 11:23:12.627] [Render thread/DEBUG] [mixin/]: simulated.mixins.json:world_presets.CreateWorldScreenMixin from mod simulated->@Inject::simulated$createNewWorld2(Lnet/minecraft/world/level/storage/PrimaryLevelData$SpecialWorldProperty;Lnet/minecraft/core/LayeredRegistryAccess;Lcom/mojang/serialization/Lifecycle;Lorg/spongepowered/asm/mixin/injection/callback/CallbackInfo;Ljava/util/Optional;ZLnet/minecraft/client/gui/screens/worldselection/WorldCreationContext;Lnet/minecraft/world/level/LevelSettings;Lnet/minecraft/world/level/storage/WorldData;)V won't be passed a CallbackInfo as a result
[04июл.2026 11:23:12.629] [Render thread/ERROR] [net.neoforged.fml.ModLoader/]: Cowardly refusing to send event net.neoforged.neoforge.client.event.RegisterPresetEditorsEvent to a broken mod state
[04июл.2026 11:23:12.630] [Render thread/ERROR] [net.neoforged.fml.ModLoader/]: Cowardly refusing to send event net.neoforged.neoforge.client.gui.map.RegisterMapDecorationRenderersEvent to a broken mod state
[04июл.2026 11:23:12.630] [Render thread/ERROR] [net.neoforged.fml.ModLoader/]: Cowardly refusing to send event net.neoforged.neoforge.client.event.RegisterDimensionTransitionScreenEvent to a broken mod state
[04июл.2026 11:23:12.631] [Render thread/DEBUG] [mixin/]: Mixing ModelPartAccessor from flywheel.impl.mixins.json into net.minecraft.client.model.geom.ModelPart
[04июл.2026 11:23:12.631] [Render thread/DEBUG] [mixin/]: Mixing ModelPartAccessor from createdieselgenerators.mixins.json into net.minecraft.client.model.geom.ModelPart
[04июл.2026 11:23:12.631] [Render thread/DEBUG] [mixin/]: createdieselgenerators.mixins.json:ModelPartAccessor from mod createdieselgenerators: Class version 65 required is higher than the class version supported by the current version of Mixin (JAVA_17 supports class version 61)
[04июл.2026 11:23:12.636] [Render thread/ERROR] [net.neoforged.fml.ModLoader/]: Cowardly refusing to send event net.neoforged.neoforge.client.event.RegisterJsonAnimationTypesEvent to a broken mod state
[04июл.2026 11:23:12.644] [Render thread/DEBUG] [mixin/]: Mixing accessor.DynamicBufferProgramAccessor from veil.dynamicbuffer.mixins.json into com.mojang.blaze3d.shaders.Program
[04июл.2026 11:23:12.644] [Render thread/DEBUG] [mixin/]: Mixing sublevel_render.fancy.ProgramMixin from sable.mixins.json into com.mojang.blaze3d.shaders.Program
[04июл.2026 11:23:12.647] [Render thread/DEBUG] [mixin/]: Mixing client.ShaderProgramManagerMixin from veil.shader.mixins.json into com.mojang.blaze3d.shaders.ProgramManager
[04июл.2026 11:23:12.648] [Render thread/DEBUG] [mixin/]: veil.shader.mixins.json:client.ShaderProgramManagerMixin from mod veil->@Inject::veil$cancelProgram(Lorg/spongepowered/asm/mixin/injection/callback/CallbackInfoReturnable;)V does use it's CallbackInfoReturnable
[04июл.2026 11:23:12.648] [Render thread/DEBUG] [mixin/]: veil.shader.mixins.json:client.ShaderProgramManagerMixin from mod veil->@Inject::veil$cancelLinkShader(Lcom/mojang/blaze3d/shaders/Shader;Lorg/spongepowered/asm/mixin/injection/callback/CallbackInfo;)V does use it's CallbackInfo
[04июл.2026 11:23:12.679] [Render thread/INFO] [net.minecraft.server.packs.resources.ReloadableResourceManager/]: Reloading ResourceManager: vanilla, file/Mini Items (4).zip
[04июл.2026 11:23:12.684] [Render thread/DEBUG] [mixin/]: Mixing SimpleReloadInstanceMixin from veil.debug.mixins.json into net.minecraft.server.packs.resources.SimpleReloadInstance
[04июл.2026 11:23:12.687] [Render thread/DEBUG] [mixin/]: Mixing options.OptionsScreenMixin from sable.mixins.json into net.minecraft.client.gui.screens.options.OptionsScreen
[04июл.2026 11:23:12.687] [Render thread/DEBUG] [mixin/]: Renaming synthetic method lambda$sable$createSableButton$0(Lnet/minecraft/client/gui/components/Button;)V to mdca1030$sable$lambda$sable$createSableButton$0$0 in sable.mixins.json:options.OptionsScreenMixin from mod sable
[04июл.2026 11:23:12.688] [Render thread/DEBUG] [mixin/]: sable.mixins.json:options.OptionsScreenMixin from mod sable->@Inject::sable$createSableButton(Lorg/spongepowered/asm/mixin/injection/callback/CallbackInfoReturnable;)V does use it's CallbackInfoReturnable
[04июл.2026 11:23:12.688] [Render thread/DEBUG] [mixin/]: sable.mixins.json:options.OptionsScreenMixin from mod sable->@Inject::sable$createSableButton(Lorg/spongepowered/asm/mixin/injection/callback/CallbackInfoReturnable;)V does use it's CallbackInfoReturnable
[04июл.2026 11:23:12.688] [Render thread/DEBUG] [mixin/]: sable.mixins.json:options.OptionsScreenMixin from mod sable->@Inject::sable$createSableButton(Lorg/spongepowered/asm/mixin/injection/callback/CallbackInfoReturnable;)V does use it's CallbackInfoReturnable
[04июл.2026 11:23:12.710] [Render thread/ERROR] [net.neoforged.fml.ModLoader/]: Cowardly refusing to send event net.neoforged.neoforge.client.event.ModelEvent$RegisterGeometryLoaders to a broken mod state
[04июл.2026 11:23:12.715] [Render thread/DEBUG] [mixin/]: Mixing creative_tab_sections.SpriteContentsMixin from simulated.mixins.json into net.minecraft.client.renderer.texture.SpriteContents
[04июл.2026 11:23:12.715] [Render thread/DEBUG] [mixin/]: simulated.mixins.json:creative_tab_sections.SpriteContentsMixin from mod simulated->@Inject::simulated$createTicker(Lorg/spongepowered/asm/mixin/injection/callback/CallbackInfoReturnable;)V does use it's CallbackInfoReturnable
[04июл.2026 11:23:12.751] [Render thread/DEBUG] [mixin/]: Mixing compatibility.create.big_outlines_interaction.BigOutlinesMixin from sable-neoforge.mixins.json into com.simibubi.create.foundation.block.BigOutlines
[04июл.2026 11:23:12.751] [Render thread/DEBUG] [mixin/]: Renaming synthetic method lambda$sable$useSubLevelInclusiveCast$0(Ljava/util/function/Predicate;Ldev/ryanhcode/sable/sublevel/SubLevel;Lnet/minecraft/core/BlockPos;)Z to mdca1030$sable$lambda$sable$useSubLevelInclusiveCast$0$0 in sable-neoforge.mixins.json:compatibility.create.big_outlines_interaction.BigOutlinesMixin from mod sable
[04июл.2026 11:23:12.762] [Render thread/DEBUG] [mixin/]: Mixing water_occlusion.FogRendererMixin from sable.mixins.json into net.minecraft.client.renderer.FogRenderer
[04июл.2026 11:23:12.765] [Worker-Main-19/INFO] [net.minecraft.client.gui.font.providers.UnihexProvider/]: Found unifont_all_no_pua-15.1.05.hex, loading
[04июл.2026 11:23:12.765] [Worker-Main-7/INFO] [net.minecraft.client.gui.font.providers.UnihexProvider/]: Found unifont_jp_patch-15.1.05.hex, loading
[04июл.2026 11:23:13.133] [Worker-Main-4/ERROR] [net.neoforged.fml.ModLoader/]: Cowardly refusing to send event net.neoforged.neoforge.client.event.ModelEvent$RegisterAdditional to a broken mod state
[04июл.2026 11:23:13.421] [Worker-Main-4/ERROR] [net.neoforged.fml.ModLoader/]: Cowardly refusing to send event net.neoforged.neoforge.client.event.ModelEvent$ModifyBakingResult to a broken mod state
[04июл.2026 11:23:13.475] [Render thread/WARN] [net.minecraft.client.sounds.SoundEngine/]: Missing sound for event: minecraft:item.goat_horn.play
[04июл.2026 11:23:13.475] [Render thread/WARN] [net.minecraft.client.sounds.SoundEngine/]: Missing sound for event: minecraft:entity.goat.screaming.horn_break
[04июл.2026 11:23:13.494] [Render thread/INFO] [com.mojang.blaze3d.audio.Library/]: OpenAL initialized on device OpenAL Soft on FxSound Speakers (FxSound Audio Enhancer)
[04июл.2026 11:23:13.495] [Render thread/INFO] [net.minecraft.client.sounds.SoundEngine/SOUNDS]: Sound engine started
[04июл.2026 11:23:13.495] [Render thread/ERROR] [net.neoforged.fml.ModLoader/]: Cowardly refusing to send event net.neoforged.neoforge.client.event.sound.SoundEngineLoadEvent to a broken mod state
[04июл.2026 11:23:13.543] [Render thread/INFO] [net.minecraft.client.renderer.texture.TextureAtlas/]: Created: 1024x512x4 minecraft:textures/atlas/blocks.png-atlas
[04июл.2026 11:23:13.545] [Render thread/DEBUG] [mixin/]: Mixing creative_tab_sections.SpriteContentsTickerMixin from simulated.mixins.json into net.minecraft.client.renderer.texture.SpriteContents$Ticker
[04июл.2026 11:23:13.549] [Render thread/ERROR] [net.neoforged.fml.ModLoader/]: Cowardly refusing to send event net.neoforged.neoforge.client.event.TextureAtlasStitchedEvent to a broken mod state
[04июл.2026 11:23:13.549] [Render thread/INFO] [net.minecraft.client.renderer.texture.TextureAtlas/]: Created: 256x256x4 minecraft:textures/atlas/signs.png-atlas
[04июл.2026 11:23:13.549] [Render thread/ERROR] [net.neoforged.fml.ModLoader/]: Cowardly refusing to send event net.neoforged.neoforge.client.event.TextureAtlasStitchedEvent to a broken mod state
[04июл.2026 11:23:13.549] [Render thread/INFO] [net.minecraft.client.renderer.texture.TextureAtlas/]: Created: 512x512x4 minecraft:textures/atlas/banner_patterns.png-atlas
[04июл.2026 11:23:13.549] [Render thread/ERROR] [net.neoforged.fml.ModLoader/]: Cowardly refusing to send event net.neoforged.neoforge.client.event.TextureAtlasStitchedEvent to a broken mod state
[04июл.2026 11:23:13.549] [Render thread/INFO] [net.minecraft.client.renderer.texture.TextureAtlas/]: Created: 512x512x4 minecraft:textures/atlas/shield_patterns.png-atlas
[04июл.2026 11:23:13.549] [Render thread/ERROR] [net.neoforged.fml.ModLoader/]: Cowardly refusing to send event net.neoforged.neoforge.client.event.TextureAtlasStitchedEvent to a broken mod state
[04июл.2026 11:23:13.549] [Render thread/INFO] [net.minecraft.client.renderer.texture.TextureAtlas/]: Created: 1024x1024x4 minecraft:textures/atlas/armor_trims.png-atlas
[04июл.2026 11:23:13.550] [Render thread/ERROR] [net.neoforged.fml.ModLoader/]: Cowardly refusing to send event net.neoforged.neoforge.client.event.TextureAtlasStitchedEvent to a broken mod state
[04июл.2026 11:23:13.550] [Render thread/INFO] [net.minecraft.client.renderer.texture.TextureAtlas/]: Created: 128x64x4 minecraft:textures/atlas/decorated_pot.png-atlas
[04июл.2026 11:23:13.550] [Render thread/ERROR] [net.neoforged.fml.ModLoader/]: Cowardly refusing to send event net.neoforged.neoforge.client.event.TextureAtlasStitchedEvent to a broken mod state
[04июл.2026 11:23:13.550] [Render thread/INFO] [net.minecraft.client.renderer.texture.TextureAtlas/]: Created: 256x256x4 minecraft:textures/atlas/chest.png-atlas
[04июл.2026 11:23:13.551] [Render thread/ERROR] [net.neoforged.fml.ModLoader/]: Cowardly refusing to send event net.neoforged.neoforge.client.event.TextureAtlasStitchedEvent to a broken mod state
[04июл.2026 11:23:13.551] [Render thread/INFO] [net.minecraft.client.renderer.texture.TextureAtlas/]: Created: 512x256x4 minecraft:textures/atlas/shulker_boxes.png-atlas
[04июл.2026 11:23:13.551] [Render thread/ERROR] [net.neoforged.fml.ModLoader/]: Cowardly refusing to send event net.neoforged.neoforge.client.event.TextureAtlasStitchedEvent to a broken mod state
[04июл.2026 11:23:13.551] [Render thread/INFO] [net.minecraft.client.renderer.texture.TextureAtlas/]: Created: 512x256x4 minecraft:textures/atlas/beds.png-atlas
[04июл.2026 11:23:13.551] [Render thread/ERROR] [net.neoforged.fml.ModLoader/]: Cowardly refusing to send event net.neoforged.neoforge.client.event.TextureAtlasStitchedEvent to a broken mod state
[04июл.2026 11:23:13.551] [Render thread/ERROR] [net.neoforged.fml.ModLoader/]: Cowardly refusing to send event net.neoforged.neoforge.client.event.ModelEvent$BakingCompleted to a broken mod state
[04июл.2026 11:23:13.553] [Render thread/DEBUG] [mixin/]: Mixing handle.HumanoidModelMixin from simulated.mixins.json into net.minecraft.client.model.HumanoidModel
[04июл.2026 11:23:13.553] [Render thread/DEBUG] [mixin/]: Mixing client.HumanoidModelMixin from create.mixins.json into net.minecraft.client.model.HumanoidModel
[04июл.2026 11:23:13.554] [Render thread/DEBUG] [mixin/]: simulated.mixins.json:handle.HumanoidModelMixin from mod simulated->@Inject::simulated$afterSetupAnim(Lnet/minecraft/world/entity/LivingEntity;FFFFFLorg/spongepowered/asm/mixin/injection/callback/CallbackInfo;)V doesn't use it's CallbackInfo
[04июл.2026 11:23:13.554] [Render thread/DEBUG] [mixin/]: simulated.mixins.json:handle.HumanoidModelMixin from mod simulated->@Inject::simulated$afterSetupAnim(Lnet/minecraft/world/entity/LivingEntity;FFFFFLorg/spongepowered/asm/mixin/injection/callback/CallbackInfo;)V has 0 override(s) in child classes
[04июл.2026 11:23:13.554] [Render thread/DEBUG] [mixin/]: simulated.mixins.json:handle.HumanoidModelMixin from mod simulated->@Inject::simulated$afterSetupAnim(Lnet/minecraft/world/entity/LivingEntity;FFFFFLorg/spongepowered/asm/mixin/injection/callback/CallbackInfo;)V won't be passed a CallbackInfo as a result
[04июл.2026 11:23:13.554] [Render thread/DEBUG] [mixin/]: simulated.mixins.json:handle.HumanoidModelMixin from mod simulated->@Inject::simulated$afterSetupAnim(Lnet/minecraft/world/entity/LivingEntity;FFFFFLorg/spongepowered/asm/mixin/injection/callback/CallbackInfo;)V doesn't use it's CallbackInfo
[04июл.2026 11:23:13.554] [Render thread/DEBUG] [mixin/]: simulated.mixins.json:handle.HumanoidModelMixin from mod simulated->@Inject::simulated$afterSetupAnim(Lnet/minecraft/world/entity/LivingEntity;FFFFFLorg/spongepowered/asm/mixin/injection/callback/CallbackInfo;)V has 0 override(s) in child classes
[04июл.2026 11:23:13.554] [Render thread/DEBUG] [mixin/]: simulated.mixins.json:handle.HumanoidModelMixin from mod simulated->@Inject::simulated$afterSetupAnim(Lnet/minecraft/world/entity/LivingEntity;FFFFFLorg/spongepowered/asm/mixin/injection/callback/CallbackInfo;)V won't be passed a CallbackInfo as a result
[04июл.2026 11:23:13.554] [Render thread/DEBUG] [mixin/]: create.mixins.json:client.HumanoidModelMixin from mod create->@Inject::create$afterSetupAnim(Lnet/minecraft/world/entity/LivingEntity;FFFFFLorg/spongepowered/asm/mixin/injection/callback/CallbackInfo;)V doesn't use it's CallbackInfo
[04июл.2026 11:23:13.554] [Render thread/DEBUG] [mixin/]: create.mixins.json:client.HumanoidModelMixin from mod create->@Inject::create$afterSetupAnim(Lnet/minecraft/world/entity/LivingEntity;FFFFFLorg/spongepowered/asm/mixin/injection/callback/CallbackInfo;)V has 0 override(s) in child classes
[04июл.2026 11:23:13.554] [Render thread/DEBUG] [mixin/]: create.mixins.json:client.HumanoidModelMixin from mod create->@Inject::create$afterSetupAnim(Lnet/minecraft/world/entity/LivingEntity;FFFFFLorg/spongepowered/asm/mixin/injection/callback/CallbackInfo;)V won't be passed a CallbackInfo as a result
[04июл.2026 11:23:13.554] [Render thread/DEBUG] [mixin/]: create.mixins.json:client.HumanoidModelMixin from mod create->@Inject::create$afterSetupAnim(Lnet/minecraft/world/entity/LivingEntity;FFFFFLorg/spongepowered/asm/mixin/injection/callback/CallbackInfo;)V doesn't use it's CallbackInfo
[04июл.2026 11:23:13.554] [Render thread/DEBUG] [mixin/]: create.mixins.json:client.HumanoidModelMixin from mod create->@Inject::create$afterSetupAnim(Lnet/minecraft/world/entity/LivingEntity;FFFFFLorg/spongepowered/asm/mixin/injection/callback/CallbackInfo;)V has 0 override(s) in child classes
[04июл.2026 11:23:13.554] [Render thread/DEBUG] [mixin/]: create.mixins.json:client.HumanoidModelMixin from mod create->@Inject::create$afterSetupAnim(Lnet/minecraft/world/entity/LivingEntity;FFFFFLorg/spongepowered/asm/mixin/injection/callback/CallbackInfo;)V won't be passed a CallbackInfo as a result
[04июл.2026 11:23:13.554] [Render thread/DEBUG] [mixin/]: create.mixins.json:client.HumanoidModelMixin from mod create->@Inject::create$beforeSetupAnim(Lnet/minecraft/world/entity/LivingEntity;FFFFFLorg/spongepowered/asm/mixin/injection/callback/CallbackInfo;)V doesn't use it's CallbackInfo
[04июл.2026 11:23:13.554] [Render thread/DEBUG] [mixin/]: create.mixins.json:client.HumanoidModelMixin from mod create->@Inject::create$beforeSetupAnim(Lnet/minecraft/world/entity/LivingEntity;FFFFFLorg/spongepowered/asm/mixin/injection/callback/CallbackInfo;)V has 0 override(s) in child classes
[04июл.2026 11:23:13.554] [Render thread/DEBUG] [mixin/]: create.mixins.json:client.HumanoidModelMixin from mod create->@Inject::create$beforeSetupAnim(Lnet/minecraft/world/entity/LivingEntity;FFFFFLorg/spongepowered/asm/mixin/injection/callback/CallbackInfo;)V won't be passed a CallbackInfo as a result
[04июл.2026 11:23:13.554] [Render thread/DEBUG] [mixin/]: create.mixins.json:client.HumanoidModelMixin from mod create->@Inject::create$beforeSetupAnim(Lnet/minecraft/world/entity/LivingEntity;FFFFFLorg/spongepowered/asm/mixin/injection/callback/CallbackInfo;)V doesn't use it's CallbackInfo
[04июл.2026 11:23:13.554] [Render thread/DEBUG] [mixin/]: create.mixins.json:client.HumanoidModelMixin from mod create->@Inject::create$beforeSetupAnim(Lnet/minecraft/world/entity/LivingEntity;FFFFFLorg/spongepowered/asm/mixin/injection/callback/CallbackInfo;)V has 0 override(s) in child classes
[04июл.2026 11:23:13.554] [Render thread/DEBUG] [mixin/]: create.mixins.json:client.HumanoidModelMixin from mod create->@Inject::create$beforeSetupAnim(Lnet/minecraft/world/entity/LivingEntity;FFFFFLorg/spongepowered/asm/mixin/injection/callback/CallbackInfo;)V won't be passed a CallbackInfo as a result
[04июл.2026 11:23:13.556] [Render thread/DEBUG] [mixin/]: Mixing accessor.AgeableListModelAccessor from create.mixins.json into net.minecraft.client.model.AgeableListModel
[04июл.2026 11:23:13.556] [Render thread/DEBUG] [mixin/]: Mixing AgeableListModelAccessor from createdieselgenerators.mixins.json into net.minecraft.client.model.AgeableListModel
[04июл.2026 11:23:13.556] [Render thread/DEBUG] [mixin/]: createdieselgenerators.mixins.json:AgeableListModelAccessor from mod createdieselgenerators: Class version 65 required is higher than the class version supported by the current version of Mixin (JAVA_17 supports class version 61)
[04июл.2026 11:23:13.574] [Render thread/DEBUG] [mixin/]: Mixing entity.entity_leashing.EntityRendererMixin from sable.mixins.json into net.minecraft.client.renderer.entity.EntityRenderer
[04июл.2026 11:23:13.574] [Render thread/DEBUG] [mixin/]: Mixing entity.entity_rendering.EntityRendererMixin from sable.mixins.json into net.minecraft.client.renderer.entity.EntityRenderer
[04июл.2026 11:23:13.575] [Render thread/DEBUG] [mixin/]: Mixing entity.entity_rotations_and_riding.EntityRendererMixin from sable.mixins.json into net.minecraft.client.renderer.entity.EntityRenderer
[04июл.2026 11:23:13.575] [Render thread/DEBUG] [mixin/]: Renaming synthetic method lambda$sable$renderNameTag$0(Ldev/ryanhcode/sable/sublevel/SubLevel;)Ldev/ryanhcode/sable/companion/math/Pose3dc; to mdca1030$sable$lambda$sable$renderNameTag$0$0 in sable.mixins.json:entity.entity_rotations_and_riding.EntityRendererMixin from mod sable
[04июл.2026 11:23:13.579] [Render thread/DEBUG] [mixin/]: sable.mixins.json:entity.entity_rendering.EntityRendererMixin from mod sable->@Inject::sable$shouldRender(Lnet/minecraft/world/entity/Entity;Lnet/minecraft/client/renderer/culling/Frustum;DDDLorg/spongepowered/asm/mixin/injection/callback/CallbackInfoReturnable;)V does use it's CallbackInfoReturnable
[04июл.2026 11:23:13.603] [Render thread/ERROR] [net.neoforged.fml.ModLoader/]: Cowardly refusing to send event net.neoforged.neoforge.client.event.EntityRenderersEvent$CreateSkullModels to a broken mod state
[04июл.2026 11:23:13.604] [Render thread/ERROR] [net.neoforged.fml.ModLoader/]: Cowardly refusing to send event net.neoforged.neoforge.client.event.EntityRenderersEvent$CreateSkullModels to a broken mod state
[04июл.2026 11:23:13.606] [Render thread/DEBUG] [mixin/]: Mixing client.PlayerRendererMixin from create.mixins.json into net.minecraft.client.renderer.entity.player.PlayerRenderer
[04июл.2026 11:23:13.607] [Render thread/DEBUG] [mixin/]: create.mixins.json:client.PlayerRendererMixin from mod create->@Inject::create$onGetArmPose(Lnet/minecraft/client/player/AbstractClientPlayer;Lnet/minecraft/world/InteractionHand;Lorg/spongepowered/asm/mixin/injection/callback/CallbackInfoReturnable;)V does use it's CallbackInfoReturnable
[04июл.2026 11:23:13.608] [Render thread/DEBUG] [mixin/]: Mixing respawn_point.sleeping.LivingEntityRendererMixin from sable.mixins.json into net.minecraft.client.renderer.entity.LivingEntityRenderer
[04июл.2026 11:23:13.609] [Render thread/DEBUG] [mixin/]: sable.mixins.json:respawn_point.sleeping.LivingEntityRendererMixin from mod sable->@Inject::sable$setupRotations(Lnet/minecraft/world/entity/LivingEntity;FFLcom/mojang/blaze3d/vertex/PoseStack;Lnet/minecraft/client/renderer/MultiBufferSource;ILorg/spongepowered/asm/mixin/injection/callback/CallbackInfo;)V doesn't use it's CallbackInfo
[04июл.2026 11:23:13.609] [Render thread/DEBUG] [mixin/]: sable.mixins.json:respawn_point.sleeping.LivingEntityRendererMixin from mod sable->@Inject::sable$setupRotations(Lnet/minecraft/world/entity/LivingEntity;FFLcom/mojang/blaze3d/vertex/PoseStack;Lnet/minecraft/client/renderer/MultiBufferSource;ILorg/spongepowered/asm/mixin/injection/callback/CallbackInfo;)V has 0 override(s) in child classes
[04июл.2026 11:23:13.609] [Render thread/DEBUG] [mixin/]: sable.mixins.json:respawn_point.sleeping.LivingEntityRendererMixin from mod sable->@Inject::sable$setupRotations(Lnet/minecraft/world/entity/LivingEntity;FFLcom/mojang/blaze3d/vertex/PoseStack;Lnet/minecraft/client/renderer/MultiBufferSource;ILorg/spongepowered/asm/mixin/injection/callback/CallbackInfo;)V won't be passed a CallbackInfo as a result
[04июл.2026 11:23:13.614] [Render thread/DEBUG] [mixin/]: Mixing accessor.HumanoidArmorLayerAccessor from create.mixins.json into net.minecraft.client.renderer.entity.layers.HumanoidArmorLayer
[04июл.2026 11:23:13.614] [Render thread/DEBUG] [mixin/]: Renaming @Accessor method create$getArmorLocationCache()Ljava/util/Map; to getArmorLocationCache$create_$md$ca1030$0 in create.mixins.json:accessor.HumanoidArmorLayerAccessor from mod create
[04июл.2026 11:23:13.614] [Render thread/DEBUG] [mixin/]: Mixing client.HumanoidArmorLayerMixin from create.mixins.json into net.minecraft.client.renderer.entity.layers.HumanoidArmorLayer
[04июл.2026 11:23:13.614] [Render thread/DEBUG] [mixin/]: create.mixins.json:client.HumanoidArmorLayerMixin from mod create->@Inject::create$onRenderArmorPiece(Lcom/mojang/blaze3d/vertex/PoseStack;Lnet/minecraft/client/renderer/MultiBufferSource;Lnet/minecraft/world/entity/LivingEntity;Lnet/minecraft/world/entity/EquipmentSlot;ILnet/minecraft/client/model/HumanoidModel;FFFFFFLorg/spongepowered/asm/mixin/injection/callback/CallbackInfo;)V does use it's CallbackInfo
[04июл.2026 11:23:13.643] [Render thread/ERROR] [net.neoforged.fml.ModLoader/]: Cowardly refusing to send event net.neoforged.neoforge.client.event.EntityRenderersEvent$CreateSkullModels to a broken mod state
[04июл.2026 11:23:13.644] [Render thread/ERROR] [net.neoforged.fml.ModLoader/]: Cowardly refusing to send event net.neoforged.neoforge.client.event.EntityRenderersEvent$CreateSkullModels to a broken mod state
[04июл.2026 11:23:13.645] [Render thread/ERROR] [net.neoforged.fml.ModLoader/]: Cowardly refusing to send event net.neoforged.neoforge.client.event.EntityRenderersEvent$CreateSkullModels to a broken mod state
[04июл.2026 11:23:13.645] [Render thread/ERROR] [net.neoforged.fml.ModLoader/]: Cowardly refusing to send event net.neoforged.neoforge.client.event.EntityRenderersEvent$CreateSkullModels to a broken mod state
[04июл.2026 11:23:13.646] [Render thread/ERROR] [net.neoforged.fml.ModLoader/]: Cowardly refusing to send event net.neoforged.neoforge.client.event.EntityRenderersEvent$CreateSkullModels to a broken mod state
[04июл.2026 11:23:13.646] [Render thread/ERROR] [net.neoforged.fml.ModLoader/]: Cowardly refusing to send event net.neoforged.neoforge.client.event.EntityRenderersEvent$CreateSkullModels to a broken mod state
[04июл.2026 11:23:13.646] [Render thread/ERROR] [net.neoforged.fml.ModLoader/]: Cowardly refusing to send event net.neoforged.neoforge.client.event.EntityRenderersEvent$CreateSkullModels to a broken mod state
[04июл.2026 11:23:13.646] [Render thread/ERROR] [net.neoforged.fml.ModLoader/]: Cowardly refusing to send event net.neoforged.neoforge.client.event.EntityRenderersEvent$CreateSkullModels to a broken mod state
[04июл.2026 11:23:13.648] [Render thread/ERROR] [net.neoforged.fml.ModLoader/]: Cowardly refusing to send event net.neoforged.neoforge.client.event.EntityRenderersEvent$CreateSkullModels to a broken mod state
[04июл.2026 11:23:13.649] [Render thread/ERROR] [net.neoforged.fml.ModLoader/]: Cowardly refusing to send event net.neoforged.neoforge.client.event.EntityRenderersEvent$CreateSkullModels to a broken mod state
[04июл.2026 11:23:13.649] [Render thread/ERROR] [net.neoforged.fml.ModLoader/]: Cowardly refusing to send event net.neoforged.neoforge.client.event.EntityRenderersEvent$CreateSkullModels to a broken mod state
[04июл.2026 11:23:13.650] [Render thread/ERROR] [net.neoforged.fml.ModLoader/]: Cowardly refusing to send event net.neoforged.neoforge.client.event.EntityRenderersEvent$CreateSkullModels to a broken mod state
[04июл.2026 11:23:13.651] [Render thread/ERROR] [net.neoforged.fml.ModLoader/]: Cowardly refusing to send event net.neoforged.neoforge.client.event.EntityRenderersEvent$CreateSkullModels to a broken mod state
[04июл.2026 11:23:13.651] [Render thread/ERROR] [net.neoforged.fml.ModLoader/]: Cowardly refusing to send event net.neoforged.neoforge.client.event.EntityRenderersEvent$CreateSkullModels to a broken mod state
[04июл.2026 11:23:13.652] [Render thread/ERROR] [net.neoforged.fml.ModLoader/]: Cowardly refusing to send event net.neoforged.neoforge.client.event.EntityRenderersEvent$CreateSkullModels to a broken mod state
[04июл.2026 11:23:13.652] [Render thread/ERROR] [net.neoforged.fml.ModLoader/]: Cowardly refusing to send event net.neoforged.neoforge.client.event.EntityRenderersEvent$CreateSkullModels to a broken mod state
[04июл.2026 11:23:13.652] [Render thread/ERROR] [net.neoforged.fml.ModLoader/]: Cowardly refusing to send event net.neoforged.neoforge.client.event.EntityRenderersEvent$CreateSkullModels to a broken mod state
[04июл.2026 11:23:13.652] [Render thread/ERROR] [net.neoforged.fml.ModLoader/]: Cowardly refusing to send event net.neoforged.neoforge.client.event.EntityRenderersEvent$CreateSkullModels to a broken mod state
[04июл.2026 11:23:13.654] [Render thread/ERROR] [net.neoforged.fml.ModLoader/]: Cowardly refusing to send event net.neoforged.neoforge.client.event.EntityRenderersEvent$CreateSkullModels to a broken mod state
[04июл.2026 11:23:13.655] [Render thread/ERROR] [net.neoforged.fml.ModLoader/]: Cowardly refusing to send event net.neoforged.neoforge.client.event.EntityRenderersEvent$CreateSkullModels to a broken mod state
[04июл.2026 11:23:13.655] [Render thread/ERROR] [net.neoforged.fml.ModLoader/]: Cowardly refusing to send event net.neoforged.neoforge.client.event.EntityRenderersEvent$AddLayers to a broken mod state
[04июл.2026 11:23:13.655] [Render thread/INFO] [net.minecraft.client.renderer.texture.TextureAtlas/]: Created: 512x256x0 minecraft:textures/atlas/particles.png-atlas
[04июл.2026 11:23:13.655] [Render thread/ERROR] [net.neoforged.fml.ModLoader/]: Cowardly refusing to send event net.neoforged.neoforge.client.event.TextureAtlasStitchedEvent to a broken mod state
[04июл.2026 11:23:13.656] [Render thread/INFO] [net.minecraft.client.renderer.texture.TextureAtlas/]: Created: 512x256x0 minecraft:textures/atlas/paintings.png-atlas
[04июл.2026 11:23:13.656] [Render thread/ERROR] [net.neoforged.fml.ModLoader/]: Cowardly refusing to send event net.neoforged.neoforge.client.event.TextureAtlasStitchedEvent to a broken mod state
[04июл.2026 11:23:13.656] [Render thread/INFO] [net.minecraft.client.renderer.texture.TextureAtlas/]: Created: 256x128x0 minecraft:textures/atlas/mob_effects.png-atlas
[04июл.2026 11:23:13.656] [Render thread/ERROR] [net.neoforged.fml.ModLoader/]: Cowardly refusing to send event net.neoforged.neoforge.client.event.TextureAtlasStitchedEvent to a broken mod state
[04июл.2026 11:23:13.656] [Render thread/INFO] [net.minecraft.client.renderer.texture.TextureAtlas/]: Created: 64x64x0 minecraft:textures/atlas/map_decorations.png-atlas
[04июл.2026 11:23:13.656] [Render thread/ERROR] [net.neoforged.fml.ModLoader/]: Cowardly refusing to send event net.neoforged.neoforge.client.event.TextureAtlasStitchedEvent to a broken mod state
[04июл.2026 11:23:13.656] [Render thread/INFO] [net.minecraft.client.renderer.texture.TextureAtlas/]: Created: 1024x512x0 minecraft:textures/atlas/gui.png-atlas
[04июл.2026 11:23:13.656] [Render thread/ERROR] [net.neoforged.fml.ModLoader/]: Cowardly refusing to send event net.neoforged.neoforge.client.event.TextureAtlasStitchedEvent to a broken mod state
[04июл.2026 11:23:13.669] [Render thread/WARN] [net.minecraft.client.renderer.ShaderInstance/]: Shader rendertype_entity_translucent_emissive could not find sampler named Sampler2 in the specified shader program.
[04июл.2026 11:23:13.684] [Render thread/DEBUG] [mixin/]: Mixing accessor.DebugPostChainAccessor from veil.debug.mixins.json into net.minecraft.client.renderer.PostChain
[04июл.2026 11:23:13.686] [Render thread/DEBUG] [mixin/]: Mixing client.ShaderEffectInstanceMixin from veil.shader.mixins.json into net.minecraft.client.renderer.EffectInstance
[04июл.2026 11:23:13.686] [Render thread/DEBUG] [mixin/]: veil.shader.mixins.json:client.ShaderEffectInstanceMixin from mod veil->@Inject::veil$setupFallbackProcessor(Lnet/minecraft/server/packs/resources/ResourceProvider;Lcom/mojang/blaze3d/shaders/Program$Type;Ljava/lang/String;Lorg/spongepowered/asm/mixin/injection/callback/CallbackInfoReturnable;)V doesn't use it's CallbackInfoReturnable
[04июл.2026 11:23:13.686] [Render thread/DEBUG] [mixin/]: veil.shader.mixins.json:client.ShaderEffectInstanceMixin from mod veil->@Inject::veil$clearFallbackProcessor(Lorg/spongepowered/asm/mixin/injection/callback/CallbackInfoReturnable;)V doesn't use it's CallbackInfoReturnable
[04июл.2026 11:23:13.689] [Render thread/ERROR] [net.neoforged.fml.ModLoader/]: Cowardly refusing to send event net.neoforged.neoforge.client.event.RegisterShadersEvent to a broken mod state
[04июл.2026 11:23:13.694] [Render thread/ERROR] [net.neoforged.fml.ModLoader/]: Cowardly refusing to send event dev.engine_room.flywheel.api.event.EndClientResourceReloadEvent to a broken mod state
[04июл.2026 11:23:19.101] [Render thread/DEBUG] [oshi.util.FileUtil/]: No oshi.architecture.properties file found from ClassLoader cpw.mods.modlauncher.TransformingClassLoader@2b98b3bb
[04июл.2026 11:23:19.114] [Render thread/ERROR] [net.minecraft.CrashReport/]: Negative index in crash report handler (0/28)
[04июл.2026 11:23:19.119] [Render thread/FATAL] [net.neoforged.neoforge.common.NeoForgeMod/]: Preparing crash report with UUID bcf65327-84a5-449d-b93b-4555f9fc0d01
[04июл.2026 11:23:19.119] [Render thread/FATAL] [net.neoforged.neoforge.client.loading.ClientModLoader/]: Crash report saved to .\crash-reports\crash-2026-07-04_11.23.19-fml.txt
[04июл.2026 11:23:19.120] [Render thread/FATAL] [net.neoforged.neoforge.common.NeoForgeMod/]: Preparing crash report with UUID 457efdd4-83cc-4f8e-a9de-4dcebfba765a
[04июл.2026 11:23:38.166] [Sound engine/DEBUG] [mixin/]: Mixing sublevel_sounds.ChannelAccessor from sable.mixins.json into com.mojang.blaze3d.audio.Channel
[04июл.2026 11:23:38.179] [Render thread/INFO] [net.minecraft.client.Minecraft/]: Stopping!
