[06окт.2026 19:27:40.527] [main/INFO] [cpw.mods.modlauncher.Launcher/MODLAUNCHER]: ModLauncher running: args [--launchTarget, forgeclientdev, --version, 21.1.227, --assetIndex, asset-index, --assetsDir, /home/admin/.gradle/caches/minecraft/assets, --gameDir, ., --fml.fmlVersion, 4.0.42, --fml.mcVersion, 1.21.1, --fml.neoForgeVersion, 21.1.227, --fml.neoFormVersion, 20240808.144430]
[06окт.2026 19:27:40.531] [main/INFO] [cpw.mods.modlauncher.Launcher/MODLAUNCHER]: JVM identified as Arch Linux OpenJDK 64-Bit Server VM 21.0.12+8
[06окт.2026 19:27:40.533] [main/INFO] [cpw.mods.modlauncher.Launcher/MODLAUNCHER]: ModLauncher 11.0.5+main.901c6ea8 starting: java version 21.0.12 by Arch Linux; OS Linux arch amd64 version 7.2.7-1-cachyos
[06окт.2026 19:27:40.613] [main/INFO] [net.neoforged.fml.loading.ImmediateWindowHandler/]: Loading ImmediateWindowProvider fmlearlywindow
[06окт.2026 19:27:40.680] [main/INFO] [EARLYDISPLAY/]: Trying GL version 4.6
[06окт.2026 19:27:40.776] [main/INFO] [EARLYDISPLAY/]: Requested GL version 4.6 got version 4.6
[06окт.2026 19:27:40.825] [main/INFO] [mixin/]: SpongePowered MIXIN Subsystem Version=0.8.7 Source=union:/home/admin/.gradle/caches/modules-2/files-2.1/net.fabricmc/sponge-mixin/0.15.2+mixin.0.8.7/2af2f021d8e02a0220dc27a7a72b4666d66d44ca/sponge-mixin-0.15.2+mixin.0.8.7.jar%23130!/ Service=ModLauncher Env=CLIENT
[06окт.2026 19:27:40.898] [main/INFO] [net.neoforged.fml.loading.moddiscovery.ModDiscoverer/SCAN]: Found mod file "neoforge-21.1.227.jar" [locator: neoforge devenv provider ([/home/admin/Projects/Project_javaMod/create_AES/.gradle/repositories/ng_dummy_ng/net/neoforged/neoforge/21.1.227/neoforge-21.1.227.jar])]
[06окт.2026 19:27:40.909] [pool-2-thread-1/INFO] [EARLYDISPLAY/]: GL info: NVIDIA GeForce RTX 4060/PCIe/SSE2 GL version 4.6.0 NVIDIA 615.71.09, NVIDIA Corporation
[06окт.2026 19:27:40.913] [main/INFO] [net.neoforged.fml.loading.moddiscovery.ModDiscoverer/SCAN]: Found mod file "neoforge-21.1.227.jar" [locator: neoforge devenv provider ([/home/admin/Projects/Project_javaMod/create_AES/.gradle/repositories/ng_dummy_ng/net/neoforged/neoforge/21.1.227/neoforge-21.1.227.jar])]
[06окт.2026 19:27:40.929] [main/INFO] [net.neoforged.fml.loading.moddiscovery.ModDiscoverer/SCAN]: Found mod file "create-1.21.1-6.0.10 (1).jar" [locator: {mods folder locator at /home/admin/Projects/Project_javaMod/create_AES/runs/client/mods}, reader: mod manifest]
[06окт.2026 19:27:40.932] [main/INFO] [net.neoforged.fml.loading.moddiscovery.ModDiscoverer/SCAN]: Found mod file "create-aeronautics-bundled-1.21.1-1.2.1 (1).jar" [locator: {mods folder locator at /home/admin/Projects/Project_javaMod/create_AES/runs/client/mods}, reader: mod manifest]
[06окт.2026 19:27:40.935] [main/INFO] [net.neoforged.fml.loading.moddiscovery.ModDiscoverer/SCAN]: Found mod file "createdieselgenerators-1.21.1-1.3.13.jar" [locator: {mods folder locator at /home/admin/Projects/Project_javaMod/create_AES/runs/client/mods}, reader: mod manifest]
[06окт.2026 19:27:40.939] [main/INFO] [net.neoforged.fml.loading.moddiscovery.ModDiscoverer/SCAN]: Found mod file "jei-1.21.1-neoforge-19.27.0.340.jar" [locator: {mods folder locator at /home/admin/Projects/Project_javaMod/create_AES/runs/client/mods}, reader: mod manifest]
[06окт.2026 19:27:40.941] [main/INFO] [net.neoforged.fml.loading.moddiscovery.ModDiscoverer/SCAN]: Found mod file "ponder-neoforge-1.0.82+mc1.21.1.jar" [locator: {mods folder locator at /home/admin/Projects/Project_javaMod/create_AES/runs/client/mods}, reader: mod manifest]
[06окт.2026 19:27:40.943] [main/INFO] [net.neoforged.fml.loading.moddiscovery.ModDiscoverer/SCAN]: Found mod file "sable-neoforge-1.21.1-1.2.2 (1).jar" [locator: {mods folder locator at /home/admin/Projects/Project_javaMod/create_AES/runs/client/mods}, reader: mod manifest]
[06окт.2026 19:27:40.948] [main/INFO] [net.neoforged.fml.loading.moddiscovery.ModDiscoverer/SCAN]: Found mod file "main" [locator: userdev mods and services, reader: mod manifest]
[06окт.2026 19:27:40.951] [main/INFO] [net.neoforged.fml.loading.moddiscovery.ModDiscoverer/SCAN]: Found mod file "ponder-neoforge-1.0.82+mc1.21.1.jar" [locator: userdev mods and services, reader: mod manifest]
[06окт.2026 19:27:40.957] [main/INFO] [net.neoforged.fml.loading.moddiscovery.ModDiscoverer/SCAN]: Found mod file "create-1.21.1-6.0.10 (1).jar" [locator: userdev mods and services, reader: mod manifest]
[06окт.2026 19:27:40.959] [main/INFO] [net.neoforged.fml.loading.moddiscovery.ModDiscoverer/SCAN]: Found mod file "createdieselgenerators-1.21.1-1.3.13.jar" [locator: userdev mods and services, reader: mod manifest]
[06окт.2026 19:27:40.961] [main/INFO] [net.neoforged.fml.loading.moddiscovery.ModDiscoverer/SCAN]: Found mod file "sable-neoforge-1.21.1-1.2.2 (1).jar" [locator: userdev mods and services, reader: mod manifest]
[06окт.2026 19:27:40.962] [main/INFO] [net.neoforged.fml.loading.moddiscovery.ModDiscoverer/SCAN]: Found mod file "create-aeronautics-bundled-1.21.1-1.2.1 (1).jar" [locator: userdev mods and services, reader: mod manifest]
[06окт.2026 19:27:40.967] [main/INFO] [net.neoforged.fml.loading.moddiscovery.ModDiscoverer/SCAN]: Found mod file "neoforge-21.1.227.jar" [locator: userdev mods and services, reader: mod manifest]
[06окт.2026 19:27:40.975] [main/INFO] [net.neoforged.fml.loading.moddiscovery.ModDiscoverer/SCAN]: Found gamelibrary file "mixinextras-neoforge-0.5.3.jar" [locator: userdev mods and services, reader: mod manifest]
[06окт.2026 19:27:41.279] [main/WARN] [net.neoforged.jarjar.selection.JarSelector/]: Attempted to select a dependency jar for JarJar which was passed in as source: library:mixinextras.neoforge. Using Mod File: /home/admin/.gradle/caches/modules-2/files-2.1/io.github.llamalad7/mixinextras-neoforge/0.5.3/a0919957808de97707c5fb4ce073e66aeef3e187/mixinextras-neoforge-0.5.3.jar
[06окт.2026 19:27:41.279] [main/WARN] [net.neoforged.jarjar.selection.JarSelector/]: Attempted to select a dependency jar for JarJar which was passed in as source: ponder. Using Mod File: /home/admin/Projects/Project_javaMod/create_AES/runs/client/mods/ponder-neoforge-1.0.82+mc1.21.1.jar
[06окт.2026 19:27:41.279] [main/INFO] [net.neoforged.fml.loading.moddiscovery.locators.JarInJarDependencyLocator/]: Found 10 dependencies adding them to mods collection
[06окт.2026 19:27:41.279] [main/INFO] [net.neoforged.fml.loading.moddiscovery.ModDiscoverer/SCAN]: Found mod file "dev.eriksonn.aeronautics.aeronautics-neoforge-1.21.1-1.2.1.jar" [parent: create-aeronautics-bundled-1.21.1-1.2.1 (1).jar, locator: jarinjar, reader: mod manifest]
[06окт.2026 19:27:41.279] [main/INFO] [net.neoforged.fml.loading.moddiscovery.ModDiscoverer/SCAN]: Found library file "molang-compiler-3.1.1.19.jar" [parent: veil-neoforge-1.21.1-4.0.0.jar, locator: jarinjar]
[06окт.2026 19:27:41.279] [main/INFO] [net.neoforged.fml.loading.moddiscovery.ModDiscoverer/SCAN]: Found gamelibrary file "Registrate-MC1.21-1.3.0+67.jar" [parent: create-1.21.1-6.0.10 (1).jar, locator: jarinjar, reader: mod manifest]
[06окт.2026 19:27:41.279] [main/INFO] [net.neoforged.fml.loading.moddiscovery.ModDiscoverer/SCAN]: Found mod file "veil-neoforge-1.21.1-4.0.0.jar" [parent: sable-neoforge-1.21.1-1.2.2 (1).jar, locator: jarinjar, reader: mod manifest]
[06окт.2026 19:27:41.279] [main/INFO] [net.neoforged.fml.loading.moddiscovery.ModDiscoverer/SCAN]: Found mod file "dev.simulated_team.simulated.simulated-neoforge-1.21.1-1.2.1.jar" [parent: create-aeronautics-bundled-1.21.1-1.2.1 (1).jar, locator: jarinjar, reader: mod manifest]
[06окт.2026 19:27:41.279] [main/INFO] [net.neoforged.fml.loading.moddiscovery.ModDiscoverer/SCAN]: Found mod file "sable-companion-common-1.21.1-1.6.0.jar" [parent: sable-neoforge-1.21.1-1.2.2 (1).jar, locator: jarinjar, reader: mod manifest]
[06окт.2026 19:27:41.279] [main/INFO] [net.neoforged.fml.loading.moddiscovery.ModDiscoverer/SCAN]: Found mod file "flywheel-neoforge-1.21.1-1.0.6.jar" [parent: create-1.21.1-6.0.10 (1).jar, locator: jarinjar, reader: mod manifest]
[06окт.2026 19:27:41.279] [main/INFO] [net.neoforged.fml.loading.moddiscovery.ModDiscoverer/SCAN]: Found library file "glsl-processor-0.2.3.jar" [parent: veil-neoforge-1.21.1-4.0.0.jar, locator: jarinjar]
[06окт.2026 19:27:41.280] [main/INFO] [net.neoforged.fml.loading.moddiscovery.ModDiscoverer/SCAN]: Found mod file "dev.ryanhcode.offroad.offroad-neoforge-1.21.1-1.2.1.jar" [parent: create-aeronautics-bundled-1.21.1-1.2.1 (1).jar, locator: jarinjar, reader: mod manifest]
[06окт.2026 19:27:41.280] [main/INFO] [net.neoforged.fml.loading.moddiscovery.ModDiscoverer/SCAN]: Found library file "net.neoforged.neoforge-coremods-21.1.227.jar" [parent: neoforge-21.1.227.jar, locator: jarinjar, reader: mod manifest]
[06окт.2026 19:27:41.280] [main/INFO] [net.neoforged.fml.loading.moddiscovery.ModDiscoverer/]: 
     Mod List:
		Name Version (Mod Id)

		Create 6.0.10 (create)
		Create Aeronautics 1.2.1 (aeronautics)
		Create Aeronautics 1.2.1 (aeronautics_bundled)
		Create Diesel Generators 1.21.1-1.3.13 (createdieselgenerators)
		Create Offroad 1.2.1 (offroad)
		Create Simulated 1.2.1 (simulated)
		Create: Additional Energy Sources 1.0.0 (create_additional_energy_sourses)
		Flywheel 1.0.6 (flywheel)
		Just Enough Items 19.27.0.340 (jei)
		Minecraft 1.21.1 (minecraft)
		NeoForge 21.1.227 (neoforge)
		Ponder 1.0.82+mc1.21.1 (ponder)
		Sable 1.2.2 (sable)
		Sable Companion 1.6.0 (sablecompanion)
		Veil 4.0.0 (veil)
[06окт.2026 19:27:41.678] [main/INFO] [mixin/]: Compatibility level set to JAVA_21
[06окт.2026 19:27:41.706] [main/INFO] [cpw.mods.modlauncher.LaunchServiceHandler/MODLAUNCHER]: Launching target 'forgeclientdev' with arguments [--version, 21.1.227, --gameDir, ., --assetsDir, /home/admin/.gradle/caches/minecraft/assets, --assetIndex, asset-index]
[06окт.2026 19:27:41.743] [main/WARN] [mixin/]: Reference map 'veil.refmap.json' for veil.command.mixins.json could not be read. If this is a development environment you can ignore this message
[06окт.2026 19:27:41.744] [main/WARN] [mixin/]: Reference map 'veil.refmap.json' for veil.debug.mixins.json could not be read. If this is a development environment you can ignore this message
[06окт.2026 19:27:41.744] [main/WARN] [mixin/]: Reference map 'veil.refmap.json' for veil.dynamicbuffer.mixins.json could not be read. If this is a development environment you can ignore this message
[06окт.2026 19:27:41.744] [main/WARN] [mixin/]: Reference map 'veil.refmap.json' for veil.fix.mixins.json could not be read. If this is a development environment you can ignore this message
[06окт.2026 19:27:41.744] [main/WARN] [mixin/]: Reference map 'veil.refmap.json' for veil.framebuffer.mixins.json could not be read. If this is a development environment you can ignore this message
[06окт.2026 19:27:41.745] [main/WARN] [mixin/]: Reference map 'veil.refmap.json' for veil.necromancer.mixins.json could not be read. If this is a development environment you can ignore this message
[06окт.2026 19:27:41.745] [main/WARN] [mixin/]: Reference map 'veil.refmap.json' for veil.network.mixins.json could not be read. If this is a development environment you can ignore this message
[06окт.2026 19:27:41.745] [main/WARN] [mixin/]: Reference map 'veil.refmap.json' for veil.performance.mixins.json could not be read. If this is a development environment you can ignore this message
[06окт.2026 19:27:41.745] [main/WARN] [mixin/]: Reference map 'veil.refmap.json' for veil.perspective.mixins.json could not be read. If this is a development environment you can ignore this message
[06окт.2026 19:27:41.746] [main/WARN] [mixin/]: Reference map 'veil.refmap.json' for veil.pipeline.mixins.json could not be read. If this is a development environment you can ignore this message
[06окт.2026 19:27:41.746] [main/WARN] [mixin/]: Reference map 'veil.refmap.json' for veil.quasar.mixins.json could not be read. If this is a development environment you can ignore this message
[06окт.2026 19:27:41.746] [main/WARN] [mixin/]: Reference map 'veil.refmap.json' for veil.registry.mixins.json could not be read. If this is a development environment you can ignore this message
[06окт.2026 19:27:41.746] [main/WARN] [mixin/]: Reference map 'veil.refmap.json' for veil.rendertype.mixins.json could not be read. If this is a development environment you can ignore this message
[06окт.2026 19:27:41.747] [main/WARN] [mixin/]: Reference map 'veil.refmap.json' for veil.resource.mixins.json could not be read. If this is a development environment you can ignore this message
[06окт.2026 19:27:41.747] [main/WARN] [mixin/]: Reference map 'veil.refmap.json' for veil.scheduler.mixins.json could not be read. If this is a development environment you can ignore this message
[06окт.2026 19:27:41.747] [main/WARN] [mixin/]: Reference map 'veil.refmap.json' for veil.shader.mixins.json could not be read. If this is a development environment you can ignore this message
[06окт.2026 19:27:41.747] [main/WARN] [mixin/]: Reference map 'veil.refmap.json' for veil.neoforge.mixins.json could not be read. If this is a development environment you can ignore this message
[06окт.2026 19:27:41.747] [main/WARN] [mixin/]: Reference map 'simulated.refmap.json' for simulated.mixins.json could not be read. If this is a development environment you can ignore this message
[06окт.2026 19:27:41.748] [main/WARN] [mixin/]: Reference map 'createdieselgenerators.refmap.json' for createdieselgenerators.mixins.json could not be read. If this is a development environment you can ignore this message
[06окт.2026 19:27:41.750] [main/WARN] [mixin/]: Reference map 'aeronautics.refmap.json' for aeronautics.mixins.json could not be read. If this is a development environment you can ignore this message
[06окт.2026 19:27:41.755] [main/WARN] [mixin/]: Reference map 'ponder.refmap.json' for ponder-common.mixins.json could not be read. If this is a development environment you can ignore this message
[06окт.2026 19:27:41.760] [main/INFO] [dev.ryanhcode.sable.mixin.AbstractSableMixinPlugin/]: Using Vanilla renderer mixins
[06окт.2026 19:27:41.761] [main/INFO] [dev.ryanhcode.sable.mixin.AbstractSableMixinPlugin/]: Using Vanilla renderer mixins
[06окт.2026 19:27:41.761] [main/WARN] [mixin/]: Reference map 'offroad.refmap.json' for offroad.mixins.json could not be read. If this is a development environment you can ignore this message
[06окт.2026 19:27:42.117] [main/WARN] [mixin/]: Error loading class: net/irisshaders/iris/pipeline/PipelineManager (java.lang.ClassNotFoundException: net.irisshaders.iris.pipeline.PipelineManager)
[06окт.2026 19:27:42.117] [main/WARN] [mixin/]: @Mixin target net.irisshaders.iris.pipeline.PipelineManager was not found veil.neoforge.mixins.json:client.perspective.iris.PipelineManagerMixin from mod veil
[06окт.2026 19:27:42.793] [main/INFO] [MixinExtras|Service/]: Initializing MixinExtras via com.llamalad7.mixinextras.service.MixinExtrasServiceImpl(version=0.5.3).
[06окт.2026 19:27:43.734] [Datafixer Bootstrap/INFO] [com.mojang.datafixers.DataFixerBuilder/]: 229 Datafixer optimizations took 167 milliseconds
[06окт.2026 19:27:46.801] [main/WARN] [net.minecraft.commands.Commands/]: Ambiguity between arguments [teleport, location] and [teleport, destination] with inputs: [0.1 -0.5 .9, 0 0 0]
[06окт.2026 19:27:46.802] [main/WARN] [net.minecraft.commands.Commands/]: Ambiguity between arguments [teleport, location] and [teleport, targets] with inputs: [0.1 -0.5 .9, 0 0 0]
[06окт.2026 19:27:46.804] [main/WARN] [net.minecraft.commands.Commands/]: Ambiguity between arguments [teleport, destination] and [teleport, targets] with inputs: [Player, 0123, @e, dd12be42-52a9-4a91-a8a1-11c01849e498]
[06окт.2026 19:27:46.804] [main/WARN] [net.minecraft.commands.Commands/]: Ambiguity between arguments [teleport, targets] and [teleport, destination] with inputs: [Player, 0123, dd12be42-52a9-4a91-a8a1-11c01849e498]
[06окт.2026 19:27:46.805] [main/WARN] [net.minecraft.commands.Commands/]: Ambiguity between arguments [teleport, targets, location] and [teleport, targets, destination] with inputs: [0.1 -0.5 .9, 0 0 0]
[06окт.2026 19:27:46.913] [Render thread/WARN] [net.minecraft.server.packs.VanillaPackResourcesBuilder/]: Assets URL 'union:/home/admin/Projects/Project_javaMod/create_AES/.gradle/repositories/ng_dummy_ng/net/neoforged/neoforge/21.1.227/neoforge-21.1.227.jar%23189!/assets/.mcassetsroot' uses unexpected schema
[06окт.2026 19:27:46.913] [Render thread/WARN] [net.minecraft.server.packs.VanillaPackResourcesBuilder/]: Assets URL 'union:/home/admin/Projects/Project_javaMod/create_AES/.gradle/repositories/ng_dummy_ng/net/neoforged/neoforge/21.1.227/neoforge-21.1.227.jar%23189!/data/.mcassetsroot' uses unexpected schema
[06окт.2026 19:27:46.926] [Render thread/INFO] [com.mojang.authlib.yggdrasil.YggdrasilAuthenticationService/]: Environment: Environment[sessionHost=https://sessionserver.mojang.com, servicesHost=https://api.minecraftservices.com, name=PROD]
[06окт.2026 19:27:46.931] [Render thread/INFO] [net.minecraft.client.Minecraft/]: Setting user: Dev
[06окт.2026 19:27:46.989] [Render thread/INFO] [net.minecraft.client.Minecraft/]: Backend library: LWJGL version 3.3.3+5
[06окт.2026 19:27:47.282] [modloading-worker-0/INFO] [Veil/]: Veil is initializing.
[06окт.2026 19:27:47.324] [modloading-worker-0/INFO] [net.neoforged.neoforge.common.NeoForgeMod/NEOFORGE-MOD]: NeoForge mod loading, version 21.1.227, for MC 1.21.1
[06окт.2026 19:27:47.388] [modloading-worker-0/INFO] [com.simibubi.create.Create/]: Create 6.0.10 initializing! Commit hash: ac0c444d9828da3453ae8cc65338e8de063286fb
[06окт.2026 19:27:47.552] [modloading-worker-0/INFO] [mezz.jei.library.load.PluginCaller/]: Sending ConfigManager...
[06окт.2026 19:27:47.556] [modloading-worker-0/INFO] [mezz.jei.library.load.PluginCaller/]: Sending ConfigManager took 2.259 milliseconds
[06окт.2026 19:27:48.633] [modloading-worker-0/INFO] [dev.ryanhcode.sable.Sable/]: Sable loaded!
[06окт.2026 19:27:48.641] [modloading-worker-0/WARN] [dev.ryanhcode.sable.Sable/]: NOTE: Sable is loaded with Flywheel. Sable contains extensive shader overrides and a full light-storage replacement. Expect this to cause compatibility issues. If issues arise, please report them to the Sable issue tracker (https://github.com/ryanhcode/sable/issues) instead of the Flywheel issue tracker.
[06окт.2026 19:27:49.890] [Render thread/INFO] [Veil/]: GL Debug supported
[06окт.2026 19:27:50.042] [Render thread/INFO] [net.neoforged.neoforge.gametest.GameTestHooks/]: Enabled Gametest Namespaces: []
[06окт.2026 19:27:50.224] [Render thread/ERROR] [com.mojang.text2speech.Narrator/]: Error while loading the narrator
com.mojang.text2speech.Narrator$InitializeException: Failed to load library flite
	at MC-BOOTSTRAP/text2speech@1.17.9/com.mojang.text2speech.NarratorLinux$FliteLibrary.loadNative(NarratorLinux.java:69) ~[text2speech-1.17.9.jar%23114!/:?]
	at MC-BOOTSTRAP/text2speech@1.17.9/com.mojang.text2speech.NarratorLinux.<init>(NarratorLinux.java:18) ~[text2speech-1.17.9.jar%23114!/:?]
	at MC-BOOTSTRAP/text2speech@1.17.9/com.mojang.text2speech.Narrator.getNarrator(Narrator.java:41) ~[text2speech-1.17.9.jar%23114!/:?]
	at TRANSFORMER/minecraft@1.21.1/net.minecraft.client.GameNarrator.<init>(GameNarrator.java:21) ~[neoforge-21.1.227.jar%23189!/:?]
	at TRANSFORMER/minecraft@1.21.1/net.minecraft.client.Minecraft.<init>(Minecraft.java:609) ~[neoforge-21.1.227.jar%23189!/:?]
	at TRANSFORMER/minecraft@1.21.1/net.minecraft.client.main.Main.main(Main.java:214) ~[neoforge-21.1.227.jar%23189!/:?]
	at java.base/jdk.internal.reflect.DirectMethodHandleAccessor.invoke(DirectMethodHandleAccessor.java:103) ~[?:?]
	at java.base/java.lang.reflect.Method.invoke(Method.java:580) ~[?:?]
	at MC-BOOTSTRAP/fml_loader@4.0.42/net.neoforged.fml.loading.targets.CommonLaunchHandler.runTarget(CommonLaunchHandler.java:136) ~[loader-4.0.42.jar%23138!/:4.0]
	at MC-BOOTSTRAP/fml_loader@4.0.42/net.neoforged.fml.loading.targets.CommonLaunchHandler.clientService(CommonLaunchHandler.java:124) ~[loader-4.0.42.jar%23138!/:4.0]
	at MC-BOOTSTRAP/fml_loader@4.0.42/net.neoforged.fml.loading.targets.NeoForgeClientDevLaunchHandler.runService(NeoForgeClientDevLaunchHandler.java:23) ~[loader-4.0.42.jar%23138!/:4.0]
	at MC-BOOTSTRAP/fml_loader@4.0.42/net.neoforged.fml.loading.targets.CommonLaunchHandler.lambda$launchService$4(CommonLaunchHandler.java:118) ~[loader-4.0.42.jar%23138!/:4.0]
	at MC-BOOTSTRAP/cpw.mods.modlauncher@11.0.5/cpw.mods.modlauncher.LaunchServiceHandlerDecorator.launch(LaunchServiceHandlerDecorator.java:30) [modlauncher-11.0.5.jar%23118!/:?]
	at MC-BOOTSTRAP/cpw.mods.modlauncher@11.0.5/cpw.mods.modlauncher.LaunchServiceHandler.launch(LaunchServiceHandler.java:53) [modlauncher-11.0.5.jar%23118!/:?]
	at MC-BOOTSTRAP/cpw.mods.modlauncher@11.0.5/cpw.mods.modlauncher.LaunchServiceHandler.launch(LaunchServiceHandler.java:71) [modlauncher-11.0.5.jar%23118!/:?]
	at MC-BOOTSTRAP/cpw.mods.modlauncher@11.0.5/cpw.mods.modlauncher.Launcher.run(Launcher.java:103) [modlauncher-11.0.5.jar%23118!/:?]
	at MC-BOOTSTRAP/cpw.mods.modlauncher@11.0.5/cpw.mods.modlauncher.Launcher.main(Launcher.java:74) [modlauncher-11.0.5.jar%23118!/:?]
	at MC-BOOTSTRAP/cpw.mods.modlauncher@11.0.5/cpw.mods.modlauncher.BootstrapLaunchConsumer.accept(BootstrapLaunchConsumer.java:26) [modlauncher-11.0.5.jar%23118!/:?]
	at MC-BOOTSTRAP/cpw.mods.modlauncher@11.0.5/cpw.mods.modlauncher.BootstrapLaunchConsumer.accept(BootstrapLaunchConsumer.java:23) [modlauncher-11.0.5.jar%23118!/:?]
	at cpw.mods.bootstraplauncher@2.0.2/cpw.mods.bootstraplauncher.BootstrapLauncher.run(BootstrapLauncher.java:210) [bootstraplauncher-2.0.2.jar:?]
	at cpw.mods.bootstraplauncher@2.0.2/cpw.mods.bootstraplauncher.BootstrapLauncher.main(BootstrapLauncher.java:69) [bootstraplauncher-2.0.2.jar:?]
Caused by: java.lang.UnsatisfiedLinkError: Unable to load library 'flite':
libflite.so: невозможно открыть разделяемый объектный файл: Нет такого файла или каталога
libflite.so: невозможно открыть разделяемый объектный файл: Нет такого файла или каталога
Native library (linux-x86-64/libflite.so) not found in resource path (/home/admin/Projects/Project_javaMod/create_AES/build/classes/java/main:/home/admin/Projects/Project_javaMod/create_AES/build/resources/main:/home/admin/Projects/Project_javaMod/create_AES/libs/ponder-neoforge-1.0.82+mc1.21.1.jar:/home/admin/Projects/Project_javaMod/create_AES/libs/create-1.21.1-6.0.10 (1).jar:/home/admin/Projects/Project_javaMod/create_AES/libs/createdieselgenerators-1.21.1-1.3.13.jar:/home/admin/Projects/Project_javaMod/create_AES/libs/sable-neoforge-1.21.1-1.2.2 (1).jar:/home/admin/Projects/Project_javaMod/create_AES/libs/create-aeronautics-bundled-1.21.1-1.2.1 (1).jar:/home/admin/Projects/Project_javaMod/create_AES/.gradle/repositories/ng_dummy_ng/net/neoforged/neoforge/21.1.227/neoforge-21.1.227.jar:/home/admin/.gradle/caches/modules-2/files-2.1/com.github.oshi/oshi-core/6.4.10/b1d8ab82d11d92fd639b56d639f8f46f739dd5fa/oshi-core-6.4.10.jar:/home/admin/.gradle/caches/modules-2/files-2.1/com.mojang/authlib/6.0.54/de8bc95660e1b2fe8793fd427a7a10dcec5b3ea7/authlib-6.0.54.jar:/home/admin/.gradle/caches/modules-2/files-2.1/com.mojang/datafixerupper/8.0.16/67d4de6d7f95d89bcf5862995fb854ebaec02a34/datafixerupper-8.0.16.jar:/home/admin/.gradle/caches/modules-2/files-2.1/net.neoforged.fancymodloader/earlydisplay/4.0.42/46555dbfff14e9e052f1f693aed14d542a74e111/earlydisplay-4.0.42.jar:/home/admin/.gradle/caches/modules-2/files-2.1/net.neoforged.fancymodloader/loader/4.0.42/76e15f98bf676fb44b36c5e776f52a55581ec43a/loader-4.0.42.jar:/home/admin/.gradle/caches/modules-2/files-2.1/net.neoforged/JarJarSelector/0.4.1/fb3cc7a58af22ad2880adb98af6d518128c47dae/JarJarSelector-0.4.1.jar:/home/admin/.gradle/caches/modules-2/files-2.1/net.neoforged/JarJarMetadata/0.4.1/f8da03683dc81694556dc3e177c5e3bb77ae6fcb/JarJarMetadata-0.4.1.jar:/home/admin/.gradle/caches/modules-2/files-2.1/net.fabricmc/sponge-mixin/0.15.2+mixin.0.8.7/2af2f021d8e02a0220dc27a7a72b4666d66d44ca/sponge-mixin-0.15.2+mixin.0.8.7.jar:/home/admin/.gradle/caches/modules-2/files-2.1/com.google.code.gson/gson/2.10.1/b3add478d4382b78ea20b1671390a858002feb6c/gson-2.10.1.jar:/home/admin/.gradle/caches/modules-2/files-2.1/com.mojang/patchy/2.2.10/da05971b07cbb379d002cf7eaec6a2048211fefc/patchy-2.2.10.jar:/home/admin/.gradle/caches/modules-2/files-2.1/com.mojang/text2speech/1.17.9/3cad216e3a7f0c19b4b394388bc9ffc446f13b14/text2speech-1.17.9.jar:/home/admin/.gradle/caches/modules-2/files-2.1/com.google.guava/guava/32.1.2-jre/5e64ec7e056456bef3a4bc4c6fdaef71e8ab6318/guava-32.1.2-jre.jar:/home/admin/.gradle/caches/modules-2/files-2.1/com.google.guava/failureaccess/1.0.1/1dcf1de382a0bf95a3d8b0849546c88bac1292c9/failureaccess-1.0.1.jar:/home/admin/.gradle/caches/modules-2/files-2.1/com.ibm.icu/icu4j/73.2/61ad4ef7f9131fcf6d25c34b817f90d6da06c9e9/icu4j-73.2.jar:/home/admin/.gradle/caches/modules-2/files-2.1/com.mojang/blocklist/1.0.10/5c685c5ffa94c4cd39496c7184c1d122e515ecef/blocklist-1.0.10.jar:/home/admin/.gradle/caches/modules-2/files-2.1/com.mojang/brigadier/1.3.10/d15b53a14cf20fdcaa98f731af5dda654452c010/brigadier-1.3.10.jar:/home/admin/.gradle/caches/modules-2/files-2.1/com.mojang/logging/1.2.7/24cb95ffb0e3433fd6e844c04e68009e504ca1c0/logging-1.2.7.jar:/home/admin/.gradle/caches/modules-2/files-2.1/org.apache.httpcomponents/httpclient/4.5.13/e5f6cae5ca7ecaac1ec2827a9e2d65ae2869cada/httpclient-4.5.13.jar:/home/admin/.gradle/caches/modules-2/files-2.1/commons-codec/commons-codec/1.16.0/4e3eb3d79888d76b54e28b350915b5dc3919c9de/commons-codec-1.16.0.jar:/home/admin/.gradle/caches/modules-2/files-2.1/org.apache.commons/commons-compress/1.26.0/659feffdd12280201c8aacb8f7be94f9a883c824/commons-compress-1.26.0.jar:/home/admin/.gradle/caches/modules-2/files-2.1/commons-io/commons-io/2.15.1/f11560da189ab563a5c8e351941415430e9304ea/commons-io-2.15.1.jar:/home/admin/.gradle/caches/modules-2/files-2.1/commons-logging/commons-logging/1.2/4bfc12adfe4842bf07b657f0369c4cb522955686/commons-logging-1.2.jar:/home/admin/.gradle/caches/modules-2/files-2.1/io.netty/netty-handler/4.1.97.Final/abb86c6906bf512bf2b797a41cd7d2e8d3cd7c36/netty-handler-4.1.97.Final.jar:/home/admin/.gradle/caches/modules-2/files-2.1/io.netty/netty-codec/4.1.97.Final/384ba4d75670befbedb45c4d3b497a93639c206d/netty-codec-4.1.97.Final.jar:/home/admin/.gradle/caches/modules-2/files-2.1/io.netty/netty-transport-native-epoll/4.1.97.Final/5514744c588190ffda076b35a9b8c9f24946a960/netty-transport-native-epoll-4.1.97.Final-linux-aarch_64.jar:/home/admin/.gradle/caches/modules-2/files-2.1/io.netty/netty-transport-native-epoll/4.1.97.Final/54188f271e388e7f313aea995e82f58ce2cdb809/netty-transport-native-epoll-4.1.97.Final-linux-x86_64.jar:/home/admin/.gradle/caches/modules-2/files-2.1/io.netty/netty-transport-classes-epoll/4.1.97.Final/795da37ded759e862457a82d9d92c4d39ce8ecee/netty-transport-classes-epoll-4.1.97.Final.jar:/home/admin/.gradle/caches/modules-2/files-2.1/io.netty/netty-transport-native-unix-common/4.1.97.Final/d469d84265ab70095b01b40886cabdd433b6e664/netty-transport-native-unix-common-4.1.97.Final.jar:/home/admin/.gradle/caches/modules-2/files-2.1/io.netty/netty-transport/4.1.97.Final/f37380d23c9bb079bc702910833b2fd532c9abd0/netty-transport-4.1.97.Final.jar:/home/admin/.gradle/caches/modules-2/files-2.1/io.netty/netty-buffer/4.1.97.Final/f8f3d8644afa5e6e1a40a3a6aeb9d9aa970ecb4f/netty-buffer-4.1.97.Final.jar:/home/admin/.gradle/caches/modules-2/files-2.1/io.netty/netty-resolver/4.1.97.Final/cec8348108dc76c47cf87c669d514be52c922144/netty-resolver-4.1.97.Final.jar:/home/admin/.gradle/caches/modules-2/files-2.1/io.netty/netty-common/4.1.97.Final/7cceacaf11df8dc63f23d0fb58e9d4640fc88404/netty-common-4.1.97.Final.jar:/home/admin/.gradle/caches/modules-2/files-2.1/it.unimi.dsi/fastutil/8.5.12/c24946d46824bd528054bface3231d2ecb7e95e8/fastutil-8.5.12.jar:/home/admin/.gradle/caches/modules-2/files-2.1/net.java.dev.jna/jna-platform/5.14.0/28934d48aed814f11e4c584da55c49fa7032b31b/jna-platform-5.14.0.jar:/home/admin/.gradle/caches/modules-2/files-2.1/ca.weblite/java-objc-bridge/1.1/1227f9e0666314f9de41477e3ec277e542ed7f7b/java-objc-bridge-1.1.jar:/home/admin/.gradle/caches/modules-2/files-2.1/net.java.dev.jna/jna/5.14.0/67bf3eaea4f0718cb376a181a629e5f88fa1c9dd/jna-5.14.0.jar:/home/admin/.gradle/caches/modules-2/files-2.1/net.neoforged/mergetool/2.0.3/1275202cbbb248f49345cf6787ce299afd9a02fb/mergetool-2.0.3-api.jar:/home/admin/.gradle/caches/modules-2/files-2.1/net.neoforged.accesstransformers/at-modlauncher/10.0.1/5aba50202aceead086bc09fbc2751c9f05cb4890/at-modlauncher-10.0.1.jar:/home/admin/.gradle/caches/modules-2/files-2.1/net.neoforged/coremods/7.0.3/9147e6f638b4272b3bd5fc8f92ad37802512c6c/coremods-7.0.3.jar:/home/admin/.gradle/caches/modules-2/files-2.1/cpw.mods/modlauncher/11.0.5/b8f0d49294f733fdb6173931b263553e943dc950/modlauncher-11.0.5.jar:/home/admin/.gradle/caches/modules-2/files-2.1/net.sf.jopt-simple/jopt-simple/5.0.4/4fdac2fbe92dfad86aa6e9301736f6b4342a3f5c/jopt-simple-5.0.4.jar:/home/admin/.gradle/caches/modules-2/files-2.1/org.apache.maven/maven-artifact/3.8.5/4433f50c07debefaed0553bd0068f4f48d449313/maven-artifact-3.8.5.jar:/home/admin/.gradle/caches/modules-2/files-2.1/org.apache.commons/commons-lang3/3.14.0/1ed471194b02f2c6cb734a0cd6f6f107c673afae/commons-lang3-3.14.0.jar:/home/admin/.gradle/caches/modules-2/files-2.1/org.apache.httpcomponents/httpcore/4.4.16/51cf043c87253c9f58b539c9f7e44c8894223850/httpcore-4.4.16.jar:/home/admin/.gradle/caches/modules-2/files-2.1/org.apache.logging.log4j/log4j-slf4j2-impl/2.22.1/d7e6693c2606cb7e7335047d7bb96dec52db5665/log4j-slf4j2-impl-2.22.1.jar:/home/admin/.gradle/caches/modules-2/files-2.1/net.minecrell/terminalconsoleappender/1.3.0/b562e9bb61235c9520e26282cdee71f8f802d1fc/terminalconsoleappender-1.3.0.jar:/home/admin/.gradle/caches/modules-2/files-2.1/org.apache.logging.log4j/log4j-core/2.22.1/7183a25510a02ad00cc6a95d3b3d2a7d3c5a8dc4/log4j-core-2.22.1.jar:/home/admin/.gradle/caches/modules-2/files-2.1/net.neoforged/bus/8.0.5/5b2d33285ab5d1554e9798ad98c40d6ea3868bd5/bus-8.0.5.jar:/home/admin/.gradle/caches/modules-2/files-2.1/org.apache.logging.log4j/log4j-api/2.22.1/bea6fede6328fabafd7e68363161a7ea6605abd1/log4j-api-2.22.1.jar:/home/admin/.gradle/caches/modules-2/files-2.1/org.jcraft/jorbis/0.0.17/8872d22b293e8f5d7d56ff92be966e6dc28ebdc6/jorbis-0.0.17.jar:/home/admin/.gradle/caches/modules-2/files-2.1/org.joml/joml/1.10.5/22566d58af70ad3d72308bab63b8339906deb649/joml-1.10.5.jar:/home/admin/.gradle/caches/modules-2/files-2.1/org.lwjgl/lwjgl-freetype/3.3.3/a0db6c84a8becc8ca05f9dbfa985edc348a824c7/lwjgl-freetype-3.3.3.jar:/home/admin/.gradle/caches/modules-2/files-2.1/org.lwjgl/lwjgl-freetype/3.3.3/149070a5480900347071b7074779531f25a6e3dc/lwjgl-freetype-3.3.3-natives-linux.jar:/home/admin/.gradle/caches/modules-2/files-2.1/org.lwjgl/lwjgl-glfw/3.3.3/efa1eb78c5ccd840e9f329717109b5e892d72f8e/lwjgl-glfw-3.3.3.jar:/home/admin/.gradle/caches/modules-2/files-2.1/org.lwjgl/lwjgl-glfw/3.3.3/a03684c5e4b1b1dbbe0d29dbbdc27b985b6840f2/lwjgl-glfw-3.3.3-natives-linux.jar:/home/admin/.gradle/caches/modules-2/files-2.1/org.lwjgl/lwjgl-jemalloc/3.3.3/b543467b7ff3c6920539a88ee602d34098628be5/lwjgl-jemalloc-3.3.3.jar:/home/admin/.gradle/caches/modules-2/files-2.1/org.lwjgl/lwjgl-jemalloc/3.3.3/4f86728bf449b1dd61251c4e0ac01df1389cb51e/lwjgl-jemalloc-3.3.3-natives-linux.jar:/home/admin/.gradle/caches/modules-2/files-2.1/org.lwjgl/lwjgl-openal/3.3.3/daada81ceb5fc0c291fbfdd4433cb8d9423577f2/lwjgl-openal-3.3.3.jar:/home/admin/.gradle/caches/modules-2/files-2.1/org.lwjgl/lwjgl-openal/3.3.3/3037360cc4595079bea240af250b6d1a527e0905/lwjgl-openal-3.3.3-natives-linux.jar:/home/admin/.gradle/caches/modules-2/files-2.1/org.lwjgl/lwjgl-opengl/3.3.3/2f6b0147078396a58979125a4c947664e98293a/lwjgl-opengl-3.3.3.jar:/home/admin/.gradle/caches/modules-2/files-2.1/org.lwjgl/lwjgl-opengl/3.3.3/62c70a4b00ca5391882b0f4b787c1588d24f1c86/lwjgl-opengl-3.3.3-natives-linux.jar:/home/admin/.gradle/caches/modules-2/files-2.1/org.lwjgl/lwjgl-stb/3.3.3/25dd6161988d7e65f71d5065c99902402ee32746/lwjgl-stb-3.3.3.jar:/home/admin/.gradle/caches/modules-2/files-2.1/org.lwjgl/lwjgl-stb/3.3.3/fd1271ccd9d85eff2fa31f3fd543e02ccfaf5041/lwjgl-stb-3.3.3-natives-linux.jar:/home/admin/.gradle/caches/modules-2/files-2.1/org.lwjgl/lwjgl-tinyfd/3.3.3/82d755ca94b102e9ca77283b9e2dc46d1b15fbe5/lwjgl-tinyfd-3.3.3.jar:/home/admin/.gradle/caches/modules-2/files-2.1/org.lwjgl/lwjgl-tinyfd/3.3.3/d8d58daa0c3e5fd906fee96f5fddbcbc07cc308b/lwjgl-tinyfd-3.3.3-natives-linux.jar:/home/admin/.gradle/caches/modules-2/files-2.1/org.lwjgl/lwjgl/3.3.3/29589b5f87ed335a6c7e7ee6a5775f81f97ecb84/lwjgl-3.3.3.jar:/home/admin/.gradle/caches/modules-2/files-2.1/org.lwjgl/lwjgl/3.3.3/1713758e3660ba66e1e954396fd18126038b33c0/lwjgl-3.3.3-natives-linux.jar:/home/admin/.gradle/caches/modules-2/files-2.1/org.lz4/lz4-java/1.8.0/4b986a99445e49ea5fbf5d149c4b63f6ed6c6780/lz4-java-1.8.0.jar:/home/admin/.gradle/caches/modules-2/files-2.1/net.neoforged/accesstransformers/10.0.1/fd83b5725f76eae9115e9355fa1c456a6a441400/accesstransformers-10.0.1.jar:/home/admin/.gradle/caches/modules-2/files-2.1/com.machinezoo.noexception/noexception/1.7.1/b65330c98e38a1f915fa54a6e5eca496505e3f0a/noexception-1.7.1.jar:/home/admin/.gradle/caches/modules-2/files-2.1/org.slf4j/slf4j-api/2.0.9/7cf2726fdcfbc8610f9a71fb3ed639871f315340/slf4j-api-2.0.9.jar:/home/admin/.gradle/caches/modules-2/files-2.1/com.google.code.findbugs/jsr305/3.0.2/25ea2e8b0c338a877313bd4672d3fe056ea78f0d/jsr305-3.0.2.jar:/home/admin/.gradle/caches/modules-2/files-2.1/org.jetbrains/annotations/24.1.0/7af6a669488450c4a07c2c3254e2151df42d7d04/annotations-24.1.0.jar:/home/admin/.gradle/caches/modules-2/files-2.1/com.electronwill.night-config/toml/3.8.3/90b2fd6efcb4a7d5b9810cf78f9d824994d717f2/toml-3.8.3.jar:/home/admin/.gradle/caches/modules-2/files-2.1/com.electronwill.night-config/core/3.8.3/b442a95f09e349927f5a945ecb594455870fcf4f/core-3.8.3.jar:/home/admin/.gradle/caches/modules-2/files-2.1/net.jodah/typetools/0.6.3/a01aaa6ddaea9ec07ec4f209487b7a46a526283a/typetools-0.6.3.jar:/home/admin/.gradle/caches/modules-2/files-2.1/org.openjdk.nashorn/nashorn-core/15.4/f67f5ffaa5f5130cf6fb9b133da00c7df3b532a5/nashorn-core-15.4.jar:/home/admin/.gradle/caches/modules-2/files-2.1/cpw.mods/bootstraplauncher/2.0.2/1a2d076cbc33b0520cbacd591224427b2a20047d/bootstraplauncher-2.0.2.jar:/home/admin/.gradle/caches/modules-2/files-2.1/cpw.mods/securejarhandler/3.0.8/c0ef95cecd8699a0449053ac7d9c160748d902cd/securejarhandler-3.0.8.jar:/home/admin/.gradle/caches/modules-2/files-2.1/org.ow2.asm/asm-commons/9.8/36e4d212970388e5bd2c5180292012502df461bb/asm-commons-9.8.jar:/home/admin/.gradle/caches/modules-2/files-2.1/org.ow2.asm/asm-util/9.8/395f1c1f035258511f27bc9b2583d76e4b143f59/asm-util-9.8.jar:/home/admin/.gradle/caches/modules-2/files-2.1/org.ow2.asm/asm-analysis/9.8/b9747a320844b6cb1eacd90d8ecfd260a16c01d3/asm-analysis-9.8.jar:/home/admin/.gradle/caches/modules-2/files-2.1/org.ow2.asm/asm-tree/9.8/18419ca5b77a2f81097c741e7872e6ab8d2f40d/asm-tree-9.8.jar:/home/admin/.gradle/caches/modules-2/files-2.1/org.ow2.asm/asm/9.8/dc19ecb3f7889b7860697215cae99c0f9b6f6b4b/asm-9.8.jar:/home/admin/.gradle/caches/modules-2/files-2.1/net.neoforged/JarJarFileSystems/0.4.1/78f59f89defcd032ed788b151ca6a0d40ace796a/JarJarFileSystems-0.4.1.jar:/home/admin/.gradle/caches/modules-2/files-2.1/io.github.llamalad7/mixinextras-neoforge/0.5.3/a0919957808de97707c5fb4ce073e66aeef3e187/mixinextras-neoforge-0.5.3.jar:/home/admin/.gradle/caches/modules-2/files-2.1/org.antlr/antlr4-runtime/4.13.1/17125bae1d965624e265ef49552f6465a2bfa307/antlr4-runtime-4.13.1.jar:/home/admin/.gradle/caches/modules-2/files-2.1/org.jline/jline-reader/3.20.0/8f15415b022a25b473e8e16c28ae913186ffb9c4/jline-reader-3.20.0.jar:/home/admin/.gradle/caches/modules-2/files-2.1/org.jline/jline-terminal/3.20.0/d0ddcc708ddf527a3454c941b7b9225cc83a15ff/jline-terminal-3.20.0.jar:/home/admin/.gradle/caches/modules-2/files-2.1/net.minecraftforge/srgutils/0.4.15/ca408b131759478f164e010fae0d73997e125fb5/srgutils-0.4.15.jar:/home/admin/.gradle/caches/modules-2/files-2.1/com.google.guava/listenablefuture/9999.0-empty-to-avoid-conflict-with-guava/b421526c5f297295adef1c886e5246c39d4ac629/listenablefuture-9999.0-empty-to-avoid-conflict-with-guava.jar:/home/admin/.gradle/caches/modules-2/files-2.1/org.checkerframework/checker-qual/3.33.0/de2b60b62da487644fc11f734e73c8b0b431238f/checker-qual-3.33.0.jar:/home/admin/.gradle/caches/modules-2/files-2.1/com.google.errorprone/error_prone_annotations/2.18.0/89b684257096f548fa39a7df9fdaa409d4d4df91/error_prone_annotations-2.18.0.jar:/home/admin/.gradle/caches/modules-2/files-2.1/com.google.j2objc/j2objc-annotations/2.8/c85270e307e7b822f1086b93689124b89768e273/j2objc-annotations-2.8.jar:/home/admin/.gradle/caches/modules-2/files-2.1/org.codehaus.plexus/plexus-utils/3.3.0/cf43b5391de623b36fe066a21127baef82c64022/plexus-utils-3.3.0.jar:/home/admin/Projects/Project_javaMod/create_AES/.gradle/repositories/ng_dummy_ng/net/minecraft/client/1.21.1/client-1.21.1-client-extra.jar)
	at MC-BOOTSTRAP/com.sun.jna@5.14.0/com.sun.jna.NativeLibrary.loadLibrary(NativeLibrary.java:325) ~[jna-5.14.0.jar%23132!/:5.14.0 (b0)]
	at MC-BOOTSTRAP/com.sun.jna@5.14.0/com.sun.jna.NativeLibrary.getInstance(NativeLibrary.java:481) ~[jna-5.14.0.jar%23132!/:5.14.0 (b0)]
	at MC-BOOTSTRAP/com.sun.jna@5.14.0/com.sun.jna.NativeLibrary.getInstance(NativeLibrary.java:423) ~[jna-5.14.0.jar%23132!/:5.14.0 (b0)]
	at MC-BOOTSTRAP/text2speech@1.17.9/com.mojang.text2speech.NarratorLinux$FliteLibrary.loadNative(NarratorLinux.java:67) ~[text2speech-1.17.9.jar%23114!/:?]
	... 20 more
	Suppressed: java.lang.UnsatisfiedLinkError: libflite.so: невозможно открыть разделяемый объектный файл: Нет такого файла или каталога
		at MC-BOOTSTRAP/com.sun.jna@5.14.0/com.sun.jna.Native.open(Native Method) ~[jna-5.14.0.jar%23132!/:5.14.0 (b0)]
		at MC-BOOTSTRAP/com.sun.jna@5.14.0/com.sun.jna.NativeLibrary.loadLibrary(NativeLibrary.java:213) ~[jna-5.14.0.jar%23132!/:5.14.0 (b0)]
		at MC-BOOTSTRAP/com.sun.jna@5.14.0/com.sun.jna.NativeLibrary.getInstance(NativeLibrary.java:481) ~[jna-5.14.0.jar%23132!/:5.14.0 (b0)]
		at MC-BOOTSTRAP/com.sun.jna@5.14.0/com.sun.jna.NativeLibrary.getInstance(NativeLibrary.java:423) ~[jna-5.14.0.jar%23132!/:5.14.0 (b0)]
		at MC-BOOTSTRAP/text2speech@1.17.9/com.mojang.text2speech.NarratorLinux$FliteLibrary.loadNative(NarratorLinux.java:67) ~[text2speech-1.17.9.jar%23114!/:?]
		at MC-BOOTSTRAP/text2speech@1.17.9/com.mojang.text2speech.NarratorLinux.<init>(NarratorLinux.java:18) ~[text2speech-1.17.9.jar%23114!/:?]
		at MC-BOOTSTRAP/text2speech@1.17.9/com.mojang.text2speech.Narrator.getNarrator(Narrator.java:41) ~[text2speech-1.17.9.jar%23114!/:?]
		at TRANSFORMER/minecraft@1.21.1/net.minecraft.client.GameNarrator.<init>(GameNarrator.java:21) ~[neoforge-21.1.227.jar%23189!/:?]
		at TRANSFORMER/minecraft@1.21.1/net.minecraft.client.Minecraft.<init>(Minecraft.java:609) ~[neoforge-21.1.227.jar%23189!/:?]
		at TRANSFORMER/minecraft@1.21.1/net.minecraft.client.main.Main.main(Main.java:214) ~[neoforge-21.1.227.jar%23189!/:?]
		at java.base/jdk.internal.reflect.DirectMethodHandleAccessor.invoke(DirectMethodHandleAccessor.java:103) ~[?:?]
		at java.base/java.lang.reflect.Method.invoke(Method.java:580) ~[?:?]
		at MC-BOOTSTRAP/fml_loader@4.0.42/net.neoforged.fml.loading.targets.CommonLaunchHandler.runTarget(CommonLaunchHandler.java:136) ~[loader-4.0.42.jar%23138!/:4.0]
		at MC-BOOTSTRAP/fml_loader@4.0.42/net.neoforged.fml.loading.targets.CommonLaunchHandler.clientService(CommonLaunchHandler.java:124) ~[loader-4.0.42.jar%23138!/:4.0]
		at MC-BOOTSTRAP/fml_loader@4.0.42/net.neoforged.fml.loading.targets.NeoForgeClientDevLaunchHandler.runService(NeoForgeClientDevLaunchHandler.java:23) ~[loader-4.0.42.jar%23138!/:4.0]
		at MC-BOOTSTRAP/fml_loader@4.0.42/net.neoforged.fml.loading.targets.CommonLaunchHandler.lambda$launchService$4(CommonLaunchHandler.java:118) ~[loader-4.0.42.jar%23138!/:4.0]
		at MC-BOOTSTRAP/cpw.mods.modlauncher@11.0.5/cpw.mods.modlauncher.LaunchServiceHandlerDecorator.launch(LaunchServiceHandlerDecorator.java:30) [modlauncher-11.0.5.jar%23118!/:?]
		at MC-BOOTSTRAP/cpw.mods.modlauncher@11.0.5/cpw.mods.modlauncher.LaunchServiceHandler.launch(LaunchServiceHandler.java:53) [modlauncher-11.0.5.jar%23118!/:?]
		at MC-BOOTSTRAP/cpw.mods.modlauncher@11.0.5/cpw.mods.modlauncher.LaunchServiceHandler.launch(LaunchServiceHandler.java:71) [modlauncher-11.0.5.jar%23118!/:?]
		at MC-BOOTSTRAP/cpw.mods.modlauncher@11.0.5/cpw.mods.modlauncher.Launcher.run(Launcher.java:103) [modlauncher-11.0.5.jar%23118!/:?]
		at MC-BOOTSTRAP/cpw.mods.modlauncher@11.0.5/cpw.mods.modlauncher.Launcher.main(Launcher.java:74) [modlauncher-11.0.5.jar%23118!/:?]
		at MC-BOOTSTRAP/cpw.mods.modlauncher@11.0.5/cpw.mods.modlauncher.BootstrapLaunchConsumer.accept(BootstrapLaunchConsumer.java:26) [modlauncher-11.0.5.jar%23118!/:?]
		at MC-BOOTSTRAP/cpw.mods.modlauncher@11.0.5/cpw.mods.modlauncher.BootstrapLaunchConsumer.accept(BootstrapLaunchConsumer.java:23) [modlauncher-11.0.5.jar%23118!/:?]
		at cpw.mods.bootstraplauncher@2.0.2/cpw.mods.bootstraplauncher.BootstrapLauncher.run(BootstrapLauncher.java:210) [bootstraplauncher-2.0.2.jar:?]
		at cpw.mods.bootstraplauncher@2.0.2/cpw.mods.bootstraplauncher.BootstrapLauncher.main(BootstrapLauncher.java:69) [bootstraplauncher-2.0.2.jar:?]
	Suppressed: java.lang.UnsatisfiedLinkError: libflite.so: невозможно открыть разделяемый объектный файл: Нет такого файла или каталога
		at MC-BOOTSTRAP/com.sun.jna@5.14.0/com.sun.jna.Native.open(Native Method) ~[jna-5.14.0.jar%23132!/:5.14.0 (b0)]
		at MC-BOOTSTRAP/com.sun.jna@5.14.0/com.sun.jna.NativeLibrary.loadLibrary(NativeLibrary.java:226) ~[jna-5.14.0.jar%23132!/:5.14.0 (b0)]
		at MC-BOOTSTRAP/com.sun.jna@5.14.0/com.sun.jna.NativeLibrary.getInstance(NativeLibrary.java:481) ~[jna-5.14.0.jar%23132!/:5.14.0 (b0)]
		at MC-BOOTSTRAP/com.sun.jna@5.14.0/com.sun.jna.NativeLibrary.getInstance(NativeLibrary.java:423) ~[jna-5.14.0.jar%23132!/:5.14.0 (b0)]
		at MC-BOOTSTRAP/text2speech@1.17.9/com.mojang.text2speech.NarratorLinux$FliteLibrary.loadNative(NarratorLinux.java:67) ~[text2speech-1.17.9.jar%23114!/:?]
		at MC-BOOTSTRAP/text2speech@1.17.9/com.mojang.text2speech.NarratorLinux.<init>(NarratorLinux.java:18) ~[text2speech-1.17.9.jar%23114!/:?]
		at MC-BOOTSTRAP/text2speech@1.17.9/com.mojang.text2speech.Narrator.getNarrator(Narrator.java:41) ~[text2speech-1.17.9.jar%23114!/:?]
		at TRANSFORMER/minecraft@1.21.1/net.minecraft.client.GameNarrator.<init>(GameNarrator.java:21) ~[neoforge-21.1.227.jar%23189!/:?]
		at TRANSFORMER/minecraft@1.21.1/net.minecraft.client.Minecraft.<init>(Minecraft.java:609) ~[neoforge-21.1.227.jar%23189!/:?]
		at TRANSFORMER/minecraft@1.21.1/net.minecraft.client.main.Main.main(Main.java:214) ~[neoforge-21.1.227.jar%23189!/:?]
		at java.base/jdk.internal.reflect.DirectMethodHandleAccessor.invoke(DirectMethodHandleAccessor.java:103) ~[?:?]
		at java.base/java.lang.reflect.Method.invoke(Method.java:580) ~[?:?]
		at MC-BOOTSTRAP/fml_loader@4.0.42/net.neoforged.fml.loading.targets.CommonLaunchHandler.runTarget(CommonLaunchHandler.java:136) ~[loader-4.0.42.jar%23138!/:4.0]
		at MC-BOOTSTRAP/fml_loader@4.0.42/net.neoforged.fml.loading.targets.CommonLaunchHandler.clientService(CommonLaunchHandler.java:124) ~[loader-4.0.42.jar%23138!/:4.0]
		at MC-BOOTSTRAP/fml_loader@4.0.42/net.neoforged.fml.loading.targets.NeoForgeClientDevLaunchHandler.runService(NeoForgeClientDevLaunchHandler.java:23) ~[loader-4.0.42.jar%23138!/:4.0]
		at MC-BOOTSTRAP/fml_loader@4.0.42/net.neoforged.fml.loading.targets.CommonLaunchHandler.lambda$launchService$4(CommonLaunchHandler.java:118) ~[loader-4.0.42.jar%23138!/:4.0]
		at MC-BOOTSTRAP/cpw.mods.modlauncher@11.0.5/cpw.mods.modlauncher.LaunchServiceHandlerDecorator.launch(LaunchServiceHandlerDecorator.java:30) [modlauncher-11.0.5.jar%23118!/:?]
		at MC-BOOTSTRAP/cpw.mods.modlauncher@11.0.5/cpw.mods.modlauncher.LaunchServiceHandler.launch(LaunchServiceHandler.java:53) [modlauncher-11.0.5.jar%23118!/:?]
		at MC-BOOTSTRAP/cpw.mods.modlauncher@11.0.5/cpw.mods.modlauncher.LaunchServiceHandler.launch(LaunchServiceHandler.java:71) [modlauncher-11.0.5.jar%23118!/:?]
		at MC-BOOTSTRAP/cpw.mods.modlauncher@11.0.5/cpw.mods.modlauncher.Launcher.run(Launcher.java:103) [modlauncher-11.0.5.jar%23118!/:?]
		at MC-BOOTSTRAP/cpw.mods.modlauncher@11.0.5/cpw.mods.modlauncher.Launcher.main(Launcher.java:74) [modlauncher-11.0.5.jar%23118!/:?]
		at MC-BOOTSTRAP/cpw.mods.modlauncher@11.0.5/cpw.mods.modlauncher.BootstrapLaunchConsumer.accept(BootstrapLaunchConsumer.java:26) [modlauncher-11.0.5.jar%23118!/:?]
		at MC-BOOTSTRAP/cpw.mods.modlauncher@11.0.5/cpw.mods.modlauncher.BootstrapLaunchConsumer.accept(BootstrapLaunchConsumer.java:23) [modlauncher-11.0.5.jar%23118!/:?]
		at cpw.mods.bootstraplauncher@2.0.2/cpw.mods.bootstraplauncher.BootstrapLauncher.run(BootstrapLauncher.java:210) [bootstraplauncher-2.0.2.jar:?]
		at cpw.mods.bootstraplauncher@2.0.2/cpw.mods.bootstraplauncher.BootstrapLauncher.main(BootstrapLauncher.java:69) [bootstraplauncher-2.0.2.jar:?]
	Suppressed: java.io.IOException: Native library (linux-x86-64/libflite.so) not found in resource path (/home/admin/Projects/Project_javaMod/create_AES/build/classes/java/main:/home/admin/Projects/Project_javaMod/create_AES/build/resources/main:/home/admin/Projects/Project_javaMod/create_AES/libs/ponder-neoforge-1.0.82+mc1.21.1.jar:/home/admin/Projects/Project_javaMod/create_AES/libs/create-1.21.1-6.0.10 (1).jar:/home/admin/Projects/Project_javaMod/create_AES/libs/createdieselgenerators-1.21.1-1.3.13.jar:/home/admin/Projects/Project_javaMod/create_AES/libs/sable-neoforge-1.21.1-1.2.2 (1).jar:/home/admin/Projects/Project_javaMod/create_AES/libs/create-aeronautics-bundled-1.21.1-1.2.1 (1).jar:/home/admin/Projects/Project_javaMod/create_AES/.gradle/repositories/ng_dummy_ng/net/neoforged/neoforge/21.1.227/neoforge-21.1.227.jar:/home/admin/.gradle/caches/modules-2/files-2.1/com.github.oshi/oshi-core/6.4.10/b1d8ab82d11d92fd639b56d639f8f46f739dd5fa/oshi-core-6.4.10.jar:/home/admin/.gradle/caches/modules-2/files-2.1/com.mojang/authlib/6.0.54/de8bc95660e1b2fe8793fd427a7a10dcec5b3ea7/authlib-6.0.54.jar:/home/admin/.gradle/caches/modules-2/files-2.1/com.mojang/datafixerupper/8.0.16/67d4de6d7f95d89bcf5862995fb854ebaec02a34/datafixerupper-8.0.16.jar:/home/admin/.gradle/caches/modules-2/files-2.1/net.neoforged.fancymodloader/earlydisplay/4.0.42/46555dbfff14e9e052f1f693aed14d542a74e111/earlydisplay-4.0.42.jar:/home/admin/.gradle/caches/modules-2/files-2.1/net.neoforged.fancymodloader/loader/4.0.42/76e15f98bf676fb44b36c5e776f52a55581ec43a/loader-4.0.42.jar:/home/admin/.gradle/caches/modules-2/files-2.1/net.neoforged/JarJarSelector/0.4.1/fb3cc7a58af22ad2880adb98af6d518128c47dae/JarJarSelector-0.4.1.jar:/home/admin/.gradle/caches/modules-2/files-2.1/net.neoforged/JarJarMetadata/0.4.1/f8da03683dc81694556dc3e177c5e3bb77ae6fcb/JarJarMetadata-0.4.1.jar:/home/admin/.gradle/caches/modules-2/files-2.1/net.fabricmc/sponge-mixin/0.15.2+mixin.0.8.7/2af2f021d8e02a0220dc27a7a72b4666d66d44ca/sponge-mixin-0.15.2+mixin.0.8.7.jar:/home/admin/.gradle/caches/modules-2/files-2.1/com.google.code.gson/gson/2.10.1/b3add478d4382b78ea20b1671390a858002feb6c/gson-2.10.1.jar:/home/admin/.gradle/caches/modules-2/files-2.1/com.mojang/patchy/2.2.10/da05971b07cbb379d002cf7eaec6a2048211fefc/patchy-2.2.10.jar:/home/admin/.gradle/caches/modules-2/files-2.1/com.mojang/text2speech/1.17.9/3cad216e3a7f0c19b4b394388bc9ffc446f13b14/text2speech-1.17.9.jar:/home/admin/.gradle/caches/modules-2/files-2.1/com.google.guava/guava/32.1.2-jre/5e64ec7e056456bef3a4bc4c6fdaef71e8ab6318/guava-32.1.2-jre.jar:/home/admin/.gradle/caches/modules-2/files-2.1/com.google.guava/failureaccess/1.0.1/1dcf1de382a0bf95a3d8b0849546c88bac1292c9/failureaccess-1.0.1.jar:/home/admin/.gradle/caches/modules-2/files-2.1/com.ibm.icu/icu4j/73.2/61ad4ef7f9131fcf6d25c34b817f90d6da06c9e9/icu4j-73.2.jar:/home/admin/.gradle/caches/modules-2/files-2.1/com.mojang/blocklist/1.0.10/5c685c5ffa94c4cd39496c7184c1d122e515ecef/blocklist-1.0.10.jar:/home/admin/.gradle/caches/modules-2/files-2.1/com.mojang/brigadier/1.3.10/d15b53a14cf20fdcaa98f731af5dda654452c010/brigadier-1.3.10.jar:/home/admin/.gradle/caches/modules-2/files-2.1/com.mojang/logging/1.2.7/24cb95ffb0e3433fd6e844c04e68009e504ca1c0/logging-1.2.7.jar:/home/admin/.gradle/caches/modules-2/files-2.1/org.apache.httpcomponents/httpclient/4.5.13/e5f6cae5ca7ecaac1ec2827a9e2d65ae2869cada/httpclient-4.5.13.jar:/home/admin/.gradle/caches/modules-2/files-2.1/commons-codec/commons-codec/1.16.0/4e3eb3d79888d76b54e28b350915b5dc3919c9de/commons-codec-1.16.0.jar:/home/admin/.gradle/caches/modules-2/files-2.1/org.apache.commons/commons-compress/1.26.0/659feffdd12280201c8aacb8f7be94f9a883c824/commons-compress-1.26.0.jar:/home/admin/.gradle/caches/modules-2/files-2.1/commons-io/commons-io/2.15.1/f11560da189ab563a5c8e351941415430e9304ea/commons-io-2.15.1.jar:/home/admin/.gradle/caches/modules-2/files-2.1/commons-logging/commons-logging/1.2/4bfc12adfe4842bf07b657f0369c4cb522955686/commons-logging-1.2.jar:/home/admin/.gradle/caches/modules-2/files-2.1/io.netty/netty-handler/4.1.97.Final/abb86c6906bf512bf2b797a41cd7d2e8d3cd7c36/netty-handler-4.1.97.Final.jar:/home/admin/.gradle/caches/modules-2/files-2.1/io.netty/netty-codec/4.1.97.Final/384ba4d75670befbedb45c4d3b497a93639c206d/netty-codec-4.1.97.Final.jar:/home/admin/.gradle/caches/modules-2/files-2.1/io.netty/netty-transport-native-epoll/4.1.97.Final/5514744c588190ffda076b35a9b8c9f24946a960/netty-transport-native-epoll-4.1.97.Final-linux-aarch_64.jar:/home/admin/.gradle/caches/modules-2/files-2.1/io.netty/netty-transport-native-epoll/4.1.97.Final/54188f271e388e7f313aea995e82f58ce2cdb809/netty-transport-native-epoll-4.1.97.Final-linux-x86_64.jar:/home/admin/.gradle/caches/modules-2/files-2.1/io.netty/netty-transport-classes-epoll/4.1.97.Final/795da37ded759e862457a82d9d92c4d39ce8ecee/netty-transport-classes-epoll-4.1.97.Final.jar:/home/admin/.gradle/caches/modules-2/files-2.1/io.netty/netty-transport-native-unix-common/4.1.97.Final/d469d84265ab70095b01b40886cabdd433b6e664/netty-transport-native-unix-common-4.1.97.Final.jar:/home/admin/.gradle/caches/modules-2/files-2.1/io.netty/netty-transport/4.1.97.Final/f37380d23c9bb079bc702910833b2fd532c9abd0/netty-transport-4.1.97.Final.jar:/home/admin/.gradle/caches/modules-2/files-2.1/io.netty/netty-buffer/4.1.97.Final/f8f3d8644afa5e6e1a40a3a6aeb9d9aa970ecb4f/netty-buffer-4.1.97.Final.jar:/home/admin/.gradle/caches/modules-2/files-2.1/io.netty/netty-resolver/4.1.97.Final/cec8348108dc76c47cf87c669d514be52c922144/netty-resolver-4.1.97.Final.jar:/home/admin/.gradle/caches/modules-2/files-2.1/io.netty/netty-common/4.1.97.Final/7cceacaf11df8dc63f23d0fb58e9d4640fc88404/netty-common-4.1.97.Final.jar:/home/admin/.gradle/caches/modules-2/files-2.1/it.unimi.dsi/fastutil/8.5.12/c24946d46824bd528054bface3231d2ecb7e95e8/fastutil-8.5.12.jar:/home/admin/.gradle/caches/modules-2/files-2.1/net.java.dev.jna/jna-platform/5.14.0/28934d48aed814f11e4c584da55c49fa7032b31b/jna-platform-5.14.0.jar:/home/admin/.gradle/caches/modules-2/files-2.1/ca.weblite/java-objc-bridge/1.1/1227f9e0666314f9de41477e3ec277e542ed7f7b/java-objc-bridge-1.1.jar:/home/admin/.gradle/caches/modules-2/files-2.1/net.java.dev.jna/jna/5.14.0/67bf3eaea4f0718cb376a181a629e5f88fa1c9dd/jna-5.14.0.jar:/home/admin/.gradle/caches/modules-2/files-2.1/net.neoforged/mergetool/2.0.3/1275202cbbb248f49345cf6787ce299afd9a02fb/mergetool-2.0.3-api.jar:/home/admin/.gradle/caches/modules-2/files-2.1/net.neoforged.accesstransformers/at-modlauncher/10.0.1/5aba50202aceead086bc09fbc2751c9f05cb4890/at-modlauncher-10.0.1.jar:/home/admin/.gradle/caches/modules-2/files-2.1/net.neoforged/coremods/7.0.3/9147e6f638b4272b3bd5fc8f92ad37802512c6c/coremods-7.0.3.jar:/home/admin/.gradle/caches/modules-2/files-2.1/cpw.mods/modlauncher/11.0.5/b8f0d49294f733fdb6173931b263553e943dc950/modlauncher-11.0.5.jar:/home/admin/.gradle/caches/modules-2/files-2.1/net.sf.jopt-simple/jopt-simple/5.0.4/4fdac2fbe92dfad86aa6e9301736f6b4342a3f5c/jopt-simple-5.0.4.jar:/home/admin/.gradle/caches/modules-2/files-2.1/org.apache.maven/maven-artifact/3.8.5/4433f50c07debefaed0553bd0068f4f48d449313/maven-artifact-3.8.5.jar:/home/admin/.gradle/caches/modules-2/files-2.1/org.apache.commons/commons-lang3/3.14.0/1ed471194b02f2c6cb734a0cd6f6f107c673afae/commons-lang3-3.14.0.jar:/home/admin/.gradle/caches/modules-2/files-2.1/org.apache.httpcomponents/httpcore/4.4.16/51cf043c87253c9f58b539c9f7e44c8894223850/httpcore-4.4.16.jar:/home/admin/.gradle/caches/modules-2/files-2.1/org.apache.logging.log4j/log4j-slf4j2-impl/2.22.1/d7e6693c2606cb7e7335047d7bb96dec52db5665/log4j-slf4j2-impl-2.22.1.jar:/home/admin/.gradle/caches/modules-2/files-2.1/net.minecrell/terminalconsoleappender/1.3.0/b562e9bb61235c9520e26282cdee71f8f802d1fc/terminalconsoleappender-1.3.0.jar:/home/admin/.gradle/caches/modules-2/files-2.1/org.apache.logging.log4j/log4j-core/2.22.1/7183a25510a02ad00cc6a95d3b3d2a7d3c5a8dc4/log4j-core-2.22.1.jar:/home/admin/.gradle/caches/modules-2/files-2.1/net.neoforged/bus/8.0.5/5b2d33285ab5d1554e9798ad98c40d6ea3868bd5/bus-8.0.5.jar:/home/admin/.gradle/caches/modules-2/files-2.1/org.apache.logging.log4j/log4j-api/2.22.1/bea6fede6328fabafd7e68363161a7ea6605abd1/log4j-api-2.22.1.jar:/home/admin/.gradle/caches/modules-2/files-2.1/org.jcraft/jorbis/0.0.17/8872d22b293e8f5d7d56ff92be966e6dc28ebdc6/jorbis-0.0.17.jar:/home/admin/.gradle/caches/modules-2/files-2.1/org.joml/joml/1.10.5/22566d58af70ad3d72308bab63b8339906deb649/joml-1.10.5.jar:/home/admin/.gradle/caches/modules-2/files-2.1/org.lwjgl/lwjgl-freetype/3.3.3/a0db6c84a8becc8ca05f9dbfa985edc348a824c7/lwjgl-freetype-3.3.3.jar:/home/admin/.gradle/caches/modules-2/files-2.1/org.lwjgl/lwjgl-freetype/3.3.3/149070a5480900347071b7074779531f25a6e3dc/lwjgl-freetype-3.3.3-natives-linux.jar:/home/admin/.gradle/caches/modules-2/files-2.1/org.lwjgl/lwjgl-glfw/3.3.3/efa1eb78c5ccd840e9f329717109b5e892d72f8e/lwjgl-glfw-3.3.3.jar:/home/admin/.gradle/caches/modules-2/files-2.1/org.lwjgl/lwjgl-glfw/3.3.3/a03684c5e4b1b1dbbe0d29dbbdc27b985b6840f2/lwjgl-glfw-3.3.3-natives-linux.jar:/home/admin/.gradle/caches/modules-2/files-2.1/org.lwjgl/lwjgl-jemalloc/3.3.3/b543467b7ff3c6920539a88ee602d34098628be5/lwjgl-jemalloc-3.3.3.jar:/home/admin/.gradle/caches/modules-2/files-2.1/org.lwjgl/lwjgl-jemalloc/3.3.3/4f86728bf449b1dd61251c4e0ac01df1389cb51e/lwjgl-jemalloc-3.3.3-natives-linux.jar:/home/admin/.gradle/caches/modules-2/files-2.1/org.lwjgl/lwjgl-openal/3.3.3/daada81ceb5fc0c291fbfdd4433cb8d9423577f2/lwjgl-openal-3.3.3.jar:/home/admin/.gradle/caches/modules-2/files-2.1/org.lwjgl/lwjgl-openal/3.3.3/3037360cc4595079bea240af250b6d1a527e0905/lwjgl-openal-3.3.3-natives-linux.jar:/home/admin/.gradle/caches/modules-2/files-2.1/org.lwjgl/lwjgl-opengl/3.3.3/2f6b0147078396a58979125a4c947664e98293a/lwjgl-opengl-3.3.3.jar:/home/admin/.gradle/caches/modules-2/files-2.1/org.lwjgl/lwjgl-opengl/3.3.3/62c70a4b00ca5391882b0f4b787c1588d24f1c86/lwjgl-opengl-3.3.3-natives-linux.jar:/home/admin/.gradle/caches/modules-2/files-2.1/org.lwjgl/lwjgl-stb/3.3.3/25dd6161988d7e65f71d5065c99902402ee32746/lwjgl-stb-3.3.3.jar:/home/admin/.gradle/caches/modules-2/files-2.1/org.lwjgl/lwjgl-stb/3.3.3/fd1271ccd9d85eff2fa31f3fd543e02ccfaf5041/lwjgl-stb-3.3.3-natives-linux.jar:/home/admin/.gradle/caches/modules-2/files-2.1/org.lwjgl/lwjgl-tinyfd/3.3.3/82d755ca94b102e9ca77283b9e2dc46d1b15fbe5/lwjgl-tinyfd-3.3.3.jar:/home/admin/.gradle/caches/modules-2/files-2.1/org.lwjgl/lwjgl-tinyfd/3.3.3/d8d58daa0c3e5fd906fee96f5fddbcbc07cc308b/lwjgl-tinyfd-3.3.3-natives-linux.jar:/home/admin/.gradle/caches/modules-2/files-2.1/org.lwjgl/lwjgl/3.3.3/29589b5f87ed335a6c7e7ee6a5775f81f97ecb84/lwjgl-3.3.3.jar:/home/admin/.gradle/caches/modules-2/files-2.1/org.lwjgl/lwjgl/3.3.3/1713758e3660ba66e1e954396fd18126038b33c0/lwjgl-3.3.3-natives-linux.jar:/home/admin/.gradle/caches/modules-2/files-2.1/org.lz4/lz4-java/1.8.0/4b986a99445e49ea5fbf5d149c4b63f6ed6c6780/lz4-java-1.8.0.jar:/home/admin/.gradle/caches/modules-2/files-2.1/net.neoforged/accesstransformers/10.0.1/fd83b5725f76eae9115e9355fa1c456a6a441400/accesstransformers-10.0.1.jar:/home/admin/.gradle/caches/modules-2/files-2.1/com.machinezoo.noexception/noexception/1.7.1/b65330c98e38a1f915fa54a6e5eca496505e3f0a/noexception-1.7.1.jar:/home/admin/.gradle/caches/modules-2/files-2.1/org.slf4j/slf4j-api/2.0.9/7cf2726fdcfbc8610f9a71fb3ed639871f315340/slf4j-api-2.0.9.jar:/home/admin/.gradle/caches/modules-2/files-2.1/com.google.code.findbugs/jsr305/3.0.2/25ea2e8b0c338a877313bd4672d3fe056ea78f0d/jsr305-3.0.2.jar:/home/admin/.gradle/caches/modules-2/files-2.1/org.jetbrains/annotations/24.1.0/7af6a669488450c4a07c2c3254e2151df42d7d04/annotations-24.1.0.jar:/home/admin/.gradle/caches/modules-2/files-2.1/com.electronwill.night-config/toml/3.8.3/90b2fd6efcb4a7d5b9810cf78f9d824994d717f2/toml-3.8.3.jar:/home/admin/.gradle/caches/modules-2/files-2.1/com.electronwill.night-config/core/3.8.3/b442a95f09e349927f5a945ecb594455870fcf4f/core-3.8.3.jar:/home/admin/.gradle/caches/modules-2/files-2.1/net.jodah/typetools/0.6.3/a01aaa6ddaea9ec07ec4f209487b7a46a526283a/typetools-0.6.3.jar:/home/admin/.gradle/caches/modules-2/files-2.1/org.openjdk.nashorn/nashorn-core/15.4/f67f5ffaa5f5130cf6fb9b133da00c7df3b532a5/nashorn-core-15.4.jar:/home/admin/.gradle/caches/modules-2/files-2.1/cpw.mods/bootstraplauncher/2.0.2/1a2d076cbc33b0520cbacd591224427b2a20047d/bootstraplauncher-2.0.2.jar:/home/admin/.gradle/caches/modules-2/files-2.1/cpw.mods/securejarhandler/3.0.8/c0ef95cecd8699a0449053ac7d9c160748d902cd/securejarhandler-3.0.8.jar:/home/admin/.gradle/caches/modules-2/files-2.1/org.ow2.asm/asm-commons/9.8/36e4d212970388e5bd2c5180292012502df461bb/asm-commons-9.8.jar:/home/admin/.gradle/caches/modules-2/files-2.1/org.ow2.asm/asm-util/9.8/395f1c1f035258511f27bc9b2583d76e4b143f59/asm-util-9.8.jar:/home/admin/.gradle/caches/modules-2/files-2.1/org.ow2.asm/asm-analysis/9.8/b9747a320844b6cb1eacd90d8ecfd260a16c01d3/asm-analysis-9.8.jar:/home/admin/.gradle/caches/modules-2/files-2.1/org.ow2.asm/asm-tree/9.8/18419ca5b77a2f81097c741e7872e6ab8d2f40d/asm-tree-9.8.jar:/home/admin/.gradle/caches/modules-2/files-2.1/org.ow2.asm/asm/9.8/dc19ecb3f7889b7860697215cae99c0f9b6f6b4b/asm-9.8.jar:/home/admin/.gradle/caches/modules-2/files-2.1/net.neoforged/JarJarFileSystems/0.4.1/78f59f89defcd032ed788b151ca6a0d40ace796a/JarJarFileSystems-0.4.1.jar:/home/admin/.gradle/caches/modules-2/files-2.1/io.github.llamalad7/mixinextras-neoforge/0.5.3/a0919957808de97707c5fb4ce073e66aeef3e187/mixinextras-neoforge-0.5.3.jar:/home/admin/.gradle/caches/modules-2/files-2.1/org.antlr/antlr4-runtime/4.13.1/17125bae1d965624e265ef49552f6465a2bfa307/antlr4-runtime-4.13.1.jar:/home/admin/.gradle/caches/modules-2/files-2.1/org.jline/jline-reader/3.20.0/8f15415b022a25b473e8e16c28ae913186ffb9c4/jline-reader-3.20.0.jar:/home/admin/.gradle/caches/modules-2/files-2.1/org.jline/jline-terminal/3.20.0/d0ddcc708ddf527a3454c941b7b9225cc83a15ff/jline-terminal-3.20.0.jar:/home/admin/.gradle/caches/modules-2/files-2.1/net.minecraftforge/srgutils/0.4.15/ca408b131759478f164e010fae0d73997e125fb5/srgutils-0.4.15.jar:/home/admin/.gradle/caches/modules-2/files-2.1/com.google.guava/listenablefuture/9999.0-empty-to-avoid-conflict-with-guava/b421526c5f297295adef1c886e5246c39d4ac629/listenablefuture-9999.0-empty-to-avoid-conflict-with-guava.jar:/home/admin/.gradle/caches/modules-2/files-2.1/org.checkerframework/checker-qual/3.33.0/de2b60b62da487644fc11f734e73c8b0b431238f/checker-qual-3.33.0.jar:/home/admin/.gradle/caches/modules-2/files-2.1/com.google.errorprone/error_prone_annotations/2.18.0/89b684257096f548fa39a7df9fdaa409d4d4df91/error_prone_annotations-2.18.0.jar:/home/admin/.gradle/caches/modules-2/files-2.1/com.google.j2objc/j2objc-annotations/2.8/c85270e307e7b822f1086b93689124b89768e273/j2objc-annotations-2.8.jar:/home/admin/.gradle/caches/modules-2/files-2.1/org.codehaus.plexus/plexus-utils/3.3.0/cf43b5391de623b36fe066a21127baef82c64022/plexus-utils-3.3.0.jar:/home/admin/Projects/Project_javaMod/create_AES/.gradle/repositories/ng_dummy_ng/net/minecraft/client/1.21.1/client-1.21.1-client-extra.jar)
		at MC-BOOTSTRAP/com.sun.jna@5.14.0/com.sun.jna.Native.extractFromResourcePath(Native.java:1141) ~[jna-5.14.0.jar%23132!/:5.14.0 (b0)]
		at MC-BOOTSTRAP/com.sun.jna@5.14.0/com.sun.jna.NativeLibrary.loadLibrary(NativeLibrary.java:297) ~[jna-5.14.0.jar%23132!/:5.14.0 (b0)]
		at MC-BOOTSTRAP/com.sun.jna@5.14.0/com.sun.jna.NativeLibrary.getInstance(NativeLibrary.java:481) ~[jna-5.14.0.jar%23132!/:5.14.0 (b0)]
		at MC-BOOTSTRAP/com.sun.jna@5.14.0/com.sun.jna.NativeLibrary.getInstance(NativeLibrary.java:423) ~[jna-5.14.0.jar%23132!/:5.14.0 (b0)]
		at MC-BOOTSTRAP/text2speech@1.17.9/com.mojang.text2speech.NarratorLinux$FliteLibrary.loadNative(NarratorLinux.java:67) ~[text2speech-1.17.9.jar%23114!/:?]
		at MC-BOOTSTRAP/text2speech@1.17.9/com.mojang.text2speech.NarratorLinux.<init>(NarratorLinux.java:18) ~[text2speech-1.17.9.jar%23114!/:?]
		at MC-BOOTSTRAP/text2speech@1.17.9/com.mojang.text2speech.Narrator.getNarrator(Narrator.java:41) ~[text2speech-1.17.9.jar%23114!/:?]
		at TRANSFORMER/minecraft@1.21.1/net.minecraft.client.GameNarrator.<init>(GameNarrator.java:21) ~[neoforge-21.1.227.jar%23189!/:?]
		at TRANSFORMER/minecraft@1.21.1/net.minecraft.client.Minecraft.<init>(Minecraft.java:609) ~[neoforge-21.1.227.jar%23189!/:?]
		at TRANSFORMER/minecraft@1.21.1/net.minecraft.client.main.Main.main(Main.java:214) ~[neoforge-21.1.227.jar%23189!/:?]
		at java.base/jdk.internal.reflect.DirectMethodHandleAccessor.invoke(DirectMethodHandleAccessor.java:103) ~[?:?]
		at java.base/java.lang.reflect.Method.invoke(Method.java:580) ~[?:?]
		at MC-BOOTSTRAP/fml_loader@4.0.42/net.neoforged.fml.loading.targets.CommonLaunchHandler.runTarget(CommonLaunchHandler.java:136) ~[loader-4.0.42.jar%23138!/:4.0]
		at MC-BOOTSTRAP/fml_loader@4.0.42/net.neoforged.fml.loading.targets.CommonLaunchHandler.clientService(CommonLaunchHandler.java:124) ~[loader-4.0.42.jar%23138!/:4.0]
		at MC-BOOTSTRAP/fml_loader@4.0.42/net.neoforged.fml.loading.targets.NeoForgeClientDevLaunchHandler.runService(NeoForgeClientDevLaunchHandler.java:23) ~[loader-4.0.42.jar%23138!/:4.0]
		at MC-BOOTSTRAP/fml_loader@4.0.42/net.neoforged.fml.loading.targets.CommonLaunchHandler.lambda$launchService$4(CommonLaunchHandler.java:118) ~[loader-4.0.42.jar%23138!/:4.0]
		at MC-BOOTSTRAP/cpw.mods.modlauncher@11.0.5/cpw.mods.modlauncher.LaunchServiceHandlerDecorator.launch(LaunchServiceHandlerDecorator.java:30) [modlauncher-11.0.5.jar%23118!/:?]
		at MC-BOOTSTRAP/cpw.mods.modlauncher@11.0.5/cpw.mods.modlauncher.LaunchServiceHandler.launch(LaunchServiceHandler.java:53) [modlauncher-11.0.5.jar%23118!/:?]
		at MC-BOOTSTRAP/cpw.mods.modlauncher@11.0.5/cpw.mods.modlauncher.LaunchServiceHandler.launch(LaunchServiceHandler.java:71) [modlauncher-11.0.5.jar%23118!/:?]
		at MC-BOOTSTRAP/cpw.mods.modlauncher@11.0.5/cpw.mods.modlauncher.Launcher.run(Launcher.java:103) [modlauncher-11.0.5.jar%23118!/:?]
		at MC-BOOTSTRAP/cpw.mods.modlauncher@11.0.5/cpw.mods.modlauncher.Launcher.main(Launcher.java:74) [modlauncher-11.0.5.jar%23118!/:?]
		at MC-BOOTSTRAP/cpw.mods.modlauncher@11.0.5/cpw.mods.modlauncher.BootstrapLaunchConsumer.accept(BootstrapLaunchConsumer.java:26) [modlauncher-11.0.5.jar%23118!/:?]
		at MC-BOOTSTRAP/cpw.mods.modlauncher@11.0.5/cpw.mods.modlauncher.BootstrapLaunchConsumer.accept(BootstrapLaunchConsumer.java:23) [modlauncher-11.0.5.jar%23118!/:?]
		at cpw.mods.bootstraplauncher@2.0.2/cpw.mods.bootstraplauncher.BootstrapLauncher.run(BootstrapLauncher.java:210) [bootstraplauncher-2.0.2.jar:?]
		at cpw.mods.bootstraplauncher@2.0.2/cpw.mods.bootstraplauncher.BootstrapLauncher.main(BootstrapLauncher.java:69) [bootstraplauncher-2.0.2.jar:?]
[06окт.2026 19:27:50.236] [Render thread/INFO] [net.minecraft.server.packs.resources.ReloadableResourceManager/]: Reloading ResourceManager: vanilla, mod_resources, mod/veil, mod/simulated, mod/createdieselgenerators, mod/jei, mod/aeronautics, mod/aeronautics_bundled, mod/create_additional_energy_sourses, mod/sablecompanion, mod/flywheel, mod/ponder, mod/create, mod/sable, mod/offroad, mod/neoforge, file/Mini Items (4).zip
[06окт.2026 19:27:50.267] [NeoForge Version Check/INFO] [net.neoforged.fml.VersionChecker/]: [create] Starting version check at https://api.modrinth.com/updates/create/forge_updates.json?neoforge=only
[06окт.2026 19:27:50.288] [Worker-Main-4/INFO] [net.minecraft.client.gui.font.providers.UnihexProvider/]: Found unifont_all_no_pua-15.1.05.hex, loading
[06окт.2026 19:27:50.430] [Worker-Main-8/INFO] [net.minecraft.client.gui.font.providers.UnihexProvider/]: Found unifont_jp_patch-15.1.05.hex, loading
[06окт.2026 19:27:50.726] [Worker-Main-7/WARN] [net.minecraft.client.renderer.texture.SpriteLoader/]: Texture create_additional_energy_sourses:item/titanium_piston with size 15x15 limits mip level from 4 to 0
[06окт.2026 19:27:50.989] [Worker-Main-5/ERROR] [Veil/]: Failed to listen to resource: create_additional_energy_sourses:sounds/engine_normal.ogg
java.nio.file.NoSuchFileException: /home/admin/Projects/Project_javaMod/create_AES/resources/main/assets/create_additional_energy_sourses/sounds
	at java.base/sun.nio.fs.UnixException.translateToIOException(UnixException.java:92) ~[?:?]
	at java.base/sun.nio.fs.UnixException.asIOException(UnixException.java:115) ~[?:?]
	at java.base/sun.nio.fs.LinuxWatchService$Poller.implRegister(LinuxWatchService.java:244) ~[?:?]
	at java.base/sun.nio.fs.AbstractPoller.processRequests(AbstractPoller.java:266) ~[?:?]
	at java.base/sun.nio.fs.LinuxWatchService$Poller.run(LinuxWatchService.java:357) ~[?:?]
	at java.base/java.lang.Thread.run(Thread.java:1583) ~[?:?]
[06окт.2026 19:27:50.991] [Worker-Main-5/ERROR] [Veil/]: Failed to listen to resource: create_additional_energy_sourses:lang/en_us.json
java.nio.file.NoSuchFileException: /home/admin/Projects/Project_javaMod/create_AES/resources/main/assets/create_additional_energy_sourses/lang
	at java.base/sun.nio.fs.UnixException.translateToIOException(UnixException.java:92) ~[?:?]
	at java.base/sun.nio.fs.UnixException.asIOException(UnixException.java:115) ~[?:?]
	at java.base/sun.nio.fs.LinuxWatchService$Poller.implRegister(LinuxWatchService.java:244) ~[?:?]
	at java.base/sun.nio.fs.AbstractPoller.processRequests(AbstractPoller.java:266) ~[?:?]
	at java.base/sun.nio.fs.LinuxWatchService$Poller.run(LinuxWatchService.java:357) ~[?:?]
	at java.base/java.lang.Thread.run(Thread.java:1583) ~[?:?]
[06окт.2026 19:27:50.992] [Worker-Main-5/ERROR] [Veil/]: Failed to listen to resource: create_additional_energy_sourses:models/block/w16_engine.json
java.nio.file.NoSuchFileException: /home/admin/Projects/Project_javaMod/create_AES/resources/main/assets/create_additional_energy_sourses/models/block
	at java.base/sun.nio.fs.UnixException.translateToIOException(UnixException.java:92) ~[?:?]
	at java.base/sun.nio.fs.UnixException.asIOException(UnixException.java:115) ~[?:?]
	at java.base/sun.nio.fs.LinuxWatchService$Poller.implRegister(LinuxWatchService.java:244) ~[?:?]
	at java.base/sun.nio.fs.AbstractPoller.processRequests(AbstractPoller.java:266) ~[?:?]
	at java.base/sun.nio.fs.LinuxWatchService$Poller.run(LinuxWatchService.java:357) ~[?:?]
	at java.base/java.lang.Thread.run(Thread.java:1583) ~[?:?]
[06окт.2026 19:27:50.993] [Worker-Main-5/ERROR] [Veil/]: Failed to listen to resource: create_additional_energy_sourses:models/item/w16_engine.json
java.nio.file.NoSuchFileException: /home/admin/Projects/Project_javaMod/create_AES/resources/main/assets/create_additional_energy_sourses/models/item
	at java.base/sun.nio.fs.UnixException.translateToIOException(UnixException.java:92) ~[?:?]
	at java.base/sun.nio.fs.UnixException.asIOException(UnixException.java:115) ~[?:?]
	at java.base/sun.nio.fs.LinuxWatchService$Poller.implRegister(LinuxWatchService.java:244) ~[?:?]
	at java.base/sun.nio.fs.AbstractPoller.processRequests(AbstractPoller.java:266) ~[?:?]
	at java.base/sun.nio.fs.LinuxWatchService$Poller.run(LinuxWatchService.java:357) ~[?:?]
	at java.base/java.lang.Thread.run(Thread.java:1583) ~[?:?]
[06окт.2026 19:27:50.994] [Worker-Main-5/ERROR] [Veil/]: Failed to listen to resource: create_additional_energy_sourses:textures/item/advanced_precision_mechanism.png
java.nio.file.NoSuchFileException: /home/admin/Projects/Project_javaMod/create_AES/resources/main/assets/create_additional_energy_sourses/textures/item
	at java.base/sun.nio.fs.UnixException.translateToIOException(UnixException.java:92) ~[?:?]
	at java.base/sun.nio.fs.UnixException.asIOException(UnixException.java:115) ~[?:?]
	at java.base/sun.nio.fs.LinuxWatchService$Poller.implRegister(LinuxWatchService.java:244) ~[?:?]
	at java.base/sun.nio.fs.AbstractPoller.processRequests(AbstractPoller.java:266) ~[?:?]
	at java.base/sun.nio.fs.LinuxWatchService$Poller.run(LinuxWatchService.java:357) ~[?:?]
	at java.base/java.lang.Thread.run(Thread.java:1583) ~[?:?]
[06окт.2026 19:27:50.995] [Worker-Main-5/ERROR] [Veil/]: Failed to listen to resource: create_additional_energy_sourses:textures/block/titanium_r32_engine.png
java.nio.file.NoSuchFileException: /home/admin/Projects/Project_javaMod/create_AES/resources/main/assets/create_additional_energy_sourses/textures/block
	at java.base/sun.nio.fs.UnixException.translateToIOException(UnixException.java:92) ~[?:?]
	at java.base/sun.nio.fs.UnixException.asIOException(UnixException.java:115) ~[?:?]
	at java.base/sun.nio.fs.LinuxWatchService$Poller.implRegister(LinuxWatchService.java:244) ~[?:?]
	at java.base/sun.nio.fs.AbstractPoller.processRequests(AbstractPoller.java:266) ~[?:?]
	at java.base/sun.nio.fs.LinuxWatchService$Poller.run(LinuxWatchService.java:357) ~[?:?]
	at java.base/java.lang.Thread.run(Thread.java:1583) ~[?:?]
[06окт.2026 19:27:50.996] [Worker-Main-5/ERROR] [Veil/]: Failed to listen to resource: create_additional_energy_sourses:ponder/structures/create_additional_energy_sourses/scene3.nbt
java.nio.file.NoSuchFileException: /home/admin/Projects/Project_javaMod/create_AES/resources/main/assets/create_additional_energy_sourses/ponder/structures/create_additional_energy_sourses
	at java.base/sun.nio.fs.UnixException.translateToIOException(UnixException.java:92) ~[?:?]
	at java.base/sun.nio.fs.UnixException.asIOException(UnixException.java:115) ~[?:?]
	at java.base/sun.nio.fs.LinuxWatchService$Poller.implRegister(LinuxWatchService.java:244) ~[?:?]
	at java.base/sun.nio.fs.AbstractPoller.processRequests(AbstractPoller.java:266) ~[?:?]
	at java.base/sun.nio.fs.LinuxWatchService$Poller.run(LinuxWatchService.java:357) ~[?:?]
	at java.base/java.lang.Thread.run(Thread.java:1583) ~[?:?]
[06окт.2026 19:27:51.191] [Worker-Main-3/WARN] [net.minecraft.client.resources.model.ModelBakery/]: Unable to load model: 'minecraft:block' referenced from: simulated:block/rope_connector/block_horizontal: java.io.FileNotFoundException: minecraft:models/block.json
[06окт.2026 19:27:51.290] [Worker-Main-3/WARN] [net.minecraft.client.resources.model.BlockStateModelLoader/]: Exception loading blockstate definition: 'create_additional_energy_sourses:blockstates/v8_engine_classic.json' missing model for variant: 'create_additional_energy_sourses:v8_engine_classic#facing=west'
[06окт.2026 19:27:51.290] [Worker-Main-3/WARN] [net.minecraft.client.resources.model.BlockStateModelLoader/]: Exception loading blockstate definition: 'create_additional_energy_sourses:blockstates/v8_engine_classic.json' missing model for variant: 'create_additional_energy_sourses:v8_engine_classic#facing=north'
[06окт.2026 19:27:51.290] [Worker-Main-3/WARN] [net.minecraft.client.resources.model.BlockStateModelLoader/]: Exception loading blockstate definition: 'create_additional_energy_sourses:blockstates/v8_engine_classic.json' missing model for variant: 'create_additional_energy_sourses:v8_engine_classic#facing=south'
[06окт.2026 19:27:51.290] [Worker-Main-3/WARN] [net.minecraft.client.resources.model.BlockStateModelLoader/]: Exception loading blockstate definition: 'create_additional_energy_sourses:blockstates/v8_engine_classic.json' missing model for variant: 'create_additional_energy_sourses:v8_engine_classic#facing=east'
[06окт.2026 19:27:51.290] [Worker-Main-3/WARN] [net.minecraft.client.resources.model.BlockStateModelLoader/]: Exception loading blockstate definition: 'create_additional_energy_sourses:blockstates/modular_iron_i4_engine.json' missing model for variant: 'create_additional_energy_sourses:modular_iron_i4_engine#facing=east'
[06окт.2026 19:27:51.290] [Worker-Main-3/WARN] [net.minecraft.client.resources.model.BlockStateModelLoader/]: Exception loading blockstate definition: 'create_additional_energy_sourses:blockstates/modular_iron_i4_engine.json' missing model for variant: 'create_additional_energy_sourses:modular_iron_i4_engine#facing=west'
[06окт.2026 19:27:51.290] [Worker-Main-3/WARN] [net.minecraft.client.resources.model.BlockStateModelLoader/]: Exception loading blockstate definition: 'create_additional_energy_sourses:blockstates/modular_iron_i4_engine.json' missing model for variant: 'create_additional_energy_sourses:modular_iron_i4_engine#facing=south'
[06окт.2026 19:27:51.290] [Worker-Main-3/WARN] [net.minecraft.client.resources.model.BlockStateModelLoader/]: Exception loading blockstate definition: 'create_additional_energy_sourses:blockstates/modular_iron_i4_engine.json' missing model for variant: 'create_additional_energy_sourses:modular_iron_i4_engine#facing=north'
[06окт.2026 19:27:51.290] [Worker-Main-3/WARN] [net.minecraft.client.resources.model.BlockStateModelLoader/]: Exception loading blockstate definition: 'create_additional_energy_sourses:blockstates/modular_iron_i4_controller.json' missing model for variant: 'create_additional_energy_sourses:modular_iron_i4_controller#facing=south'
[06окт.2026 19:27:51.290] [Worker-Main-3/WARN] [net.minecraft.client.resources.model.BlockStateModelLoader/]: Exception loading blockstate definition: 'create_additional_energy_sourses:blockstates/modular_iron_i4_controller.json' missing model for variant: 'create_additional_energy_sourses:modular_iron_i4_controller#facing=north'
[06окт.2026 19:27:51.291] [Worker-Main-3/WARN] [net.minecraft.client.resources.model.BlockStateModelLoader/]: Exception loading blockstate definition: 'create_additional_energy_sourses:blockstates/modular_iron_i4_controller.json' missing model for variant: 'create_additional_energy_sourses:modular_iron_i4_controller#facing=west'
[06окт.2026 19:27:51.291] [Worker-Main-3/WARN] [net.minecraft.client.resources.model.BlockStateModelLoader/]: Exception loading blockstate definition: 'create_additional_energy_sourses:blockstates/modular_iron_i4_controller.json' missing model for variant: 'create_additional_energy_sourses:modular_iron_i4_controller#facing=east'
[06окт.2026 19:27:51.291] [Worker-Main-3/WARN] [net.minecraft.client.resources.model.BlockStateModelLoader/]: Exception loading blockstate definition: 'create_additional_energy_sourses:blockstates/modular_iron_v8_engine.json' missing model for variant: 'create_additional_energy_sourses:modular_iron_v8_engine#facing=west'
[06окт.2026 19:27:51.291] [Worker-Main-3/WARN] [net.minecraft.client.resources.model.BlockStateModelLoader/]: Exception loading blockstate definition: 'create_additional_energy_sourses:blockstates/modular_iron_v8_engine.json' missing model for variant: 'create_additional_energy_sourses:modular_iron_v8_engine#facing=east'
[06окт.2026 19:27:51.291] [Worker-Main-3/WARN] [net.minecraft.client.resources.model.BlockStateModelLoader/]: Exception loading blockstate definition: 'create_additional_energy_sourses:blockstates/modular_iron_v8_engine.json' missing model for variant: 'create_additional_energy_sourses:modular_iron_v8_engine#facing=north'
[06окт.2026 19:27:51.291] [Worker-Main-3/WARN] [net.minecraft.client.resources.model.BlockStateModelLoader/]: Exception loading blockstate definition: 'create_additional_energy_sourses:blockstates/modular_iron_v8_engine.json' missing model for variant: 'create_additional_energy_sourses:modular_iron_v8_engine#facing=south'
[06окт.2026 19:27:51.291] [Worker-Main-3/WARN] [net.minecraft.client.resources.model.BlockStateModelLoader/]: Exception loading blockstate definition: 'create_additional_energy_sourses:blockstates/modular_iron_v8_controller.json' missing model for variant: 'create_additional_energy_sourses:modular_iron_v8_controller#facing=south'
[06окт.2026 19:27:51.291] [Worker-Main-3/WARN] [net.minecraft.client.resources.model.BlockStateModelLoader/]: Exception loading blockstate definition: 'create_additional_energy_sourses:blockstates/modular_iron_v8_controller.json' missing model for variant: 'create_additional_energy_sourses:modular_iron_v8_controller#facing=north'
[06окт.2026 19:27:51.291] [Worker-Main-3/WARN] [net.minecraft.client.resources.model.BlockStateModelLoader/]: Exception loading blockstate definition: 'create_additional_energy_sourses:blockstates/modular_iron_v8_controller.json' missing model for variant: 'create_additional_energy_sourses:modular_iron_v8_controller#facing=east'
[06окт.2026 19:27:51.291] [Worker-Main-3/WARN] [net.minecraft.client.resources.model.BlockStateModelLoader/]: Exception loading blockstate definition: 'create_additional_energy_sourses:blockstates/modular_iron_v8_controller.json' missing model for variant: 'create_additional_energy_sourses:modular_iron_v8_controller#facing=west'
[06окт.2026 19:27:51.291] [Worker-Main-3/WARN] [net.minecraft.client.resources.model.BlockStateModelLoader/]: Exception loading blockstate definition: 'create_additional_energy_sourses:blockstates/modular_iron_w16_engine.json' missing model for variant: 'create_additional_energy_sourses:modular_iron_w16_engine#facing=east'
[06окт.2026 19:27:51.291] [Worker-Main-3/WARN] [net.minecraft.client.resources.model.BlockStateModelLoader/]: Exception loading blockstate definition: 'create_additional_energy_sourses:blockstates/modular_iron_w16_engine.json' missing model for variant: 'create_additional_energy_sourses:modular_iron_w16_engine#facing=west'
[06окт.2026 19:27:51.291] [Worker-Main-3/WARN] [net.minecraft.client.resources.model.BlockStateModelLoader/]: Exception loading blockstate definition: 'create_additional_energy_sourses:blockstates/modular_iron_w16_engine.json' missing model for variant: 'create_additional_energy_sourses:modular_iron_w16_engine#facing=north'
[06окт.2026 19:27:51.291] [Worker-Main-3/WARN] [net.minecraft.client.resources.model.BlockStateModelLoader/]: Exception loading blockstate definition: 'create_additional_energy_sourses:blockstates/modular_iron_w16_engine.json' missing model for variant: 'create_additional_energy_sourses:modular_iron_w16_engine#facing=south'
[06окт.2026 19:27:51.291] [Worker-Main-3/WARN] [net.minecraft.client.resources.model.BlockStateModelLoader/]: Exception loading blockstate definition: 'create_additional_energy_sourses:blockstates/modular_iron_w16_controller.json' missing model for variant: 'create_additional_energy_sourses:modular_iron_w16_controller#facing=east'
[06окт.2026 19:27:51.291] [Worker-Main-3/WARN] [net.minecraft.client.resources.model.BlockStateModelLoader/]: Exception loading blockstate definition: 'create_additional_energy_sourses:blockstates/modular_iron_w16_controller.json' missing model for variant: 'create_additional_energy_sourses:modular_iron_w16_controller#facing=west'
[06окт.2026 19:27:51.291] [Worker-Main-3/WARN] [net.minecraft.client.resources.model.BlockStateModelLoader/]: Exception loading blockstate definition: 'create_additional_energy_sourses:blockstates/modular_iron_w16_controller.json' missing model for variant: 'create_additional_energy_sourses:modular_iron_w16_controller#facing=north'
[06окт.2026 19:27:51.291] [Worker-Main-3/WARN] [net.minecraft.client.resources.model.BlockStateModelLoader/]: Exception loading blockstate definition: 'create_additional_energy_sourses:blockstates/modular_iron_w16_controller.json' missing model for variant: 'create_additional_energy_sourses:modular_iron_w16_controller#facing=south'
[06окт.2026 19:27:51.291] [Worker-Main-3/WARN] [net.minecraft.client.resources.model.BlockStateModelLoader/]: Exception loading blockstate definition: 'create_additional_energy_sourses:blockstates/modular_iron_r32_engine.json' missing model for variant: 'create_additional_energy_sourses:modular_iron_r32_engine#facing=south'
[06окт.2026 19:27:51.291] [Worker-Main-3/WARN] [net.minecraft.client.resources.model.BlockStateModelLoader/]: Exception loading blockstate definition: 'create_additional_energy_sourses:blockstates/modular_iron_r32_engine.json' missing model for variant: 'create_additional_energy_sourses:modular_iron_r32_engine#facing=east'
[06окт.2026 19:27:51.291] [Worker-Main-3/WARN] [net.minecraft.client.resources.model.BlockStateModelLoader/]: Exception loading blockstate definition: 'create_additional_energy_sourses:blockstates/modular_iron_r32_engine.json' missing model for variant: 'create_additional_energy_sourses:modular_iron_r32_engine#facing=west'
[06окт.2026 19:27:51.291] [Worker-Main-3/WARN] [net.minecraft.client.resources.model.BlockStateModelLoader/]: Exception loading blockstate definition: 'create_additional_energy_sourses:blockstates/modular_iron_r32_engine.json' missing model for variant: 'create_additional_energy_sourses:modular_iron_r32_engine#facing=north'
[06окт.2026 19:27:51.291] [Worker-Main-3/WARN] [net.minecraft.client.resources.model.BlockStateModelLoader/]: Exception loading blockstate definition: 'create_additional_energy_sourses:blockstates/modular_iron_r32_controller.json' missing model for variant: 'create_additional_energy_sourses:modular_iron_r32_controller#facing=south'
[06окт.2026 19:27:51.291] [Worker-Main-3/WARN] [net.minecraft.client.resources.model.BlockStateModelLoader/]: Exception loading blockstate definition: 'create_additional_energy_sourses:blockstates/modular_iron_r32_controller.json' missing model for variant: 'create_additional_energy_sourses:modular_iron_r32_controller#facing=east'
[06окт.2026 19:27:51.291] [Worker-Main-3/WARN] [net.minecraft.client.resources.model.BlockStateModelLoader/]: Exception loading blockstate definition: 'create_additional_energy_sourses:blockstates/modular_iron_r32_controller.json' missing model for variant: 'create_additional_energy_sourses:modular_iron_r32_controller#facing=west'
[06окт.2026 19:27:51.291] [Worker-Main-3/WARN] [net.minecraft.client.resources.model.BlockStateModelLoader/]: Exception loading blockstate definition: 'create_additional_energy_sourses:blockstates/modular_iron_r32_controller.json' missing model for variant: 'create_additional_energy_sourses:modular_iron_r32_controller#facing=north'
[06окт.2026 19:27:51.291] [Worker-Main-3/WARN] [net.minecraft.client.resources.model.BlockStateModelLoader/]: Exception loading blockstate definition: 'create_additional_energy_sourses:blockstates/modular_aluminum_i4_engine.json' missing model for variant: 'create_additional_energy_sourses:modular_aluminum_i4_engine#facing=west'
[06окт.2026 19:27:51.291] [Worker-Main-3/WARN] [net.minecraft.client.resources.model.BlockStateModelLoader/]: Exception loading blockstate definition: 'create_additional_energy_sourses:blockstates/modular_aluminum_i4_engine.json' missing model for variant: 'create_additional_energy_sourses:modular_aluminum_i4_engine#facing=north'
[06окт.2026 19:27:51.291] [Worker-Main-3/WARN] [net.minecraft.client.resources.model.BlockStateModelLoader/]: Exception loading blockstate definition: 'create_additional_energy_sourses:blockstates/modular_aluminum_i4_engine.json' missing model for variant: 'create_additional_energy_sourses:modular_aluminum_i4_engine#facing=east'
[06окт.2026 19:27:51.291] [Worker-Main-3/WARN] [net.minecraft.client.resources.model.BlockStateModelLoader/]: Exception loading blockstate definition: 'create_additional_energy_sourses:blockstates/modular_aluminum_i4_engine.json' missing model for variant: 'create_additional_energy_sourses:modular_aluminum_i4_engine#facing=south'
[06окт.2026 19:27:51.291] [Worker-Main-3/WARN] [net.minecraft.client.resources.model.BlockStateModelLoader/]: Exception loading blockstate definition: 'create_additional_energy_sourses:blockstates/modular_aluminum_i4_controller.json' missing model for variant: 'create_additional_energy_sourses:modular_aluminum_i4_controller#facing=south'
[06окт.2026 19:27:51.291] [Worker-Main-3/WARN] [net.minecraft.client.resources.model.BlockStateModelLoader/]: Exception loading blockstate definition: 'create_additional_energy_sourses:blockstates/modular_aluminum_i4_controller.json' missing model for variant: 'create_additional_energy_sourses:modular_aluminum_i4_controller#facing=east'
[06окт.2026 19:27:51.291] [Worker-Main-3/WARN] [net.minecraft.client.resources.model.BlockStateModelLoader/]: Exception loading blockstate definition: 'create_additional_energy_sourses:blockstates/modular_aluminum_i4_controller.json' missing model for variant: 'create_additional_energy_sourses:modular_aluminum_i4_controller#facing=north'
[06окт.2026 19:27:51.291] [Worker-Main-3/WARN] [net.minecraft.client.resources.model.BlockStateModelLoader/]: Exception loading blockstate definition: 'create_additional_energy_sourses:blockstates/modular_aluminum_i4_controller.json' missing model for variant: 'create_additional_energy_sourses:modular_aluminum_i4_controller#facing=west'
[06окт.2026 19:27:51.291] [Worker-Main-3/WARN] [net.minecraft.client.resources.model.BlockStateModelLoader/]: Exception loading blockstate definition: 'create_additional_energy_sourses:blockstates/modular_aluminum_v8_engine.json' missing model for variant: 'create_additional_energy_sourses:modular_aluminum_v8_engine#facing=north'
[06окт.2026 19:27:51.291] [Worker-Main-3/WARN] [net.minecraft.client.resources.model.BlockStateModelLoader/]: Exception loading blockstate definition: 'create_additional_energy_sourses:blockstates/modular_aluminum_v8_engine.json' missing model for variant: 'create_additional_energy_sourses:modular_aluminum_v8_engine#facing=west'
[06окт.2026 19:27:51.291] [Worker-Main-3/WARN] [net.minecraft.client.resources.model.BlockStateModelLoader/]: Exception loading blockstate definition: 'create_additional_energy_sourses:blockstates/modular_aluminum_v8_engine.json' missing model for variant: 'create_additional_energy_sourses:modular_aluminum_v8_engine#facing=south'
[06окт.2026 19:27:51.291] [Worker-Main-3/WARN] [net.minecraft.client.resources.model.BlockStateModelLoader/]: Exception loading blockstate definition: 'create_additional_energy_sourses:blockstates/modular_aluminum_v8_engine.json' missing model for variant: 'create_additional_energy_sourses:modular_aluminum_v8_engine#facing=east'
[06окт.2026 19:27:51.291] [Worker-Main-3/WARN] [net.minecraft.client.resources.model.BlockStateModelLoader/]: Exception loading blockstate definition: 'create_additional_energy_sourses:blockstates/modular_aluminum_v8_controller.json' missing model for variant: 'create_additional_energy_sourses:modular_aluminum_v8_controller#facing=west'
[06окт.2026 19:27:51.291] [Worker-Main-3/WARN] [net.minecraft.client.resources.model.BlockStateModelLoader/]: Exception loading blockstate definition: 'create_additional_energy_sourses:blockstates/modular_aluminum_v8_controller.json' missing model for variant: 'create_additional_energy_sourses:modular_aluminum_v8_controller#facing=east'
[06окт.2026 19:27:51.291] [Worker-Main-3/WARN] [net.minecraft.client.resources.model.BlockStateModelLoader/]: Exception loading blockstate definition: 'create_additional_energy_sourses:blockstates/modular_aluminum_v8_controller.json' missing model for variant: 'create_additional_energy_sourses:modular_aluminum_v8_controller#facing=south'
[06окт.2026 19:27:51.291] [Worker-Main-3/WARN] [net.minecraft.client.resources.model.BlockStateModelLoader/]: Exception loading blockstate definition: 'create_additional_energy_sourses:blockstates/modular_aluminum_v8_controller.json' missing model for variant: 'create_additional_energy_sourses:modular_aluminum_v8_controller#facing=north'
[06окт.2026 19:27:51.291] [Worker-Main-3/WARN] [net.minecraft.client.resources.model.BlockStateModelLoader/]: Exception loading blockstate definition: 'create_additional_energy_sourses:blockstates/modular_aluminum_w16_engine.json' missing model for variant: 'create_additional_energy_sourses:modular_aluminum_w16_engine#facing=south'
[06окт.2026 19:27:51.291] [Worker-Main-3/WARN] [net.minecraft.client.resources.model.BlockStateModelLoader/]: Exception loading blockstate definition: 'create_additional_energy_sourses:blockstates/modular_aluminum_w16_engine.json' missing model for variant: 'create_additional_energy_sourses:modular_aluminum_w16_engine#facing=north'
[06окт.2026 19:27:51.291] [Worker-Main-3/WARN] [net.minecraft.client.resources.model.BlockStateModelLoader/]: Exception loading blockstate definition: 'create_additional_energy_sourses:blockstates/modular_aluminum_w16_engine.json' missing model for variant: 'create_additional_energy_sourses:modular_aluminum_w16_engine#facing=east'
[06окт.2026 19:27:51.291] [Worker-Main-3/WARN] [net.minecraft.client.resources.model.BlockStateModelLoader/]: Exception loading blockstate definition: 'create_additional_energy_sourses:blockstates/modular_aluminum_w16_engine.json' missing model for variant: 'create_additional_energy_sourses:modular_aluminum_w16_engine#facing=west'
[06окт.2026 19:27:51.291] [Worker-Main-3/WARN] [net.minecraft.client.resources.model.BlockStateModelLoader/]: Exception loading blockstate definition: 'create_additional_energy_sourses:blockstates/modular_aluminum_w16_controller.json' missing model for variant: 'create_additional_energy_sourses:modular_aluminum_w16_controller#facing=north'
[06окт.2026 19:27:51.291] [Worker-Main-3/WARN] [net.minecraft.client.resources.model.BlockStateModelLoader/]: Exception loading blockstate definition: 'create_additional_energy_sourses:blockstates/modular_aluminum_w16_controller.json' missing model for variant: 'create_additional_energy_sourses:modular_aluminum_w16_controller#facing=south'
[06окт.2026 19:27:51.291] [Worker-Main-3/WARN] [net.minecraft.client.resources.model.BlockStateModelLoader/]: Exception loading blockstate definition: 'create_additional_energy_sourses:blockstates/modular_aluminum_w16_controller.json' missing model for variant: 'create_additional_energy_sourses:modular_aluminum_w16_controller#facing=east'
[06окт.2026 19:27:51.291] [Worker-Main-3/WARN] [net.minecraft.client.resources.model.BlockStateModelLoader/]: Exception loading blockstate definition: 'create_additional_energy_sourses:blockstates/modular_aluminum_w16_controller.json' missing model for variant: 'create_additional_energy_sourses:modular_aluminum_w16_controller#facing=west'
[06окт.2026 19:27:51.291] [Worker-Main-3/WARN] [net.minecraft.client.resources.model.BlockStateModelLoader/]: Exception loading blockstate definition: 'create_additional_energy_sourses:blockstates/modular_aluminum_r32_engine.json' missing model for variant: 'create_additional_energy_sourses:modular_aluminum_r32_engine#facing=west'
[06окт.2026 19:27:51.291] [Worker-Main-3/WARN] [net.minecraft.client.resources.model.BlockStateModelLoader/]: Exception loading blockstate definition: 'create_additional_energy_sourses:blockstates/modular_aluminum_r32_engine.json' missing model for variant: 'create_additional_energy_sourses:modular_aluminum_r32_engine#facing=north'
[06окт.2026 19:27:51.292] [Worker-Main-3/WARN] [net.minecraft.client.resources.model.BlockStateModelLoader/]: Exception loading blockstate definition: 'create_additional_energy_sourses:blockstates/modular_aluminum_r32_engine.json' missing model for variant: 'create_additional_energy_sourses:modular_aluminum_r32_engine#facing=south'
[06окт.2026 19:27:51.292] [Worker-Main-3/WARN] [net.minecraft.client.resources.model.BlockStateModelLoader/]: Exception loading blockstate definition: 'create_additional_energy_sourses:blockstates/modular_aluminum_r32_engine.json' missing model for variant: 'create_additional_energy_sourses:modular_aluminum_r32_engine#facing=east'
[06окт.2026 19:27:51.292] [Worker-Main-3/WARN] [net.minecraft.client.resources.model.BlockStateModelLoader/]: Exception loading blockstate definition: 'create_additional_energy_sourses:blockstates/modular_aluminum_r32_controller.json' missing model for variant: 'create_additional_energy_sourses:modular_aluminum_r32_controller#facing=north'
[06окт.2026 19:27:51.292] [Worker-Main-3/WARN] [net.minecraft.client.resources.model.BlockStateModelLoader/]: Exception loading blockstate definition: 'create_additional_energy_sourses:blockstates/modular_aluminum_r32_controller.json' missing model for variant: 'create_additional_energy_sourses:modular_aluminum_r32_controller#facing=east'
[06окт.2026 19:27:51.292] [Worker-Main-3/WARN] [net.minecraft.client.resources.model.BlockStateModelLoader/]: Exception loading blockstate definition: 'create_additional_energy_sourses:blockstates/modular_aluminum_r32_controller.json' missing model for variant: 'create_additional_energy_sourses:modular_aluminum_r32_controller#facing=south'
[06окт.2026 19:27:51.292] [Worker-Main-3/WARN] [net.minecraft.client.resources.model.BlockStateModelLoader/]: Exception loading blockstate definition: 'create_additional_energy_sourses:blockstates/modular_aluminum_r32_controller.json' missing model for variant: 'create_additional_energy_sourses:modular_aluminum_r32_controller#facing=west'
[06окт.2026 19:27:51.292] [Worker-Main-3/WARN] [net.minecraft.client.resources.model.BlockStateModelLoader/]: Exception loading blockstate definition: 'create_additional_energy_sourses:blockstates/modular_titanium_i4_engine.json' missing model for variant: 'create_additional_energy_sourses:modular_titanium_i4_engine#facing=south'
[06окт.2026 19:27:51.292] [Worker-Main-3/WARN] [net.minecraft.client.resources.model.BlockStateModelLoader/]: Exception loading blockstate definition: 'create_additional_energy_sourses:blockstates/modular_titanium_i4_engine.json' missing model for variant: 'create_additional_energy_sourses:modular_titanium_i4_engine#facing=east'
[06окт.2026 19:27:51.292] [Worker-Main-3/WARN] [net.minecraft.client.resources.model.BlockStateModelLoader/]: Exception loading blockstate definition: 'create_additional_energy_sourses:blockstates/modular_titanium_i4_engine.json' missing model for variant: 'create_additional_energy_sourses:modular_titanium_i4_engine#facing=west'
[06окт.2026 19:27:51.292] [Worker-Main-3/WARN] [net.minecraft.client.resources.model.BlockStateModelLoader/]: Exception loading blockstate definition: 'create_additional_energy_sourses:blockstates/modular_titanium_i4_engine.json' missing model for variant: 'create_additional_energy_sourses:modular_titanium_i4_engine#facing=north'
[06окт.2026 19:27:51.292] [Worker-Main-3/WARN] [net.minecraft.client.resources.model.BlockStateModelLoader/]: Exception loading blockstate definition: 'create_additional_energy_sourses:blockstates/modular_titanium_i4_controller.json' missing model for variant: 'create_additional_energy_sourses:modular_titanium_i4_controller#facing=north'
[06окт.2026 19:27:51.292] [Worker-Main-3/WARN] [net.minecraft.client.resources.model.BlockStateModelLoader/]: Exception loading blockstate definition: 'create_additional_energy_sourses:blockstates/modular_titanium_i4_controller.json' missing model for variant: 'create_additional_energy_sourses:modular_titanium_i4_controller#facing=south'
[06окт.2026 19:27:51.292] [Worker-Main-3/WARN] [net.minecraft.client.resources.model.BlockStateModelLoader/]: Exception loading blockstate definition: 'create_additional_energy_sourses:blockstates/modular_titanium_i4_controller.json' missing model for variant: 'create_additional_energy_sourses:modular_titanium_i4_controller#facing=east'
[06окт.2026 19:27:51.292] [Worker-Main-3/WARN] [net.minecraft.client.resources.model.BlockStateModelLoader/]: Exception loading blockstate definition: 'create_additional_energy_sourses:blockstates/modular_titanium_i4_controller.json' missing model for variant: 'create_additional_energy_sourses:modular_titanium_i4_controller#facing=west'
[06окт.2026 19:27:51.292] [Worker-Main-3/WARN] [net.minecraft.client.resources.model.BlockStateModelLoader/]: Exception loading blockstate definition: 'create_additional_energy_sourses:blockstates/modular_titanium_v8_engine.json' missing model for variant: 'create_additional_energy_sourses:modular_titanium_v8_engine#facing=west'
[06окт.2026 19:27:51.292] [Worker-Main-3/WARN] [net.minecraft.client.resources.model.BlockStateModelLoader/]: Exception loading blockstate definition: 'create_additional_energy_sourses:blockstates/modular_titanium_v8_engine.json' missing model for variant: 'create_additional_energy_sourses:modular_titanium_v8_engine#facing=north'
[06окт.2026 19:27:51.292] [Worker-Main-3/WARN] [net.minecraft.client.resources.model.BlockStateModelLoader/]: Exception loading blockstate definition: 'create_additional_energy_sourses:blockstates/modular_titanium_v8_engine.json' missing model for variant: 'create_additional_energy_sourses:modular_titanium_v8_engine#facing=east'
[06окт.2026 19:27:51.292] [Worker-Main-3/WARN] [net.minecraft.client.resources.model.BlockStateModelLoader/]: Exception loading blockstate definition: 'create_additional_energy_sourses:blockstates/modular_titanium_v8_engine.json' missing model for variant: 'create_additional_energy_sourses:modular_titanium_v8_engine#facing=south'
[06окт.2026 19:27:51.292] [Worker-Main-3/WARN] [net.minecraft.client.resources.model.BlockStateModelLoader/]: Exception loading blockstate definition: 'create_additional_energy_sourses:blockstates/modular_titanium_v8_controller.json' missing model for variant: 'create_additional_energy_sourses:modular_titanium_v8_controller#facing=west'
[06окт.2026 19:27:51.292] [Worker-Main-3/WARN] [net.minecraft.client.resources.model.BlockStateModelLoader/]: Exception loading blockstate definition: 'create_additional_energy_sourses:blockstates/modular_titanium_v8_controller.json' missing model for variant: 'create_additional_energy_sourses:modular_titanium_v8_controller#facing=north'
[06окт.2026 19:27:51.292] [Worker-Main-3/WARN] [net.minecraft.client.resources.model.BlockStateModelLoader/]: Exception loading blockstate definition: 'create_additional_energy_sourses:blockstates/modular_titanium_v8_controller.json' missing model for variant: 'create_additional_energy_sourses:modular_titanium_v8_controller#facing=east'
[06окт.2026 19:27:51.292] [Worker-Main-3/WARN] [net.minecraft.client.resources.model.BlockStateModelLoader/]: Exception loading blockstate definition: 'create_additional_energy_sourses:blockstates/modular_titanium_v8_controller.json' missing model for variant: 'create_additional_energy_sourses:modular_titanium_v8_controller#facing=south'
[06окт.2026 19:27:51.292] [Worker-Main-3/WARN] [net.minecraft.client.resources.model.BlockStateModelLoader/]: Exception loading blockstate definition: 'create_additional_energy_sourses:blockstates/modular_titanium_w16_engine.json' missing model for variant: 'create_additional_energy_sourses:modular_titanium_w16_engine#facing=north'
[06окт.2026 19:27:51.292] [Worker-Main-3/WARN] [net.minecraft.client.resources.model.BlockStateModelLoader/]: Exception loading blockstate definition: 'create_additional_energy_sourses:blockstates/modular_titanium_w16_engine.json' missing model for variant: 'create_additional_energy_sourses:modular_titanium_w16_engine#facing=south'
[06окт.2026 19:27:51.292] [Worker-Main-3/WARN] [net.minecraft.client.resources.model.BlockStateModelLoader/]: Exception loading blockstate definition: 'create_additional_energy_sourses:blockstates/modular_titanium_w16_engine.json' missing model for variant: 'create_additional_energy_sourses:modular_titanium_w16_engine#facing=east'
[06окт.2026 19:27:51.292] [Worker-Main-3/WARN] [net.minecraft.client.resources.model.BlockStateModelLoader/]: Exception loading blockstate definition: 'create_additional_energy_sourses:blockstates/modular_titanium_w16_engine.json' missing model for variant: 'create_additional_energy_sourses:modular_titanium_w16_engine#facing=west'
[06окт.2026 19:27:51.292] [Worker-Main-3/WARN] [net.minecraft.client.resources.model.BlockStateModelLoader/]: Exception loading blockstate definition: 'create_additional_energy_sourses:blockstates/modular_titanium_w16_controller.json' missing model for variant: 'create_additional_energy_sourses:modular_titanium_w16_controller#facing=east'
[06окт.2026 19:27:51.292] [Worker-Main-3/WARN] [net.minecraft.client.resources.model.BlockStateModelLoader/]: Exception loading blockstate definition: 'create_additional_energy_sourses:blockstates/modular_titanium_w16_controller.json' missing model for variant: 'create_additional_energy_sourses:modular_titanium_w16_controller#facing=west'
[06окт.2026 19:27:51.292] [Worker-Main-3/WARN] [net.minecraft.client.resources.model.BlockStateModelLoader/]: Exception loading blockstate definition: 'create_additional_energy_sourses:blockstates/modular_titanium_w16_controller.json' missing model for variant: 'create_additional_energy_sourses:modular_titanium_w16_controller#facing=south'
[06окт.2026 19:27:51.292] [Worker-Main-3/WARN] [net.minecraft.client.resources.model.BlockStateModelLoader/]: Exception loading blockstate definition: 'create_additional_energy_sourses:blockstates/modular_titanium_w16_controller.json' missing model for variant: 'create_additional_energy_sourses:modular_titanium_w16_controller#facing=north'
[06окт.2026 19:27:51.292] [Worker-Main-3/WARN] [net.minecraft.client.resources.model.BlockStateModelLoader/]: Exception loading blockstate definition: 'create_additional_energy_sourses:blockstates/modular_titanium_r32_engine.json' missing model for variant: 'create_additional_energy_sourses:modular_titanium_r32_engine#facing=east'
[06окт.2026 19:27:51.292] [Worker-Main-3/WARN] [net.minecraft.client.resources.model.BlockStateModelLoader/]: Exception loading blockstate definition: 'create_additional_energy_sourses:blockstates/modular_titanium_r32_engine.json' missing model for variant: 'create_additional_energy_sourses:modular_titanium_r32_engine#facing=north'
[06окт.2026 19:27:51.292] [Worker-Main-3/WARN] [net.minecraft.client.resources.model.BlockStateModelLoader/]: Exception loading blockstate definition: 'create_additional_energy_sourses:blockstates/modular_titanium_r32_engine.json' missing model for variant: 'create_additional_energy_sourses:modular_titanium_r32_engine#facing=south'
[06окт.2026 19:27:51.292] [Worker-Main-3/WARN] [net.minecraft.client.resources.model.BlockStateModelLoader/]: Exception loading blockstate definition: 'create_additional_energy_sourses:blockstates/modular_titanium_r32_engine.json' missing model for variant: 'create_additional_energy_sourses:modular_titanium_r32_engine#facing=west'
[06окт.2026 19:27:51.292] [Worker-Main-3/WARN] [net.minecraft.client.resources.model.BlockStateModelLoader/]: Exception loading blockstate definition: 'create_additional_energy_sourses:blockstates/modular_titanium_r32_controller.json' missing model for variant: 'create_additional_energy_sourses:modular_titanium_r32_controller#facing=south'
[06окт.2026 19:27:51.292] [Worker-Main-3/WARN] [net.minecraft.client.resources.model.BlockStateModelLoader/]: Exception loading blockstate definition: 'create_additional_energy_sourses:blockstates/modular_titanium_r32_controller.json' missing model for variant: 'create_additional_energy_sourses:modular_titanium_r32_controller#facing=north'
[06окт.2026 19:27:51.292] [Worker-Main-3/WARN] [net.minecraft.client.resources.model.BlockStateModelLoader/]: Exception loading blockstate definition: 'create_additional_energy_sourses:blockstates/modular_titanium_r32_controller.json' missing model for variant: 'create_additional_energy_sourses:modular_titanium_r32_controller#facing=east'
[06окт.2026 19:27:51.292] [Worker-Main-3/WARN] [net.minecraft.client.resources.model.BlockStateModelLoader/]: Exception loading blockstate definition: 'create_additional_energy_sourses:blockstates/modular_titanium_r32_controller.json' missing model for variant: 'create_additional_energy_sourses:modular_titanium_r32_controller#facing=west'
[06окт.2026 19:27:51.292] [Worker-Main-3/WARN] [net.minecraft.client.resources.model.BlockStateModelLoader/]: Exception loading blockstate definition: 'create_additional_energy_sourses:blockstates/modular_iron_i4_carter.json' missing model for variant: 'create_additional_energy_sourses:modular_iron_i4_carter#facing=south'
[06окт.2026 19:27:51.292] [Worker-Main-3/WARN] [net.minecraft.client.resources.model.BlockStateModelLoader/]: Exception loading blockstate definition: 'create_additional_energy_sourses:blockstates/modular_iron_i4_carter.json' missing model for variant: 'create_additional_energy_sourses:modular_iron_i4_carter#facing=north'
[06окт.2026 19:27:51.292] [Worker-Main-3/WARN] [net.minecraft.client.resources.model.BlockStateModelLoader/]: Exception loading blockstate definition: 'create_additional_energy_sourses:blockstates/modular_iron_i4_carter.json' missing model for variant: 'create_additional_energy_sourses:modular_iron_i4_carter#facing=west'
[06окт.2026 19:27:51.292] [Worker-Main-3/WARN] [net.minecraft.client.resources.model.BlockStateModelLoader/]: Exception loading blockstate definition: 'create_additional_energy_sourses:blockstates/modular_iron_i4_carter.json' missing model for variant: 'create_additional_energy_sourses:modular_iron_i4_carter#facing=east'
[06окт.2026 19:27:51.292] [Worker-Main-3/WARN] [net.minecraft.client.resources.model.BlockStateModelLoader/]: Exception loading blockstate definition: 'create_additional_energy_sourses:blockstates/modular_iron_v8_carter.json' missing model for variant: 'create_additional_energy_sourses:modular_iron_v8_carter#facing=south'
[06окт.2026 19:27:51.292] [Worker-Main-3/WARN] [net.minecraft.client.resources.model.BlockStateModelLoader/]: Exception loading blockstate definition: 'create_additional_energy_sourses:blockstates/modular_iron_v8_carter.json' missing model for variant: 'create_additional_energy_sourses:modular_iron_v8_carter#facing=east'
[06окт.2026 19:27:51.292] [Worker-Main-3/WARN] [net.minecraft.client.resources.model.BlockStateModelLoader/]: Exception loading blockstate definition: 'create_additional_energy_sourses:blockstates/modular_iron_v8_carter.json' missing model for variant: 'create_additional_energy_sourses:modular_iron_v8_carter#facing=north'
[06окт.2026 19:27:51.292] [Worker-Main-3/WARN] [net.minecraft.client.resources.model.BlockStateModelLoader/]: Exception loading blockstate definition: 'create_additional_energy_sourses:blockstates/modular_iron_v8_carter.json' missing model for variant: 'create_additional_energy_sourses:modular_iron_v8_carter#facing=west'
[06окт.2026 19:27:51.292] [Worker-Main-3/WARN] [net.minecraft.client.resources.model.BlockStateModelLoader/]: Exception loading blockstate definition: 'create_additional_energy_sourses:blockstates/modular_iron_w16_carter.json' missing model for variant: 'create_additional_energy_sourses:modular_iron_w16_carter#facing=north'
[06окт.2026 19:27:51.292] [Worker-Main-3/WARN] [net.minecraft.client.resources.model.BlockStateModelLoader/]: Exception loading blockstate definition: 'create_additional_energy_sourses:blockstates/modular_iron_w16_carter.json' missing model for variant: 'create_additional_energy_sourses:modular_iron_w16_carter#facing=south'
[06окт.2026 19:27:51.292] [Worker-Main-3/WARN] [net.minecraft.client.resources.model.BlockStateModelLoader/]: Exception loading blockstate definition: 'create_additional_energy_sourses:blockstates/modular_iron_w16_carter.json' missing model for variant: 'create_additional_energy_sourses:modular_iron_w16_carter#facing=east'
[06окт.2026 19:27:51.292] [Worker-Main-3/WARN] [net.minecraft.client.resources.model.BlockStateModelLoader/]: Exception loading blockstate definition: 'create_additional_energy_sourses:blockstates/modular_iron_w16_carter.json' missing model for variant: 'create_additional_energy_sourses:modular_iron_w16_carter#facing=west'
[06окт.2026 19:27:51.292] [Worker-Main-3/WARN] [net.minecraft.client.resources.model.BlockStateModelLoader/]: Exception loading blockstate definition: 'create_additional_energy_sourses:blockstates/modular_iron_r32_carter.json' missing model for variant: 'create_additional_energy_sourses:modular_iron_r32_carter#facing=east'
[06окт.2026 19:27:51.292] [Worker-Main-3/WARN] [net.minecraft.client.resources.model.BlockStateModelLoader/]: Exception loading blockstate definition: 'create_additional_energy_sourses:blockstates/modular_iron_r32_carter.json' missing model for variant: 'create_additional_energy_sourses:modular_iron_r32_carter#facing=north'
[06окт.2026 19:27:51.292] [Worker-Main-3/WARN] [net.minecraft.client.resources.model.BlockStateModelLoader/]: Exception loading blockstate definition: 'create_additional_energy_sourses:blockstates/modular_iron_r32_carter.json' missing model for variant: 'create_additional_energy_sourses:modular_iron_r32_carter#facing=south'
[06окт.2026 19:27:51.292] [Worker-Main-3/WARN] [net.minecraft.client.resources.model.BlockStateModelLoader/]: Exception loading blockstate definition: 'create_additional_energy_sourses:blockstates/modular_iron_r32_carter.json' missing model for variant: 'create_additional_energy_sourses:modular_iron_r32_carter#facing=west'
[06окт.2026 19:27:51.292] [Worker-Main-3/WARN] [net.minecraft.client.resources.model.BlockStateModelLoader/]: Exception loading blockstate definition: 'create_additional_energy_sourses:blockstates/modular_aluminum_i4_carter.json' missing model for variant: 'create_additional_energy_sourses:modular_aluminum_i4_carter#facing=south'
[06окт.2026 19:27:51.293] [Worker-Main-3/WARN] [net.minecraft.client.resources.model.BlockStateModelLoader/]: Exception loading blockstate definition: 'create_additional_energy_sourses:blockstates/modular_aluminum_i4_carter.json' missing model for variant: 'create_additional_energy_sourses:modular_aluminum_i4_carter#facing=north'
[06окт.2026 19:27:51.293] [Worker-Main-3/WARN] [net.minecraft.client.resources.model.BlockStateModelLoader/]: Exception loading blockstate definition: 'create_additional_energy_sourses:blockstates/modular_aluminum_i4_carter.json' missing model for variant: 'create_additional_energy_sourses:modular_aluminum_i4_carter#facing=east'
[06окт.2026 19:27:51.293] [Worker-Main-3/WARN] [net.minecraft.client.resources.model.BlockStateModelLoader/]: Exception loading blockstate definition: 'create_additional_energy_sourses:blockstates/modular_aluminum_i4_carter.json' missing model for variant: 'create_additional_energy_sourses:modular_aluminum_i4_carter#facing=west'
[06окт.2026 19:27:51.293] [Worker-Main-3/WARN] [net.minecraft.client.resources.model.BlockStateModelLoader/]: Exception loading blockstate definition: 'create_additional_energy_sourses:blockstates/modular_aluminum_v8_carter.json' missing model for variant: 'create_additional_energy_sourses:modular_aluminum_v8_carter#facing=west'
[06окт.2026 19:27:51.293] [Worker-Main-3/WARN] [net.minecraft.client.resources.model.BlockStateModelLoader/]: Exception loading blockstate definition: 'create_additional_energy_sourses:blockstates/modular_aluminum_v8_carter.json' missing model for variant: 'create_additional_energy_sourses:modular_aluminum_v8_carter#facing=east'
[06окт.2026 19:27:51.293] [Worker-Main-3/WARN] [net.minecraft.client.resources.model.BlockStateModelLoader/]: Exception loading blockstate definition: 'create_additional_energy_sourses:blockstates/modular_aluminum_v8_carter.json' missing model for variant: 'create_additional_energy_sourses:modular_aluminum_v8_carter#facing=south'
[06окт.2026 19:27:51.293] [Worker-Main-3/WARN] [net.minecraft.client.resources.model.BlockStateModelLoader/]: Exception loading blockstate definition: 'create_additional_energy_sourses:blockstates/modular_aluminum_v8_carter.json' missing model for variant: 'create_additional_energy_sourses:modular_aluminum_v8_carter#facing=north'
[06окт.2026 19:27:51.293] [Worker-Main-3/WARN] [net.minecraft.client.resources.model.BlockStateModelLoader/]: Exception loading blockstate definition: 'create_additional_energy_sourses:blockstates/modular_aluminum_w16_carter.json' missing model for variant: 'create_additional_energy_sourses:modular_aluminum_w16_carter#facing=west'
[06окт.2026 19:27:51.293] [Worker-Main-3/WARN] [net.minecraft.client.resources.model.BlockStateModelLoader/]: Exception loading blockstate definition: 'create_additional_energy_sourses:blockstates/modular_aluminum_w16_carter.json' missing model for variant: 'create_additional_energy_sourses:modular_aluminum_w16_carter#facing=north'
[06окт.2026 19:27:51.293] [Worker-Main-3/WARN] [net.minecraft.client.resources.model.BlockStateModelLoader/]: Exception loading blockstate definition: 'create_additional_energy_sourses:blockstates/modular_aluminum_w16_carter.json' missing model for variant: 'create_additional_energy_sourses:modular_aluminum_w16_carter#facing=south'
[06окт.2026 19:27:51.293] [Worker-Main-3/WARN] [net.minecraft.client.resources.model.BlockStateModelLoader/]: Exception loading blockstate definition: 'create_additional_energy_sourses:blockstates/modular_aluminum_w16_carter.json' missing model for variant: 'create_additional_energy_sourses:modular_aluminum_w16_carter#facing=east'
[06окт.2026 19:27:51.293] [Worker-Main-3/WARN] [net.minecraft.client.resources.model.BlockStateModelLoader/]: Exception loading blockstate definition: 'create_additional_energy_sourses:blockstates/modular_aluminum_r32_carter.json' missing model for variant: 'create_additional_energy_sourses:modular_aluminum_r32_carter#facing=west'
[06окт.2026 19:27:51.293] [Worker-Main-3/WARN] [net.minecraft.client.resources.model.BlockStateModelLoader/]: Exception loading blockstate definition: 'create_additional_energy_sourses:blockstates/modular_aluminum_r32_carter.json' missing model for variant: 'create_additional_energy_sourses:modular_aluminum_r32_carter#facing=east'
[06окт.2026 19:27:51.293] [Worker-Main-3/WARN] [net.minecraft.client.resources.model.BlockStateModelLoader/]: Exception loading blockstate definition: 'create_additional_energy_sourses:blockstates/modular_aluminum_r32_carter.json' missing model for variant: 'create_additional_energy_sourses:modular_aluminum_r32_carter#facing=north'
[06окт.2026 19:27:51.293] [Worker-Main-3/WARN] [net.minecraft.client.resources.model.BlockStateModelLoader/]: Exception loading blockstate definition: 'create_additional_energy_sourses:blockstates/modular_aluminum_r32_carter.json' missing model for variant: 'create_additional_energy_sourses:modular_aluminum_r32_carter#facing=south'
[06окт.2026 19:27:51.293] [Worker-Main-3/WARN] [net.minecraft.client.resources.model.BlockStateModelLoader/]: Exception loading blockstate definition: 'create_additional_energy_sourses:blockstates/modular_titanium_i4_carter.json' missing model for variant: 'create_additional_energy_sourses:modular_titanium_i4_carter#facing=north'
[06окт.2026 19:27:51.293] [Worker-Main-3/WARN] [net.minecraft.client.resources.model.BlockStateModelLoader/]: Exception loading blockstate definition: 'create_additional_energy_sourses:blockstates/modular_titanium_i4_carter.json' missing model for variant: 'create_additional_energy_sourses:modular_titanium_i4_carter#facing=east'
[06окт.2026 19:27:51.293] [Worker-Main-3/WARN] [net.minecraft.client.resources.model.BlockStateModelLoader/]: Exception loading blockstate definition: 'create_additional_energy_sourses:blockstates/modular_titanium_i4_carter.json' missing model for variant: 'create_additional_energy_sourses:modular_titanium_i4_carter#facing=south'
[06окт.2026 19:27:51.293] [Worker-Main-3/WARN] [net.minecraft.client.resources.model.BlockStateModelLoader/]: Exception loading blockstate definition: 'create_additional_energy_sourses:blockstates/modular_titanium_i4_carter.json' missing model for variant: 'create_additional_energy_sourses:modular_titanium_i4_carter#facing=west'
[06окт.2026 19:27:51.293] [Worker-Main-3/WARN] [net.minecraft.client.resources.model.BlockStateModelLoader/]: Exception loading blockstate definition: 'create_additional_energy_sourses:blockstates/modular_titanium_v8_carter.json' missing model for variant: 'create_additional_energy_sourses:modular_titanium_v8_carter#facing=south'
[06окт.2026 19:27:51.293] [Worker-Main-3/WARN] [net.minecraft.client.resources.model.BlockStateModelLoader/]: Exception loading blockstate definition: 'create_additional_energy_sourses:blockstates/modular_titanium_v8_carter.json' missing model for variant: 'create_additional_energy_sourses:modular_titanium_v8_carter#facing=east'
[06окт.2026 19:27:51.293] [Worker-Main-3/WARN] [net.minecraft.client.resources.model.BlockStateModelLoader/]: Exception loading blockstate definition: 'create_additional_energy_sourses:blockstates/modular_titanium_v8_carter.json' missing model for variant: 'create_additional_energy_sourses:modular_titanium_v8_carter#facing=north'
[06окт.2026 19:27:51.293] [Worker-Main-3/WARN] [net.minecraft.client.resources.model.BlockStateModelLoader/]: Exception loading blockstate definition: 'create_additional_energy_sourses:blockstates/modular_titanium_v8_carter.json' missing model for variant: 'create_additional_energy_sourses:modular_titanium_v8_carter#facing=west'
[06окт.2026 19:27:51.293] [Worker-Main-3/WARN] [net.minecraft.client.resources.model.BlockStateModelLoader/]: Exception loading blockstate definition: 'create_additional_energy_sourses:blockstates/modular_titanium_w16_carter.json' missing model for variant: 'create_additional_energy_sourses:modular_titanium_w16_carter#facing=north'
[06окт.2026 19:27:51.293] [Worker-Main-3/WARN] [net.minecraft.client.resources.model.BlockStateModelLoader/]: Exception loading blockstate definition: 'create_additional_energy_sourses:blockstates/modular_titanium_w16_carter.json' missing model for variant: 'create_additional_energy_sourses:modular_titanium_w16_carter#facing=west'
[06окт.2026 19:27:51.293] [Worker-Main-3/WARN] [net.minecraft.client.resources.model.BlockStateModelLoader/]: Exception loading blockstate definition: 'create_additional_energy_sourses:blockstates/modular_titanium_w16_carter.json' missing model for variant: 'create_additional_energy_sourses:modular_titanium_w16_carter#facing=south'
[06окт.2026 19:27:51.293] [Worker-Main-3/WARN] [net.minecraft.client.resources.model.BlockStateModelLoader/]: Exception loading blockstate definition: 'create_additional_energy_sourses:blockstates/modular_titanium_w16_carter.json' missing model for variant: 'create_additional_energy_sourses:modular_titanium_w16_carter#facing=east'
[06окт.2026 19:27:51.293] [Worker-Main-3/WARN] [net.minecraft.client.resources.model.BlockStateModelLoader/]: Exception loading blockstate definition: 'create_additional_energy_sourses:blockstates/modular_titanium_r32_carter.json' missing model for variant: 'create_additional_energy_sourses:modular_titanium_r32_carter#facing=east'
[06окт.2026 19:27:51.293] [Worker-Main-3/WARN] [net.minecraft.client.resources.model.BlockStateModelLoader/]: Exception loading blockstate definition: 'create_additional_energy_sourses:blockstates/modular_titanium_r32_carter.json' missing model for variant: 'create_additional_energy_sourses:modular_titanium_r32_carter#facing=south'
[06окт.2026 19:27:51.293] [Worker-Main-3/WARN] [net.minecraft.client.resources.model.BlockStateModelLoader/]: Exception loading blockstate definition: 'create_additional_energy_sourses:blockstates/modular_titanium_r32_carter.json' missing model for variant: 'create_additional_energy_sourses:modular_titanium_r32_carter#facing=north'
[06окт.2026 19:27:51.293] [Worker-Main-3/WARN] [net.minecraft.client.resources.model.BlockStateModelLoader/]: Exception loading blockstate definition: 'create_additional_energy_sourses:blockstates/modular_titanium_r32_carter.json' missing model for variant: 'create_additional_energy_sourses:modular_titanium_r32_carter#facing=west'
[06окт.2026 19:27:51.293] [Worker-Main-3/WARN] [net.minecraft.client.resources.model.BlockStateModelLoader/]: Exception loading blockstate definition: 'create_additional_energy_sourses:blockstates/iron_i4_carter.json' missing model for variant: 'create_additional_energy_sourses:iron_i4_carter#facing=south'
[06окт.2026 19:27:51.293] [Worker-Main-3/WARN] [net.minecraft.client.resources.model.BlockStateModelLoader/]: Exception loading blockstate definition: 'create_additional_energy_sourses:blockstates/iron_i4_carter.json' missing model for variant: 'create_additional_energy_sourses:iron_i4_carter#facing=north'
[06окт.2026 19:27:51.293] [Worker-Main-3/WARN] [net.minecraft.client.resources.model.BlockStateModelLoader/]: Exception loading blockstate definition: 'create_additional_energy_sourses:blockstates/iron_i4_carter.json' missing model for variant: 'create_additional_energy_sourses:iron_i4_carter#facing=east'
[06окт.2026 19:27:51.293] [Worker-Main-3/WARN] [net.minecraft.client.resources.model.BlockStateModelLoader/]: Exception loading blockstate definition: 'create_additional_energy_sourses:blockstates/iron_i4_carter.json' missing model for variant: 'create_additional_energy_sourses:iron_i4_carter#facing=west'
[06окт.2026 19:27:51.293] [Worker-Main-3/WARN] [net.minecraft.client.resources.model.ModelBakery/]: Unable to load model: 'create_additional_energy_sourses:block/iron_v8_carter' referenced from: create_additional_energy_sourses:block/iron_v8_carter: java.io.FileNotFoundException: create_additional_energy_sourses:models/block/iron_v8_carter.json
[06окт.2026 19:27:51.293] [Worker-Main-3/WARN] [net.minecraft.client.resources.model.BlockStateModelLoader/]: Exception loading blockstate definition: 'create_additional_energy_sourses:blockstates/iron_w16_carter.json' missing model for variant: 'create_additional_energy_sourses:iron_w16_carter#facing=west'
[06окт.2026 19:27:51.293] [Worker-Main-3/WARN] [net.minecraft.client.resources.model.BlockStateModelLoader/]: Exception loading blockstate definition: 'create_additional_energy_sourses:blockstates/iron_w16_carter.json' missing model for variant: 'create_additional_energy_sourses:iron_w16_carter#facing=east'
[06окт.2026 19:27:51.293] [Worker-Main-3/WARN] [net.minecraft.client.resources.model.BlockStateModelLoader/]: Exception loading blockstate definition: 'create_additional_energy_sourses:blockstates/iron_w16_carter.json' missing model for variant: 'create_additional_energy_sourses:iron_w16_carter#facing=south'
[06окт.2026 19:27:51.293] [Worker-Main-3/WARN] [net.minecraft.client.resources.model.BlockStateModelLoader/]: Exception loading blockstate definition: 'create_additional_energy_sourses:blockstates/iron_w16_carter.json' missing model for variant: 'create_additional_energy_sourses:iron_w16_carter#facing=north'
[06окт.2026 19:27:51.293] [Worker-Main-3/WARN] [net.minecraft.client.resources.model.BlockStateModelLoader/]: Exception loading blockstate definition: 'create_additional_energy_sourses:blockstates/iron_r32_carter.json' missing model for variant: 'create_additional_energy_sourses:iron_r32_carter#facing=south'
[06окт.2026 19:27:51.293] [Worker-Main-3/WARN] [net.minecraft.client.resources.model.BlockStateModelLoader/]: Exception loading blockstate definition: 'create_additional_energy_sourses:blockstates/iron_r32_carter.json' missing model for variant: 'create_additional_energy_sourses:iron_r32_carter#facing=north'
[06окт.2026 19:27:51.293] [Worker-Main-3/WARN] [net.minecraft.client.resources.model.BlockStateModelLoader/]: Exception loading blockstate definition: 'create_additional_energy_sourses:blockstates/iron_r32_carter.json' missing model for variant: 'create_additional_energy_sourses:iron_r32_carter#facing=east'
[06окт.2026 19:27:51.293] [Worker-Main-3/WARN] [net.minecraft.client.resources.model.BlockStateModelLoader/]: Exception loading blockstate definition: 'create_additional_energy_sourses:blockstates/iron_r32_carter.json' missing model for variant: 'create_additional_energy_sourses:iron_r32_carter#facing=west'
[06окт.2026 19:27:51.293] [Worker-Main-3/WARN] [net.minecraft.client.resources.model.BlockStateModelLoader/]: Exception loading blockstate definition: 'create_additional_energy_sourses:blockstates/aluminum_i4_carter.json' missing model for variant: 'create_additional_energy_sourses:aluminum_i4_carter#facing=west'
[06окт.2026 19:27:51.293] [Worker-Main-3/WARN] [net.minecraft.client.resources.model.BlockStateModelLoader/]: Exception loading blockstate definition: 'create_additional_energy_sourses:blockstates/aluminum_i4_carter.json' missing model for variant: 'create_additional_energy_sourses:aluminum_i4_carter#facing=north'
[06окт.2026 19:27:51.293] [Worker-Main-3/WARN] [net.minecraft.client.resources.model.BlockStateModelLoader/]: Exception loading blockstate definition: 'create_additional_energy_sourses:blockstates/aluminum_i4_carter.json' missing model for variant: 'create_additional_energy_sourses:aluminum_i4_carter#facing=south'
[06окт.2026 19:27:51.293] [Worker-Main-3/WARN] [net.minecraft.client.resources.model.BlockStateModelLoader/]: Exception loading blockstate definition: 'create_additional_energy_sourses:blockstates/aluminum_i4_carter.json' missing model for variant: 'create_additional_energy_sourses:aluminum_i4_carter#facing=east'
[06окт.2026 19:27:51.294] [Worker-Main-3/WARN] [net.minecraft.client.resources.model.BlockStateModelLoader/]: Exception loading blockstate definition: 'create_additional_energy_sourses:blockstates/aluminum_v8_carter.json' missing model for variant: 'create_additional_energy_sourses:aluminum_v8_carter#facing=north'
[06окт.2026 19:27:51.294] [Worker-Main-3/WARN] [net.minecraft.client.resources.model.BlockStateModelLoader/]: Exception loading blockstate definition: 'create_additional_energy_sourses:blockstates/aluminum_v8_carter.json' missing model for variant: 'create_additional_energy_sourses:aluminum_v8_carter#facing=south'
[06окт.2026 19:27:51.294] [Worker-Main-3/WARN] [net.minecraft.client.resources.model.BlockStateModelLoader/]: Exception loading blockstate definition: 'create_additional_energy_sourses:blockstates/aluminum_v8_carter.json' missing model for variant: 'create_additional_energy_sourses:aluminum_v8_carter#facing=east'
[06окт.2026 19:27:51.294] [Worker-Main-3/WARN] [net.minecraft.client.resources.model.BlockStateModelLoader/]: Exception loading blockstate definition: 'create_additional_energy_sourses:blockstates/aluminum_v8_carter.json' missing model for variant: 'create_additional_energy_sourses:aluminum_v8_carter#facing=west'
[06окт.2026 19:27:51.294] [Worker-Main-3/WARN] [net.minecraft.client.resources.model.BlockStateModelLoader/]: Exception loading blockstate definition: 'create_additional_energy_sourses:blockstates/aluminum_w16_carter.json' missing model for variant: 'create_additional_energy_sourses:aluminum_w16_carter#facing=east'
[06окт.2026 19:27:51.294] [Worker-Main-3/WARN] [net.minecraft.client.resources.model.BlockStateModelLoader/]: Exception loading blockstate definition: 'create_additional_energy_sourses:blockstates/aluminum_w16_carter.json' missing model for variant: 'create_additional_energy_sourses:aluminum_w16_carter#facing=north'
[06окт.2026 19:27:51.294] [Worker-Main-3/WARN] [net.minecraft.client.resources.model.BlockStateModelLoader/]: Exception loading blockstate definition: 'create_additional_energy_sourses:blockstates/aluminum_w16_carter.json' missing model for variant: 'create_additional_energy_sourses:aluminum_w16_carter#facing=south'
[06окт.2026 19:27:51.294] [Worker-Main-3/WARN] [net.minecraft.client.resources.model.BlockStateModelLoader/]: Exception loading blockstate definition: 'create_additional_energy_sourses:blockstates/aluminum_w16_carter.json' missing model for variant: 'create_additional_energy_sourses:aluminum_w16_carter#facing=west'
[06окт.2026 19:27:51.294] [Worker-Main-3/WARN] [net.minecraft.client.resources.model.BlockStateModelLoader/]: Exception loading blockstate definition: 'create_additional_energy_sourses:blockstates/aluminum_r32_carter.json' missing model for variant: 'create_additional_energy_sourses:aluminum_r32_carter#facing=north'
[06окт.2026 19:27:51.294] [Worker-Main-3/WARN] [net.minecraft.client.resources.model.BlockStateModelLoader/]: Exception loading blockstate definition: 'create_additional_energy_sourses:blockstates/aluminum_r32_carter.json' missing model for variant: 'create_additional_energy_sourses:aluminum_r32_carter#facing=south'
[06окт.2026 19:27:51.294] [Worker-Main-3/WARN] [net.minecraft.client.resources.model.BlockStateModelLoader/]: Exception loading blockstate definition: 'create_additional_energy_sourses:blockstates/aluminum_r32_carter.json' missing model for variant: 'create_additional_energy_sourses:aluminum_r32_carter#facing=east'
[06окт.2026 19:27:51.294] [Worker-Main-3/WARN] [net.minecraft.client.resources.model.BlockStateModelLoader/]: Exception loading blockstate definition: 'create_additional_energy_sourses:blockstates/aluminum_r32_carter.json' missing model for variant: 'create_additional_energy_sourses:aluminum_r32_carter#facing=west'
[06окт.2026 19:27:51.294] [Worker-Main-3/WARN] [net.minecraft.client.resources.model.BlockStateModelLoader/]: Exception loading blockstate definition: 'create_additional_energy_sourses:blockstates/titanium_i4_carter.json' missing model for variant: 'create_additional_energy_sourses:titanium_i4_carter#facing=south'
[06окт.2026 19:27:51.294] [Worker-Main-3/WARN] [net.minecraft.client.resources.model.BlockStateModelLoader/]: Exception loading blockstate definition: 'create_additional_energy_sourses:blockstates/titanium_i4_carter.json' missing model for variant: 'create_additional_energy_sourses:titanium_i4_carter#facing=north'
[06окт.2026 19:27:51.294] [Worker-Main-3/WARN] [net.minecraft.client.resources.model.BlockStateModelLoader/]: Exception loading blockstate definition: 'create_additional_energy_sourses:blockstates/titanium_i4_carter.json' missing model for variant: 'create_additional_energy_sourses:titanium_i4_carter#facing=west'
[06окт.2026 19:27:51.294] [Worker-Main-3/WARN] [net.minecraft.client.resources.model.BlockStateModelLoader/]: Exception loading blockstate definition: 'create_additional_energy_sourses:blockstates/titanium_i4_carter.json' missing model for variant: 'create_additional_energy_sourses:titanium_i4_carter#facing=east'
[06окт.2026 19:27:51.294] [Worker-Main-3/WARN] [net.minecraft.client.resources.model.BlockStateModelLoader/]: Exception loading blockstate definition: 'create_additional_energy_sourses:blockstates/titanium_v8_carter.json' missing model for variant: 'create_additional_energy_sourses:titanium_v8_carter#facing=south'
[06окт.2026 19:27:51.294] [Worker-Main-3/WARN] [net.minecraft.client.resources.model.BlockStateModelLoader/]: Exception loading blockstate definition: 'create_additional_energy_sourses:blockstates/titanium_v8_carter.json' missing model for variant: 'create_additional_energy_sourses:titanium_v8_carter#facing=north'
[06окт.2026 19:27:51.294] [Worker-Main-3/WARN] [net.minecraft.client.resources.model.BlockStateModelLoader/]: Exception loading blockstate definition: 'create_additional_energy_sourses:blockstates/titanium_v8_carter.json' missing model for variant: 'create_additional_energy_sourses:titanium_v8_carter#facing=east'
[06окт.2026 19:27:51.294] [Worker-Main-3/WARN] [net.minecraft.client.resources.model.BlockStateModelLoader/]: Exception loading blockstate definition: 'create_additional_energy_sourses:blockstates/titanium_v8_carter.json' missing model for variant: 'create_additional_energy_sourses:titanium_v8_carter#facing=west'
[06окт.2026 19:27:51.294] [Worker-Main-3/WARN] [net.minecraft.client.resources.model.BlockStateModelLoader/]: Exception loading blockstate definition: 'create_additional_energy_sourses:blockstates/titanium_w16_carter.json' missing model for variant: 'create_additional_energy_sourses:titanium_w16_carter#facing=north'
[06окт.2026 19:27:51.294] [Worker-Main-3/WARN] [net.minecraft.client.resources.model.BlockStateModelLoader/]: Exception loading blockstate definition: 'create_additional_energy_sourses:blockstates/titanium_w16_carter.json' missing model for variant: 'create_additional_energy_sourses:titanium_w16_carter#facing=south'
[06окт.2026 19:27:51.294] [Worker-Main-3/WARN] [net.minecraft.client.resources.model.BlockStateModelLoader/]: Exception loading blockstate definition: 'create_additional_energy_sourses:blockstates/titanium_w16_carter.json' missing model for variant: 'create_additional_energy_sourses:titanium_w16_carter#facing=east'
[06окт.2026 19:27:51.294] [Worker-Main-3/WARN] [net.minecraft.client.resources.model.BlockStateModelLoader/]: Exception loading blockstate definition: 'create_additional_energy_sourses:blockstates/titanium_w16_carter.json' missing model for variant: 'create_additional_energy_sourses:titanium_w16_carter#facing=west'
[06окт.2026 19:27:51.294] [Worker-Main-3/WARN] [net.minecraft.client.resources.model.BlockStateModelLoader/]: Exception loading blockstate definition: 'create_additional_energy_sourses:blockstates/titanium_r32_carter.json' missing model for variant: 'create_additional_energy_sourses:titanium_r32_carter#facing=south'
[06окт.2026 19:27:51.294] [Worker-Main-3/WARN] [net.minecraft.client.resources.model.BlockStateModelLoader/]: Exception loading blockstate definition: 'create_additional_energy_sourses:blockstates/titanium_r32_carter.json' missing model for variant: 'create_additional_energy_sourses:titanium_r32_carter#facing=east'
[06окт.2026 19:27:51.294] [Worker-Main-3/WARN] [net.minecraft.client.resources.model.BlockStateModelLoader/]: Exception loading blockstate definition: 'create_additional_energy_sourses:blockstates/titanium_r32_carter.json' missing model for variant: 'create_additional_energy_sourses:titanium_r32_carter#facing=north'
[06окт.2026 19:27:51.294] [Worker-Main-3/WARN] [net.minecraft.client.resources.model.BlockStateModelLoader/]: Exception loading blockstate definition: 'create_additional_energy_sourses:blockstates/titanium_r32_carter.json' missing model for variant: 'create_additional_energy_sourses:titanium_r32_carter#facing=west'
[06окт.2026 19:27:51.429] [Worker-Main-3/WARN] [net.minecraft.client.resources.model.ModelBakery/]: Unable to load model: 'create_additional_energy_sourses:item/modular_iron_v8_controller' referenced from: create_additional_energy_sourses:item/modular_iron_v8_controller: java.io.FileNotFoundException: create_additional_energy_sourses:models/item/modular_iron_v8_controller.json
[06окт.2026 19:27:51.429] [Worker-Main-3/WARN] [net.minecraft.client.resources.model.ModelBakery/]: Unable to load model: 'create_additional_energy_sourses:item/modular_aluminum_w16_engine' referenced from: create_additional_energy_sourses:item/modular_aluminum_w16_engine: java.io.FileNotFoundException: create_additional_energy_sourses:models/item/modular_aluminum_w16_engine.json
[06окт.2026 19:27:51.429] [Worker-Main-3/WARN] [net.minecraft.client.resources.model.ModelBakery/]: Unable to load model: 'create_additional_energy_sourses:item/controller' referenced from: create_additional_energy_sourses:item/controller: java.io.FileNotFoundException: create_additional_energy_sourses:models/item/controller.json
[06окт.2026 19:27:51.429] [Worker-Main-3/WARN] [net.minecraft.client.resources.model.ModelBakery/]: Unable to load model: 'create_additional_energy_sourses:item/aluminum_i4_carter' referenced from: create_additional_energy_sourses:item/aluminum_i4_carter: java.io.FileNotFoundException: create_additional_energy_sourses:models/item/aluminum_i4_carter.json
[06окт.2026 19:27:51.430] [Worker-Main-3/WARN] [net.minecraft.client.resources.model.ModelBakery/]: Unable to load model: 'create_additional_energy_sourses:item/modular_titanium_r32_engine' referenced from: create_additional_energy_sourses:item/modular_titanium_r32_engine: java.io.FileNotFoundException: create_additional_energy_sourses:models/item/modular_titanium_r32_engine.json
[06окт.2026 19:27:51.430] [Worker-Main-3/WARN] [net.minecraft.client.resources.model.ModelBakery/]: Unable to load model: 'create_additional_energy_sourses:item/cast_iron_r32_carter' referenced from: create_additional_energy_sourses:item/cast_iron_r32_carter: java.io.FileNotFoundException: create_additional_energy_sourses:models/item/cast_iron_r32_carter.json
[06окт.2026 19:27:51.430] [Worker-Main-3/WARN] [net.minecraft.client.resources.model.ModelBakery/]: Unable to load model: 'create_additional_energy_sourses:item/modular_titanium_w16_engine' referenced from: create_additional_energy_sourses:item/modular_titanium_w16_engine: java.io.FileNotFoundException: create_additional_energy_sourses:models/item/modular_titanium_w16_engine.json
[06окт.2026 19:27:51.430] [Worker-Main-3/WARN] [net.minecraft.client.resources.model.ModelBakery/]: Unable to load model: 'create_additional_energy_sourses:item/modular_aluminum_r32_engine' referenced from: create_additional_energy_sourses:item/modular_aluminum_r32_engine: java.io.FileNotFoundException: create_additional_energy_sourses:models/item/modular_aluminum_r32_engine.json
[06окт.2026 19:27:51.430] [Worker-Main-3/WARN] [net.minecraft.client.resources.model.ModelBakery/]: Unable to load model: 'create_additional_energy_sourses:item/modular_iron_i4_controller' referenced from: create_additional_energy_sourses:item/modular_iron_i4_controller: java.io.FileNotFoundException: create_additional_energy_sourses:models/item/modular_iron_i4_controller.json
[06окт.2026 19:27:51.430] [Worker-Main-3/WARN] [net.minecraft.client.resources.model.ModelBakery/]: Unable to load model: 'create_additional_energy_sourses:item/cast_iron_w16_carter' referenced from: create_additional_energy_sourses:item/cast_iron_w16_carter: java.io.FileNotFoundException: create_additional_energy_sourses:models/item/cast_iron_w16_carter.json
[06окт.2026 19:27:51.430] [Worker-Main-3/WARN] [net.minecraft.client.resources.model.ModelBakery/]: Unable to load model: 'create_additional_energy_sourses:item/modular_aluminum_w16_controller' referenced from: create_additional_energy_sourses:item/modular_aluminum_w16_controller: java.io.FileNotFoundException: create_additional_energy_sourses:models/item/modular_aluminum_w16_controller.json
[06окт.2026 19:27:51.431] [Worker-Main-3/WARN] [net.minecraft.client.resources.model.ModelBakery/]: Unable to load model: 'create_additional_energy_sourses:item/modular_aluminum_v8_engine' referenced from: create_additional_energy_sourses:item/modular_aluminum_v8_engine: java.io.FileNotFoundException: create_additional_energy_sourses:models/item/modular_aluminum_v8_engine.json
[06окт.2026 19:27:51.431] [Worker-Main-3/WARN] [net.minecraft.client.resources.model.ModelBakery/]: Unable to load model: 'create_additional_energy_sourses:item/aluminum_crankshaft' referenced from: create_additional_energy_sourses:item/aluminum_crankshaft: java.io.FileNotFoundException: create_additional_energy_sourses:models/item/aluminum_crankshaft.json
[06окт.2026 19:27:51.431] [Worker-Main-3/WARN] [net.minecraft.client.resources.model.ModelBakery/]: Unable to load model: 'create_additional_energy_sourses:item/aluminum_v8_carter' referenced from: create_additional_energy_sourses:item/aluminum_v8_carter: java.io.FileNotFoundException: create_additional_energy_sourses:models/item/aluminum_v8_carter.json
[06окт.2026 19:27:51.431] [Worker-Main-3/WARN] [net.minecraft.client.resources.model.ModelBakery/]: Unable to load model: 'create_additional_energy_sourses:item/cast_iron_gbc' referenced from: create_additional_energy_sourses:item/cast_iron_gbc: java.io.FileNotFoundException: create_additional_energy_sourses:models/item/cast_iron_gbc.json
[06окт.2026 19:27:51.431] [Worker-Main-3/WARN] [net.minecraft.client.resources.model.ModelBakery/]: Unable to load model: 'create_additional_energy_sourses:item/modular_titanium_v8_controller' referenced from: create_additional_energy_sourses:item/modular_titanium_v8_controller: java.io.FileNotFoundException: create_additional_energy_sourses:models/item/modular_titanium_v8_controller.json
[06окт.2026 19:27:51.431] [Worker-Main-3/WARN] [net.minecraft.client.resources.model.ModelBakery/]: Unable to load model: 'create_additional_energy_sourses:item/cast_iron_w16_gbc' referenced from: create_additional_energy_sourses:item/cast_iron_w16_gbc: java.io.FileNotFoundException: create_additional_energy_sourses:models/item/cast_iron_w16_gbc.json
[06окт.2026 19:27:51.432] [Worker-Main-3/WARN] [net.minecraft.client.resources.model.ModelBakery/]: Unable to load model: 'create_additional_energy_sourses:item/aluminum_brain_gbc' referenced from: create_additional_energy_sourses:item/aluminum_brain_gbc: java.io.FileNotFoundException: create_additional_energy_sourses:models/item/aluminum_brain_gbc.json
[06окт.2026 19:27:51.432] [Worker-Main-3/WARN] [net.minecraft.client.resources.model.ModelBakery/]: Unable to load model: 'create_additional_energy_sourses:item/modular_aluminum_r32_controller' referenced from: create_additional_energy_sourses:item/modular_aluminum_r32_controller: java.io.FileNotFoundException: create_additional_energy_sourses:models/item/modular_aluminum_r32_controller.json
[06окт.2026 19:27:51.432] [Worker-Main-3/WARN] [net.minecraft.client.resources.model.ModelBakery/]: Unable to load model: 'create_additional_energy_sourses:item/modular_iron_i4_engine' referenced from: create_additional_energy_sourses:item/modular_iron_i4_engine: java.io.FileNotFoundException: create_additional_energy_sourses:models/item/modular_iron_i4_engine.json
[06окт.2026 19:27:51.432] [Worker-Main-3/WARN] [net.minecraft.client.resources.model.ModelBakery/]: Unable to load model: 'create_additional_energy_sourses:item/modular_iron_r32_controller' referenced from: create_additional_energy_sourses:item/modular_iron_r32_controller: java.io.FileNotFoundException: create_additional_energy_sourses:models/item/modular_iron_r32_controller.json
[06окт.2026 19:27:51.433] [Worker-Main-3/WARN] [net.minecraft.client.resources.model.ModelBakery/]: Unable to load model: 'create_additional_energy_sourses:item/modular_titanium_r32_controller' referenced from: create_additional_energy_sourses:item/modular_titanium_r32_controller: java.io.FileNotFoundException: create_additional_energy_sourses:models/item/modular_titanium_r32_controller.json
[06окт.2026 19:27:51.433] [Worker-Main-3/WARN] [net.minecraft.client.resources.model.ModelBakery/]: Unable to load model: 'create_additional_energy_sourses:item/titanium_crankshaft' referenced from: create_additional_energy_sourses:item/titanium_crankshaft: java.io.FileNotFoundException: create_additional_energy_sourses:models/item/titanium_crankshaft.json
[06окт.2026 19:27:51.433] [Worker-Main-3/WARN] [net.minecraft.client.resources.model.ModelBakery/]: Unable to load model: 'create_additional_energy_sourses:item/cast_iron_crankshaft' referenced from: create_additional_energy_sourses:item/cast_iron_crankshaft: java.io.FileNotFoundException: create_additional_energy_sourses:models/item/cast_iron_crankshaft.json
[06окт.2026 19:27:51.433] [Worker-Main-3/WARN] [net.minecraft.client.resources.model.ModelBakery/]: Unable to load model: 'create_additional_energy_sourses:item/modular_iron_w16_controller' referenced from: create_additional_energy_sourses:item/modular_iron_w16_controller: java.io.FileNotFoundException: create_additional_energy_sourses:models/item/modular_iron_w16_controller.json
[06окт.2026 19:27:51.434] [Worker-Main-3/WARN] [net.minecraft.client.resources.model.ModelBakery/]: Unable to load model: 'create_additional_energy_sourses:item/modular_aluminum_v8_controller' referenced from: create_additional_energy_sourses:item/modular_aluminum_v8_controller: java.io.FileNotFoundException: create_additional_energy_sourses:models/item/modular_aluminum_v8_controller.json
[06окт.2026 19:27:51.434] [Worker-Main-3/WARN] [net.minecraft.client.resources.model.ModelBakery/]: Unable to load model: 'create_additional_energy_sourses:item/titanium_w16_carter' referenced from: create_additional_energy_sourses:item/titanium_w16_carter: java.io.FileNotFoundException: create_additional_energy_sourses:models/item/titanium_w16_carter.json
[06окт.2026 19:27:51.434] [Worker-Main-3/WARN] [net.minecraft.client.resources.model.ModelBakery/]: Unable to load model: 'create_additional_energy_sourses:item/modular_aluminum_i4_controller' referenced from: create_additional_energy_sourses:item/modular_aluminum_i4_controller: java.io.FileNotFoundException: create_additional_energy_sourses:models/item/modular_aluminum_i4_controller.json
[06окт.2026 19:27:51.434] [Worker-Main-3/WARN] [net.minecraft.client.resources.model.ModelBakery/]: Unable to load model: 'create_additional_energy_sourses:item/titanium_i4_carter' referenced from: create_additional_energy_sourses:item/titanium_i4_carter: java.io.FileNotFoundException: create_additional_energy_sourses:models/item/titanium_i4_carter.json
[06окт.2026 19:27:51.434] [Worker-Main-3/WARN] [net.minecraft.client.resources.model.ModelBakery/]: Unable to load model: 'create_additional_energy_sourses:item/titanium_gbc' referenced from: create_additional_energy_sourses:item/titanium_gbc: java.io.FileNotFoundException: create_additional_energy_sourses:models/item/titanium_gbc.json
[06окт.2026 19:27:51.435] [Worker-Main-3/WARN] [net.minecraft.client.resources.model.ModelBakery/]: Unable to load model: 'create_additional_energy_sourses:item/aluminum_w16_carter' referenced from: create_additional_energy_sourses:item/aluminum_w16_carter: java.io.FileNotFoundException: create_additional_energy_sourses:models/item/aluminum_w16_carter.json
[06окт.2026 19:27:51.435] [Worker-Main-3/WARN] [net.minecraft.client.resources.model.ModelBakery/]: Unable to load model: 'create_additional_energy_sourses:item/modular_iron_r32_engine' referenced from: create_additional_energy_sourses:item/modular_iron_r32_engine: java.io.FileNotFoundException: create_additional_energy_sourses:models/item/modular_iron_r32_engine.json
[06окт.2026 19:27:51.435] [Worker-Main-3/WARN] [net.minecraft.client.resources.model.ModelBakery/]: Unable to load model: 'create_additional_energy_sourses:item/cast_iron_brain_gbc' referenced from: create_additional_energy_sourses:item/cast_iron_brain_gbc: java.io.FileNotFoundException: create_additional_energy_sourses:models/item/cast_iron_brain_gbc.json
[06окт.2026 19:27:51.436] [Worker-Main-3/WARN] [net.minecraft.client.resources.model.ModelBakery/]: Unable to load model: 'create_additional_energy_sourses:item/modular_iron_w16_engine' referenced from: create_additional_energy_sourses:item/modular_iron_w16_engine: java.io.FileNotFoundException: create_additional_energy_sourses:models/item/modular_iron_w16_engine.json
[06окт.2026 19:27:51.436] [Worker-Main-3/WARN] [net.minecraft.client.resources.model.ModelBakery/]: Unable to load model: 'create_additional_energy_sourses:item/aluminum_gbc' referenced from: create_additional_energy_sourses:item/aluminum_gbc: java.io.FileNotFoundException: create_additional_energy_sourses:models/item/aluminum_gbc.json
[06окт.2026 19:27:51.436] [Worker-Main-3/WARN] [net.minecraft.client.resources.model.ModelBakery/]: Unable to load model: 'create_additional_energy_sourses:item/cast_iron_i4_carter' referenced from: create_additional_energy_sourses:item/cast_iron_i4_carter: java.io.FileNotFoundException: create_additional_energy_sourses:models/item/cast_iron_i4_carter.json
[06окт.2026 19:27:51.436] [Worker-Main-3/WARN] [net.minecraft.client.resources.model.ModelBakery/]: Unable to load model: 'create_additional_energy_sourses:item/titanium_brain_gbc' referenced from: create_additional_energy_sourses:item/titanium_brain_gbc: java.io.FileNotFoundException: create_additional_energy_sourses:models/item/titanium_brain_gbc.json
[06окт.2026 19:27:51.436] [Worker-Main-3/WARN] [net.minecraft.client.resources.model.ModelBakery/]: Unable to load model: 'create_additional_energy_sourses:item/modular_iron_v8_engine' referenced from: create_additional_energy_sourses:item/modular_iron_v8_engine: java.io.FileNotFoundException: create_additional_energy_sourses:models/item/modular_iron_v8_engine.json
[06окт.2026 19:27:51.436] [Worker-Main-3/WARN] [net.minecraft.client.resources.model.ModelBakery/]: Unable to load model: 'create_additional_energy_sourses:item/modular_titanium_w16_controller' referenced from: create_additional_energy_sourses:item/modular_titanium_w16_controller: java.io.FileNotFoundException: create_additional_energy_sourses:models/item/modular_titanium_w16_controller.json
[06окт.2026 19:27:51.436] [Worker-Main-3/WARN] [net.minecraft.client.resources.model.ModelBakery/]: Unable to load model: 'create_additional_energy_sourses:item/aluminum_w16_gbc' referenced from: create_additional_energy_sourses:item/aluminum_w16_gbc: java.io.FileNotFoundException: create_additional_energy_sourses:models/item/aluminum_w16_gbc.json
[06окт.2026 19:27:51.437] [Worker-Main-3/WARN] [net.minecraft.client.resources.model.ModelBakery/]: Unable to load model: 'create_additional_energy_sourses:item/modular_titanium_i4_controller' referenced from: create_additional_energy_sourses:item/modular_titanium_i4_controller: java.io.FileNotFoundException: create_additional_energy_sourses:models/item/modular_titanium_i4_controller.json
[06окт.2026 19:27:51.437] [Worker-Main-3/WARN] [net.minecraft.client.resources.model.ModelBakery/]: Unable to load model: 'create_additional_energy_sourses:item/aluminum_r32_carter' referenced from: create_additional_energy_sourses:item/aluminum_r32_carter: java.io.FileNotFoundException: create_additional_energy_sourses:models/item/aluminum_r32_carter.json
[06окт.2026 19:27:51.437] [Worker-Main-3/WARN] [net.minecraft.client.resources.model.ModelBakery/]: Unable to load model: 'create_additional_energy_sourses:item/cast_iron_v8_carter' referenced from: create_additional_energy_sourses:item/cast_iron_v8_carter: java.io.FileNotFoundException: create_additional_energy_sourses:models/item/cast_iron_v8_carter.json
[06окт.2026 19:27:51.437] [Worker-Main-3/WARN] [net.minecraft.client.resources.model.ModelBakery/]: Unable to load model: 'create_additional_energy_sourses:item/modular_titanium_i4_engine' referenced from: create_additional_energy_sourses:item/modular_titanium_i4_engine: java.io.FileNotFoundException: create_additional_energy_sourses:models/item/modular_titanium_i4_engine.json
[06окт.2026 19:27:51.437] [Worker-Main-3/WARN] [net.minecraft.client.resources.model.ModelBakery/]: Unable to load model: 'create_additional_energy_sourses:item/titanium_r32_carter' referenced from: create_additional_energy_sourses:item/titanium_r32_carter: java.io.FileNotFoundException: create_additional_energy_sourses:models/item/titanium_r32_carter.json
[06окт.2026 19:27:51.437] [Worker-Main-3/WARN] [net.minecraft.client.resources.model.ModelBakery/]: Unable to load model: 'create_additional_energy_sourses:item/modular_titanium_v8_engine' referenced from: create_additional_energy_sourses:item/modular_titanium_v8_engine: java.io.FileNotFoundException: create_additional_energy_sourses:models/item/modular_titanium_v8_engine.json
[06окт.2026 19:27:51.437] [Worker-Main-3/WARN] [net.minecraft.client.resources.model.ModelBakery/]: Unable to load model: 'create_additional_energy_sourses:item/titanium_v8_carter' referenced from: create_additional_energy_sourses:item/titanium_v8_carter: java.io.FileNotFoundException: create_additional_energy_sourses:models/item/titanium_v8_carter.json
[06окт.2026 19:27:51.437] [Worker-Main-3/WARN] [net.minecraft.client.resources.model.ModelBakery/]: Unable to load model: 'create_additional_energy_sourses:item/titanium_w16_gbc' referenced from: create_additional_energy_sourses:item/titanium_w16_gbc: java.io.FileNotFoundException: create_additional_energy_sourses:models/item/titanium_w16_gbc.json
[06окт.2026 19:27:51.437] [Worker-Main-3/WARN] [net.minecraft.client.resources.model.ModelBakery/]: Unable to load model: 'create_additional_energy_sourses:item/modular_aluminum_i4_engine' referenced from: create_additional_energy_sourses:item/modular_aluminum_i4_engine: java.io.FileNotFoundException: create_additional_energy_sourses:models/item/modular_aluminum_i4_engine.json
[06окт.2026 19:27:51.437] [Worker-Main-3/WARN] [net.minecraft.client.resources.model.ModelBakery/]: Unable to load model: 'create_additional_energy_sourses:item/thermo_generator' referenced from: create_additional_energy_sourses:item/thermo_generator: java.io.FileNotFoundException: create_additional_energy_sourses:models/item/thermo_generator.json
[06окт.2026 19:27:52.442] [Worker-Main-3/WARN] [net.minecraft.client.resources.model.ModelManager/]: Missing textures in model create_additional_energy_sourses:thermo_generator#facing=east:
    minecraft:textures/atlas/blocks.png:create_additional_energy_sourses:block/example
[06окт.2026 19:27:52.442] [Worker-Main-3/WARN] [net.minecraft.client.resources.model.ModelManager/]: Missing textures in model create_additional_energy_sourses:thermo_generator#facing=west:
    minecraft:textures/atlas/blocks.png:create_additional_energy_sourses:block/example
[06окт.2026 19:27:52.442] [Worker-Main-3/WARN] [net.minecraft.client.resources.model.ModelManager/]: Missing textures in model create_additional_energy_sourses:thermo_generator_item#inventory:
    minecraft:textures/atlas/blocks.png:create_additional_energy_sourses:block/example
[06окт.2026 19:27:52.442] [Worker-Main-3/WARN] [net.minecraft.client.resources.model.ModelManager/]: Missing textures in model create_additional_energy_sourses:thermo_generator#facing=north:
    minecraft:textures/atlas/blocks.png:create_additional_energy_sourses:block/example
[06окт.2026 19:27:52.442] [Worker-Main-3/WARN] [net.minecraft.client.resources.model.ModelManager/]: Missing textures in model create_additional_energy_sourses:thermo_generator#facing=south:
    minecraft:textures/atlas/blocks.png:create_additional_energy_sourses:block/example
[06окт.2026 19:27:52.496] [Render thread/INFO] [Veil/]: Loaded 0 shader modifications
[06окт.2026 19:27:52.587] [Render thread/INFO] [Veil/]: Loaded 29 shaders from: pinwheel/shaders/program
[06окт.2026 19:27:52.721] [Worker-Main-3/INFO] [PonderIndex/]: Registering Ponder Scenes took 115.7 ms
[06окт.2026 19:27:52.725] [Worker-Main-3/INFO] [PonderIndex/]: Registering Ponder Tags took 3.517 ms
[06окт.2026 19:27:52.888] [Render thread/WARN] [net.minecraft.client.sounds.SoundEngine/]: Missing sound for event: minecraft:item.goat_horn.play
[06окт.2026 19:27:52.888] [Render thread/WARN] [net.minecraft.client.sounds.SoundEngine/]: Missing sound for event: minecraft:entity.goat.screaming.horn_break
[06окт.2026 19:27:52.918] [Render thread/INFO] [com.mojang.blaze3d.audio.Library/]: OpenAL initialized on device SteelSeries Arctis 5 Игра
[06окт.2026 19:27:52.918] [Render thread/INFO] [net.minecraft.client.sounds.SoundEngine/SOUNDS]: Sound engine started
[06окт.2026 19:27:52.989] [Render thread/INFO] [net.minecraft.client.renderer.texture.TextureAtlas/]: Created: 2048x2048x4 minecraft:textures/atlas/blocks.png-atlas
[06окт.2026 19:27:52.999] [Render thread/INFO] [net.minecraft.client.renderer.texture.TextureAtlas/]: Created: 256x256x4 minecraft:textures/atlas/signs.png-atlas
[06окт.2026 19:27:52.999] [Render thread/INFO] [net.minecraft.client.renderer.texture.TextureAtlas/]: Created: 512x512x4 minecraft:textures/atlas/shield_patterns.png-atlas
[06окт.2026 19:27:52.999] [Render thread/INFO] [net.minecraft.client.renderer.texture.TextureAtlas/]: Created: 512x512x4 minecraft:textures/atlas/banner_patterns.png-atlas
[06окт.2026 19:27:53.000] [Render thread/INFO] [net.minecraft.client.renderer.texture.TextureAtlas/]: Created: 2048x1024x4 minecraft:textures/atlas/armor_trims.png-atlas
[06окт.2026 19:27:53.003] [Render thread/INFO] [net.minecraft.client.renderer.texture.TextureAtlas/]: Created: 128x64x4 minecraft:textures/atlas/decorated_pot.png-atlas
[06окт.2026 19:27:53.003] [Render thread/INFO] [net.minecraft.client.renderer.texture.TextureAtlas/]: Created: 256x256x4 minecraft:textures/atlas/chest.png-atlas
[06окт.2026 19:27:53.003] [Render thread/INFO] [net.minecraft.client.renderer.texture.TextureAtlas/]: Created: 512x256x4 minecraft:textures/atlas/beds.png-atlas
[06окт.2026 19:27:53.004] [Render thread/INFO] [net.minecraft.client.renderer.texture.TextureAtlas/]: Created: 512x256x4 minecraft:textures/atlas/shulker_boxes.png-atlas
[06окт.2026 19:27:53.033] [Render thread/INFO] [net.minecraft.client.renderer.texture.TextureAtlas/]: Created: 512x512x0 minecraft:textures/atlas/particles.png-atlas
[06окт.2026 19:27:53.034] [Render thread/INFO] [net.minecraft.client.renderer.texture.TextureAtlas/]: Created: 512x256x0 minecraft:textures/atlas/paintings.png-atlas
[06окт.2026 19:27:53.034] [Render thread/INFO] [net.minecraft.client.renderer.texture.TextureAtlas/]: Created: 256x128x0 minecraft:textures/atlas/mob_effects.png-atlas
[06окт.2026 19:27:53.034] [Render thread/INFO] [net.minecraft.client.renderer.texture.TextureAtlas/]: Created: 64x64x0 minecraft:textures/atlas/map_decorations.png-atlas
[06окт.2026 19:27:53.034] [Render thread/INFO] [net.minecraft.client.renderer.texture.TextureAtlas/]: Created: 1024x512x0 minecraft:textures/atlas/gui.png-atlas
[06окт.2026 19:27:53.050] [Render thread/WARN] [net.minecraft.client.renderer.ShaderInstance/]: Shader rendertype_entity_translucent_emissive could not find sampler named Sampler2 in the specified shader program.
[06окт.2026 19:27:53.082] [Render thread/INFO] [Veil/]: Loaded 3 framebuffers
[06окт.2026 19:27:53.092] [Render thread/INFO] [Veil/]: Loaded 6 post pipelines
[06окт.2026 19:27:53.096] [Render thread/INFO] [Veil/]: Loaded 4 render types
[06окт.2026 19:27:53.096] [Render thread/INFO] [Veil/]: Enabled bloom pipeline
[06окт.2026 19:27:53.096] [Render thread/INFO] [Veil/]: Loaded 0 quasar particles
[06окт.2026 19:27:53.096] [Render thread/INFO] [Veil/]: Loaded 0 templates
[06окт.2026 19:27:53.096] [Render thread/INFO] [Veil/]: Loaded 0 modules
[06окт.2026 19:27:53.098] [Render thread/INFO] [net.minecraft.client.renderer.texture.TextureAtlas/]: Created: 256x256x0 jei:textures/atlas/gui.png-atlas
[06окт.2026 19:27:53.127] [Render thread/INFO] [flywheel/backend/shaders/]: Loaded 77 shader sources in 24,175 ms
[06окт.2026 19:27:53.141] [Render thread/INFO] [com.simibubi.create.Create/]: Loaded 58 train hat configurations.
[06окт.2026 19:27:53.142] [Render thread/INFO] [net.neoforged.neoforge.client.entity.animation.json.AnimationLoader/]: Loaded 0 entity animations
[06окт.2026 19:27:53.230] [Render thread/INFO] [Veil/]: Compiled 58 vanilla shaders in 153.0 ms
[06окт.2026 19:27:54.102] [Render thread/INFO] [Veil/]: Finished uploading vanilla shaders
[06окт.2026 19:28:05.279] [NeoForge Version Check/WARN] [net.neoforged.fml.VersionChecker/]: Failed to process update information
java.net.http.HttpConnectTimeoutException: HTTP connect timed out
	at java.net.http/jdk.internal.net.http.HttpClientImpl.send(HttpClientImpl.java:949) ~[java.net.http:?]
	at java.net.http/jdk.internal.net.http.HttpClientFacade.send(HttpClientFacade.java:133) ~[java.net.http:?]
	at MC-BOOTSTRAP/fml_loader@4.0.42/net.neoforged.fml.VersionChecker$1.openUrlString(VersionChecker.java:129) ~[loader-4.0.42.jar%23138!/:4.0]
	at MC-BOOTSTRAP/fml_loader@4.0.42/net.neoforged.fml.VersionChecker$1.process(VersionChecker.java:162) ~[loader-4.0.42.jar%23138!/:4.0]
	at java.base/java.lang.Iterable.forEach(Iterable.java:75) [?:?]
	at MC-BOOTSTRAP/fml_loader@4.0.42/net.neoforged.fml.VersionChecker$1.run(VersionChecker.java:105) [loader-4.0.42.jar%23138!/:4.0]
Caused by: java.net.http.HttpConnectTimeoutException: HTTP connect timed out
	at java.net.http/jdk.internal.net.http.ResponseTimerEvent.handle(ResponseTimerEvent.java:68) ~[java.net.http:?]
	at java.net.http/jdk.internal.net.http.HttpClientImpl.purgeTimeoutsAndReturnNextDeadline(HttpClientImpl.java:1788) ~[java.net.http:?]
	at java.net.http/jdk.internal.net.http.HttpClientImpl$SelectorManager.run(HttpClientImpl.java:1386) ~[java.net.http:?]
Caused by: java.net.ConnectException: HTTP connect timed out
	at java.net.http/jdk.internal.net.http.ResponseTimerEvent.handle(ResponseTimerEvent.java:69) ~[java.net.http:?]
	at java.net.http/jdk.internal.net.http.HttpClientImpl.purgeTimeoutsAndReturnNextDeadline(HttpClientImpl.java:1788) ~[java.net.http:?]
	at java.net.http/jdk.internal.net.http.HttpClientImpl$SelectorManager.run(HttpClientImpl.java:1386) ~[java.net.http:?]
[06окт.2026 19:28:05.810] [Render thread/INFO] [com.simibubi.create.Create/]: Created 157 recipes which will be injected into the game
[06окт.2026 19:28:05.813] [Render thread/INFO] [com.simibubi.create.Create/]: Created 0 tags which will be injected into the game
[06окт.2026 19:28:06.144] [Worker-Main-5/ERROR] [net.minecraft.world.level.storage.loot.LootDataType/]: Couldn't parse element ResourceKey[minecraft:root / minecraft:loot_table]:create_additional_energy_sourses:blocks/modular_titanium_w8_controller - Unknown registry key in ResourceKey[minecraft:root / minecraft:item]: create_additional_energy_sourses:modular_titanium_w8_controller
[06окт.2026 19:28:06.156] [Worker-Main-5/ERROR] [net.minecraft.world.level.storage.loot.LootDataType/]: Couldn't parse element ResourceKey[minecraft:root / minecraft:loot_table]:create_additional_energy_sourses:blocks/modular_aluminum_i2_engine - Unknown registry key in ResourceKey[minecraft:root / minecraft:item]: create_additional_energy_sourses:modular_aluminum_i2_engine
[06окт.2026 19:28:06.159] [Worker-Main-5/ERROR] [net.minecraft.world.level.storage.loot.LootDataType/]: Couldn't parse element ResourceKey[minecraft:root / minecraft:loot_table]:create_additional_energy_sourses:blocks/modular_titanium_v4_controller - Unknown registry key in ResourceKey[minecraft:root / minecraft:item]: create_additional_energy_sourses:modular_titanium_v4_controller
[06окт.2026 19:28:06.163] [Worker-Main-5/ERROR] [net.minecraft.world.level.storage.loot.LootDataType/]: Couldn't parse element ResourceKey[minecraft:root / minecraft:loot_table]:create_additional_energy_sourses:blocks/modular_cast_iron_i2_engine - Unknown registry key in ResourceKey[minecraft:root / minecraft:item]: create_additional_energy_sourses:modular_cast_iron_i2_engine
[06окт.2026 19:28:06.165] [Worker-Main-5/ERROR] [net.minecraft.world.level.storage.loot.LootDataType/]: Couldn't parse element ResourceKey[minecraft:root / minecraft:loot_table]:create_additional_energy_sourses:blocks/modular_aluminum_v4_engine - Unknown registry key in ResourceKey[minecraft:root / minecraft:item]: create_additional_energy_sourses:modular_aluminum_v4_engine
[06окт.2026 19:28:06.170] [Worker-Main-5/ERROR] [net.minecraft.world.level.storage.loot.LootDataType/]: Couldn't parse element ResourceKey[minecraft:root / minecraft:loot_table]:create_additional_energy_sourses:blocks/modular_titanium_i2_controller - Unknown registry key in ResourceKey[minecraft:root / minecraft:item]: create_additional_energy_sourses:modular_titanium_i2_controller
[06окт.2026 19:28:06.171] [Worker-Main-5/ERROR] [net.minecraft.world.level.storage.loot.LootDataType/]: Couldn't parse element ResourceKey[minecraft:root / minecraft:loot_table]:create_additional_energy_sourses:blocks/modular_cast_iron_w8_engine - Unknown registry key in ResourceKey[minecraft:root / minecraft:item]: create_additional_energy_sourses:modular_cast_iron_w8_engine
[06окт.2026 19:28:06.171] [Worker-Main-5/ERROR] [net.minecraft.world.level.storage.loot.LootDataType/]: Couldn't parse element ResourceKey[minecraft:root / minecraft:loot_table]:create_additional_energy_sourses:blocks/modular_cast_iron_i2_controller - Unknown registry key in ResourceKey[minecraft:root / minecraft:item]: create_additional_energy_sourses:modular_cast_iron_i2_controller
[06окт.2026 19:28:06.172] [Worker-Main-5/ERROR] [net.minecraft.world.level.storage.loot.LootDataType/]: Couldn't parse element ResourceKey[minecraft:root / minecraft:loot_table]:create_additional_energy_sourses:blocks/modular_titanium_i2_engine - Unknown registry key in ResourceKey[minecraft:root / minecraft:item]: create_additional_energy_sourses:modular_titanium_i2_engine
[06окт.2026 19:28:06.173] [Worker-Main-5/ERROR] [net.minecraft.world.level.storage.loot.LootDataType/]: Couldn't parse element ResourceKey[minecraft:root / minecraft:loot_table]:create_additional_energy_sourses:blocks/modular_aluminum_i2_controller - Unknown registry key in ResourceKey[minecraft:root / minecraft:item]: create_additional_energy_sourses:modular_aluminum_i2_controller
[06окт.2026 19:28:06.180] [Worker-Main-5/ERROR] [net.minecraft.world.level.storage.loot.LootDataType/]: Couldn't parse element ResourceKey[minecraft:root / minecraft:loot_table]:create_additional_energy_sourses:blocks/modular_titanium_w8_engine - Unknown registry key in ResourceKey[minecraft:root / minecraft:item]: create_additional_energy_sourses:modular_titanium_w8_engine
[06окт.2026 19:28:06.183] [Worker-Main-5/ERROR] [net.minecraft.world.level.storage.loot.LootDataType/]: Couldn't parse element ResourceKey[minecraft:root / minecraft:loot_table]:create_additional_energy_sourses:blocks/modular_cast_iron_r16_controller - Unknown registry key in ResourceKey[minecraft:root / minecraft:item]: create_additional_energy_sourses:modular_cast_iron_r16_controller
[06окт.2026 19:28:06.184] [Worker-Main-5/ERROR] [net.minecraft.world.level.storage.loot.LootDataType/]: Couldn't parse element ResourceKey[minecraft:root / minecraft:loot_table]:create_additional_energy_sourses:blocks/modular_cast_iron_v4_controller - Unknown registry key in ResourceKey[minecraft:root / minecraft:item]: create_additional_energy_sourses:modular_cast_iron_v4_controller
[06окт.2026 19:28:06.185] [Worker-Main-5/ERROR] [net.minecraft.world.level.storage.loot.LootDataType/]: Couldn't parse element ResourceKey[minecraft:root / minecraft:loot_table]:create_additional_energy_sourses:blocks/modular_titanium_v4_engine - Unknown registry key in ResourceKey[minecraft:root / minecraft:item]: create_additional_energy_sourses:modular_titanium_v4_engine
[06окт.2026 19:28:06.187] [Worker-Main-5/ERROR] [net.minecraft.world.level.storage.loot.LootDataType/]: Couldn't parse element ResourceKey[minecraft:root / minecraft:loot_table]:create_additional_energy_sourses:blocks/modular_aluminum_w8_controller - Unknown registry key in ResourceKey[minecraft:root / minecraft:item]: create_additional_energy_sourses:modular_aluminum_w8_controller
[06окт.2026 19:28:06.187] [Worker-Main-5/ERROR] [net.minecraft.world.level.storage.loot.LootDataType/]: Couldn't parse element ResourceKey[minecraft:root / minecraft:loot_table]:create_additional_energy_sourses:blocks/modular_titanium_r16_engine - Unknown registry key in ResourceKey[minecraft:root / minecraft:item]: create_additional_energy_sourses:modular_titanium_r16_engine
[06окт.2026 19:28:06.188] [Worker-Main-5/ERROR] [net.minecraft.world.level.storage.loot.LootDataType/]: Couldn't parse element ResourceKey[minecraft:root / minecraft:loot_table]:create_additional_energy_sourses:blocks/v8_engine_classic - Unknown registry key in ResourceKey[minecraft:root / minecraft:item]: create_additional_energy_sourses:v8_engine_classic
[06окт.2026 19:28:06.192] [Worker-Main-5/ERROR] [net.minecraft.world.level.storage.loot.LootDataType/]: Couldn't parse element ResourceKey[minecraft:root / minecraft:loot_table]:create_additional_energy_sourses:blocks/modular_aluminum_v4_controller - Unknown registry key in ResourceKey[minecraft:root / minecraft:item]: create_additional_energy_sourses:modular_aluminum_v4_controller
[06окт.2026 19:28:06.192] [Worker-Main-5/ERROR] [net.minecraft.world.level.storage.loot.LootDataType/]: Couldn't parse element ResourceKey[minecraft:root / minecraft:loot_table]:create_additional_energy_sourses:blocks/modular_titanium_r16_controller - Unknown registry key in ResourceKey[minecraft:root / minecraft:item]: create_additional_energy_sourses:modular_titanium_r16_controller
[06окт.2026 19:28:06.193] [Worker-Main-5/ERROR] [net.minecraft.world.level.storage.loot.LootDataType/]: Couldn't parse element ResourceKey[minecraft:root / minecraft:loot_table]:create_additional_energy_sourses:blocks/modular_cast_iron_r16_engine - Unknown registry key in ResourceKey[minecraft:root / minecraft:item]: create_additional_energy_sourses:modular_cast_iron_r16_engine
[06окт.2026 19:28:06.193] [Worker-Main-5/ERROR] [net.minecraft.world.level.storage.loot.LootDataType/]: Couldn't parse element ResourceKey[minecraft:root / minecraft:loot_table]:create_additional_energy_sourses:blocks/modular_aluminum_r16_controller - Unknown registry key in ResourceKey[minecraft:root / minecraft:item]: create_additional_energy_sourses:modular_aluminum_r16_controller
[06окт.2026 19:28:06.193] [Worker-Main-5/ERROR] [net.minecraft.world.level.storage.loot.LootDataType/]: Couldn't parse element ResourceKey[minecraft:root / minecraft:loot_table]:create_additional_energy_sourses:blocks/modular_cast_iron_w8_controller - Unknown registry key in ResourceKey[minecraft:root / minecraft:item]: create_additional_energy_sourses:modular_cast_iron_w8_controller
[06окт.2026 19:28:06.196] [Worker-Main-5/ERROR] [net.minecraft.world.level.storage.loot.LootDataType/]: Couldn't parse element ResourceKey[minecraft:root / minecraft:loot_table]:create_additional_energy_sourses:blocks/modular_aluminum_w8_engine - Unknown registry key in ResourceKey[minecraft:root / minecraft:item]: create_additional_energy_sourses:modular_aluminum_w8_engine
[06окт.2026 19:28:06.196] [Worker-Main-5/ERROR] [net.minecraft.world.level.storage.loot.LootDataType/]: Couldn't parse element ResourceKey[minecraft:root / minecraft:loot_table]:create_additional_energy_sourses:blocks/modular_aluminum_r16_engine - Unknown registry key in ResourceKey[minecraft:root / minecraft:item]: create_additional_energy_sourses:modular_aluminum_r16_engine
[06окт.2026 19:28:06.196] [Worker-Main-5/ERROR] [net.minecraft.world.level.storage.loot.LootDataType/]: Couldn't parse element ResourceKey[minecraft:root / minecraft:loot_table]:create_additional_energy_sourses:blocks/modular_cast_iron_v4_engine - Unknown registry key in ResourceKey[minecraft:root / minecraft:item]: create_additional_energy_sourses:modular_cast_iron_v4_engine
[06окт.2026 19:28:06.375] [Render thread/ERROR] [net.minecraft.world.item.crafting.RecipeManager/]: Parsing error loading recipe create_additional_energy_sourses:tn_i4_cart
com.google.gson.JsonParseException: Failed to parse either. First: Failed to parse either. First: No key tag in MapLike[{"item":"create_additional_energy_sourses:titanium_iron_block"}]; No key fluid in MapLike[{"item":"create_additional_energy_sourses:titanium_iron_block"}]; No key type in MapLike[{"item":"create_additional_energy_sourses:titanium_iron_block"}]; Second: Failed to parse either. First: No key amount in MapLike[{"item":"create_additional_energy_sourses:titanium_iron_block"}]; No key fluid in MapLike[{"item":"create_additional_energy_sourses:titanium_iron_block"}]; No key type in MapLike[{"item":"create_additional_energy_sourses:titanium_iron_block"}]; Second: No key amount in MapLike[{"item":"create_additional_energy_sourses:titanium_iron_block"}]; No key fluid_tag in MapLike[{"item":"create_additional_energy_sourses:titanium_iron_block"}]; No key type in MapLike[{"item":"create_additional_energy_sourses:titanium_iron_block"}]; Second: Failed to parse either. First: Not a json array: {"item":"create_additional_energy_sourses:titanium_iron_block"}; Second: No key tag in MapLike[{"item":"create_additional_energy_sourses:titanium_iron_block"}]; Unknown registry key in ResourceKey[minecraft:root / minecraft:item]: create_additional_energy_sourses:titanium_iron_block; Failed to parse either. First: Failed to parse either. First: No key tag in MapLike[{"item":"create_additional_energy_sourses:titanium_iron_ingot"}]; No key fluid in MapLike[{"item":"create_additional_energy_sourses:titanium_iron_ingot"}]; No key type in MapLike[{"item":"create_additional_energy_sourses:titanium_iron_ingot"}]; Second: Failed to parse either. First: No key amount in MapLike[{"item":"create_additional_energy_sourses:titanium_iron_ingot"}]; No key fluid in MapLike[{"item":"create_additional_energy_sourses:titanium_iron_ingot"}]; No key type in MapLike[{"item":"create_additional_energy_sourses:titanium_iron_ingot"}]; Second: No key amount in MapLike[{"item":"create_additional_energy_sourses:titanium_iron_ingot"}]; No key fluid_tag in MapLike[{"item":"create_additional_energy_sourses:titanium_iron_ingot"}]; No key type in MapLike[{"item":"create_additional_energy_sourses:titanium_iron_ingot"}]; Second: Failed to parse either. First: Not a json array: {"item":"create_additional_energy_sourses:titanium_iron_ingot"}; Second: No key tag in MapLike[{"item":"create_additional_energy_sourses:titanium_iron_ingot"}]; Unknown registry key in ResourceKey[minecraft:root / minecraft:item]: create_additional_energy_sourses:titanium_iron_ingot
	at MC-BOOTSTRAP/datafixerupper@8.0.16/com.mojang.serialization.DataResult$Error.getOrThrow(DataResult.java:287) ~[datafixerupper-8.0.16.jar%23111!/:?]
	at TRANSFORMER/minecraft@1.21.1/net.minecraft.world.item.crafting.RecipeManager.apply(RecipeManager.java:60) ~[neoforge-21.1.227.jar%23189!/:?]
	at TRANSFORMER/minecraft@1.21.1/net.minecraft.world.item.crafting.RecipeManager.apply(RecipeManager.java:36) ~[neoforge-21.1.227.jar%23189!/:?]
	at TRANSFORMER/minecraft@1.21.1/net.minecraft.server.packs.resources.SimplePreparableReloadListener.lambda$reload$1(SimplePreparableReloadListener.java:19) ~[neoforge-21.1.227.jar%23189!/:?]
	at java.base/java.util.concurrent.CompletableFuture$UniAccept.tryFire(CompletableFuture.java:718) ~[?:?]
	at java.base/java.util.concurrent.CompletableFuture$Completion.run(CompletableFuture.java:482) ~[?:?]
	at TRANSFORMER/minecraft@1.21.1/net.minecraft.server.packs.resources.SimpleReloadInstance.lambda$new$3(SimpleReloadInstance.java:86) ~[neoforge-21.1.227.jar%23189!/:?]
	at TRANSFORMER/minecraft@1.21.1/net.minecraft.util.thread.BlockableEventLoop.doRunTask(BlockableEventLoop.java:148) ~[neoforge-21.1.227.jar%23189!/:?]
	at TRANSFORMER/minecraft@1.21.1/net.minecraft.util.thread.ReentrantBlockableEventLoop.doRunTask(ReentrantBlockableEventLoop.java:24) ~[neoforge-21.1.227.jar%23189!/:?]
	at TRANSFORMER/minecraft@1.21.1/net.minecraft.util.thread.BlockableEventLoop.pollTask(BlockableEventLoop.java:122) ~[neoforge-21.1.227.jar%23189!/:?]
	at TRANSFORMER/minecraft@1.21.1/net.minecraft.util.thread.BlockableEventLoop.managedBlock(BlockableEventLoop.java:132) ~[neoforge-21.1.227.jar%23189!/:?]
	at TRANSFORMER/minecraft@1.21.1/net.minecraft.client.gui.screens.worldselection.WorldOpenFlows.loadWorldDataBlocking(WorldOpenFlows.java:201) ~[neoforge-21.1.227.jar%23189!/:?]
	at TRANSFORMER/minecraft@1.21.1/net.minecraft.client.gui.screens.worldselection.WorldOpenFlows.loadWorldStem(WorldOpenFlows.java:142) ~[neoforge-21.1.227.jar%23189!/:?]
	at TRANSFORMER/minecraft@1.21.1/net.minecraft.client.gui.screens.worldselection.WorldOpenFlows.openWorldLoadLevelStem(WorldOpenFlows.java:346) ~[neoforge-21.1.227.jar%23189!/:?]
	at TRANSFORMER/minecraft@1.21.1/net.minecraft.client.gui.screens.worldselection.WorldOpenFlows.openWorldCheckVersionCompatibility(WorldOpenFlows.java:335) ~[neoforge-21.1.227.jar%23189!/:?]
	at TRANSFORMER/minecraft@1.21.1/net.minecraft.client.gui.screens.worldselection.WorldOpenFlows.openWorldLoadLevelData(WorldOpenFlows.java:297) ~[neoforge-21.1.227.jar%23189!/:?]
	at TRANSFORMER/minecraft@1.21.1/net.minecraft.client.gui.screens.worldselection.WorldOpenFlows.openWorld(WorldOpenFlows.java:261) ~[neoforge-21.1.227.jar%23189!/:?]
	at TRANSFORMER/minecraft@1.21.1/net.minecraft.client.gui.screens.worldselection.WorldSelectionList$WorldListEntry.joinWorld(WorldSelectionList.java:498) ~[neoforge-21.1.227.jar%23189!/:?]
	at TRANSFORMER/minecraft@1.21.1/net.minecraft.client.gui.screens.worldselection.WorldSelectionList$WorldListEntry.mouseClicked(WorldSelectionList.java:481) ~[neoforge-21.1.227.jar%23189!/:?]
	at TRANSFORMER/minecraft@1.21.1/net.minecraft.client.gui.components.AbstractSelectionList.mouseClicked(AbstractSelectionList.java:303) ~[neoforge-21.1.227.jar%23189!/:?]
	at TRANSFORMER/minecraft@1.21.1/net.minecraft.client.gui.components.events.ContainerEventHandler.mouseClicked(ContainerEventHandler.java:40) ~[neoforge-21.1.227.jar%23189!/:?]
	at TRANSFORMER/minecraft@1.21.1/net.minecraft.client.MouseHandler.lambda$onPress$0(MouseHandler.java:98) ~[neoforge-21.1.227.jar%23189!/:?]
	at TRANSFORMER/minecraft@1.21.1/net.minecraft.client.gui.screens.Screen.wrapScreenError(Screen.java:451) ~[neoforge-21.1.227.jar%23189!/:?]
	at TRANSFORMER/minecraft@1.21.1/net.minecraft.client.MouseHandler.onPress(MouseHandler.java:95) ~[neoforge-21.1.227.jar%23189!/:?]
	at TRANSFORMER/minecraft@1.21.1/net.minecraft.client.MouseHandler.lambda$setup$4(MouseHandler.java:202) ~[neoforge-21.1.227.jar%23189!/:?]
	at TRANSFORMER/minecraft@1.21.1/net.minecraft.util.thread.BlockableEventLoop.execute(BlockableEventLoop.java:98) ~[neoforge-21.1.227.jar%23189!/:?]
	at TRANSFORMER/minecraft@1.21.1/net.minecraft.client.MouseHandler.lambda$setup$5(MouseHandler.java:202) ~[neoforge-21.1.227.jar%23189!/:?]
	at MC-BOOTSTRAP/org.lwjgl.glfw@3.3.3+5/org.lwjgl.glfw.GLFWMouseButtonCallbackI.callback(GLFWMouseButtonCallbackI.java:43) ~[lwjgl-glfw-3.3.3.jar%23165!/:build 5]
	at MC-BOOTSTRAP/org.lwjgl@3.3.3+5/org.lwjgl.system.JNI.invokeV(Native Method) ~[lwjgl-3.3.3.jar%23177!/:build 5]
	at MC-BOOTSTRAP/org.lwjgl.glfw@3.3.3+5/org.lwjgl.glfw.GLFW.glfwWaitEventsTimeout(GLFW.java:3509) ~[lwjgl-glfw-3.3.3.jar%23165!/:build 5]
	at TRANSFORMER/minecraft@1.21.1/com.mojang.blaze3d.systems.RenderSystem.limitDisplayFPS(RenderSystem.java:162) ~[neoforge-21.1.227.jar%23189!/:?]
	at TRANSFORMER/minecraft@1.21.1/net.minecraft.client.Minecraft.runTick(Minecraft.java:1220) ~[neoforge-21.1.227.jar%23189!/:?]
	at TRANSFORMER/minecraft@1.21.1/net.minecraft.client.Minecraft.run(Minecraft.java:807) ~[neoforge-21.1.227.jar%23189!/:?]
	at TRANSFORMER/minecraft@1.21.1/net.minecraft.client.main.Main.main(Main.java:230) ~[neoforge-21.1.227.jar%23189!/:?]
	at java.base/jdk.internal.reflect.DirectMethodHandleAccessor.invoke(DirectMethodHandleAccessor.java:103) ~[?:?]
	at java.base/java.lang.reflect.Method.invoke(Method.java:580) ~[?:?]
	at MC-BOOTSTRAP/fml_loader@4.0.42/net.neoforged.fml.loading.targets.CommonLaunchHandler.runTarget(CommonLaunchHandler.java:136) ~[loader-4.0.42.jar%23138!/:4.0]
	at MC-BOOTSTRAP/fml_loader@4.0.42/net.neoforged.fml.loading.targets.CommonLaunchHandler.clientService(CommonLaunchHandler.java:124) ~[loader-4.0.42.jar%23138!/:4.0]
	at MC-BOOTSTRAP/fml_loader@4.0.42/net.neoforged.fml.loading.targets.NeoForgeClientDevLaunchHandler.runService(NeoForgeClientDevLaunchHandler.java:23) ~[loader-4.0.42.jar%23138!/:4.0]
	at MC-BOOTSTRAP/fml_loader@4.0.42/net.neoforged.fml.loading.targets.CommonLaunchHandler.lambda$launchService$4(CommonLaunchHandler.java:118) ~[loader-4.0.42.jar%23138!/:4.0]
	at MC-BOOTSTRAP/cpw.mods.modlauncher@11.0.5/cpw.mods.modlauncher.LaunchServiceHandlerDecorator.launch(LaunchServiceHandlerDecorator.java:30) [modlauncher-11.0.5.jar%23118!/:?]
	at MC-BOOTSTRAP/cpw.mods.modlauncher@11.0.5/cpw.mods.modlauncher.LaunchServiceHandler.launch(LaunchServiceHandler.java:53) [modlauncher-11.0.5.jar%23118!/:?]
	at MC-BOOTSTRAP/cpw.mods.modlauncher@11.0.5/cpw.mods.modlauncher.LaunchServiceHandler.launch(LaunchServiceHandler.java:71) [modlauncher-11.0.5.jar%23118!/:?]
	at MC-BOOTSTRAP/cpw.mods.modlauncher@11.0.5/cpw.mods.modlauncher.Launcher.run(Launcher.java:103) [modlauncher-11.0.5.jar%23118!/:?]
	at MC-BOOTSTRAP/cpw.mods.modlauncher@11.0.5/cpw.mods.modlauncher.Launcher.main(Launcher.java:74) [modlauncher-11.0.5.jar%23118!/:?]
	at MC-BOOTSTRAP/cpw.mods.modlauncher@11.0.5/cpw.mods.modlauncher.BootstrapLaunchConsumer.accept(BootstrapLaunchConsumer.java:26) [modlauncher-11.0.5.jar%23118!/:?]
	at MC-BOOTSTRAP/cpw.mods.modlauncher@11.0.5/cpw.mods.modlauncher.BootstrapLaunchConsumer.accept(BootstrapLaunchConsumer.java:23) [modlauncher-11.0.5.jar%23118!/:?]
	at cpw.mods.bootstraplauncher@2.0.2/cpw.mods.bootstraplauncher.BootstrapLauncher.run(BootstrapLauncher.java:210) [bootstraplauncher-2.0.2.jar:?]
	at cpw.mods.bootstraplauncher@2.0.2/cpw.mods.bootstraplauncher.BootstrapLauncher.main(BootstrapLauncher.java:69) [bootstraplauncher-2.0.2.jar:?]
[06окт.2026 19:28:06.427] [Render thread/INFO] [net.minecraft.world.item.crafting.RecipeManager/]: Loaded 3100 recipes
[06окт.2026 19:28:06.586] [Render thread/INFO] [net.minecraft.advancements.AdvancementTree/]: Loaded 2644 advancements
[06окт.2026 19:28:07.769] [Server thread/INFO] [net.minecraft.client.server.IntegratedServer/]: Starting integrated minecraft server version 1.21.1
[06окт.2026 19:28:07.769] [Server thread/INFO] [net.minecraft.server.MinecraftServer/]: Generating keypair
[06окт.2026 19:28:07.940] [Server thread/INFO] [dev.ryanhcode.sable.Sable/]: Assigned physics scene ID 0 to minecraft:overworld
[06окт.2026 19:28:08.063] [Server thread/INFO] [dev.ryanhcode.sable.Sable/]: Assigned physics scene ID 1 to minecraft:the_nether
[06окт.2026 19:28:09.044] [Server thread/INFO] [dev.ryanhcode.sable.Sable/]: Assigned physics scene ID 2 to minecraft:the_end
[06окт.2026 19:28:09.066] [Server thread/INFO] [net.minecraft.server.MinecraftServer/]: Preparing start region for dimension minecraft:overworld
[06окт.2026 19:28:09.159] [progressListener/INFO] [net.minecraft.server.level.progress.LoggerChunkProgressListener/]: Подготовка области возрождения: 0%
[06окт.2026 19:28:09.167] [Server thread/INFO] [net.neoforged.neoforge.server.permission.PermissionAPI/]: Successfully initialized permission handler neoforge:default_handler
[06окт.2026 19:28:09.177] [progressListener/INFO] [net.minecraft.server.level.progress.LoggerChunkProgressListener/]: Time elapsed: 101 ms
[06окт.2026 19:28:09.211] [Server thread/INFO] [net.minecraft.client.server.IntegratedServer/]: Changing view distance to 20, from 10
[06окт.2026 19:28:09.211] [Server thread/INFO] [net.minecraft.client.server.IntegratedServer/]: Changing simulation distance to 24, from 0
[06окт.2026 19:28:09.257] [Render thread/INFO] [dev.ryanhcode.sable.Sable/]: Adding local UDP server channel future
[06окт.2026 19:28:09.260] [Render thread/WARN] [io.netty.bootstrap.Bootstrap/]: Unknown channel option 'SO_BROADCAST' for channel '[id: 0xbd1bad08]'
[06окт.2026 19:28:09.262] [Netty Server IO #1/INFO] [dev.ryanhcode.sable.Sable/]: Server UDP channel active
[06окт.2026 19:28:09.271] [Render thread/INFO] [dev.ryanhcode.sable.Sable/]: Starting local client UDP channel future
[06окт.2026 19:28:09.273] [Netty Local Client IO #1/INFO] [dev.ryanhcode.sable.Sable/]: Client UDP channel active
[06окт.2026 19:28:09.397] [Render thread/INFO] [com.simibubi.create.Create/]: Created 157 recipes which will be injected into the game
[06окт.2026 19:28:09.399] [Render thread/INFO] [com.simibubi.create.Create/]: Created 0 tags which will be injected into the game
[06окт.2026 19:28:09.540] [Server thread/INFO] [net.minecraft.server.players.PlayerList/]: Dev[local:E:0f0320c5] logged in with entity id 1 at (-32.03902442118995, 71.35365635483791, 941.0525995607602)
[06окт.2026 19:28:09.542] [Server thread/INFO] [dev.ryanhcode.sable.Sable/]: Beginning attempted authentication with player Dev
[06окт.2026 19:28:09.584] [Server thread/INFO] [net.minecraft.server.MinecraftServer/]: Dev присоединился к игре
[06окт.2026 19:28:15.123] [Render thread/INFO] [flywheel/]: Started 6 worker threads
[06окт.2026 19:28:15.148] [Render thread/INFO] [mezz.jei.core.util.LoggedTimer/]: Starting JEI...
[06окт.2026 19:28:15.153] [Render thread/INFO] [mezz.jei.library.load.PluginCaller/]: Registering item subtypes...
[06окт.2026 19:28:15.155] [Render thread/INFO] [mezz.jei.library.load.PluginCaller/]: Registering item subtypes took 2.236 milliseconds
[06окт.2026 19:28:15.155] [Render thread/INFO] [mezz.jei.library.load.PluginCaller/]: Registering fluid subtypes...
[06окт.2026 19:28:15.156] [Render thread/INFO] [mezz.jei.library.load.PluginCaller/]: Registering fluid subtypes took 999.8 microseconds
[06окт.2026 19:28:15.158] [Render thread/INFO] [mezz.jei.library.load.PluginCaller/]: Registering ingredients...
[06окт.2026 19:28:15.224] [Render thread/WARN] [mezz.jei.library.plugins.vanilla.ingredients.ItemStackListFactory/]: 1 duplicate items were found in 'Create: Дизельные генераторы' creative tab's: displayItems
This may indicate that these types of item need a subtype interpreter added to JEI:
[createdieselgenerators:track_layers_bag]
[06окт.2026 19:28:15.251] [Render thread/INFO] [mezz.jei.library.load.PluginCallerTimerRunnable/]: Registering ingredients: jei:minecraft took 93.24 milliseconds
[06окт.2026 19:28:15.251] [Render thread/INFO] [mezz.jei.library.load.PluginCaller/]: Registering ingredients took 93.56 milliseconds
[06окт.2026 19:28:15.251] [Render thread/INFO] [mezz.jei.library.load.PluginCaller/]: Registering extra ingredients...
[06окт.2026 19:28:15.253] [Render thread/INFO] [mezz.jei.library.load.PluginCaller/]: Registering extra ingredients took 1.885 milliseconds
[06окт.2026 19:28:15.253] [Render thread/INFO] [mezz.jei.library.load.PluginCaller/]: Registering search ingredient aliases...
[06окт.2026 19:28:15.254] [Render thread/INFO] [mezz.jei.library.load.PluginCaller/]: Registering search ingredient aliases took 669.6 microseconds
[06окт.2026 19:28:15.264] [Render thread/INFO] [mezz.jei.library.load.PluginCaller/]: Registering Mod Info...
[06окт.2026 19:28:15.265] [Render thread/INFO] [mezz.jei.library.load.PluginCaller/]: Registering Mod Info took 652.5 microseconds
[06окт.2026 19:28:15.273] [Render thread/INFO] [mezz.jei.library.load.PluginCaller/]: Registering categories...
[06окт.2026 19:28:15.304] [Render thread/INFO] [mezz.jei.library.load.PluginCallerTimerRunnable/]: Registering categories: create:jei_plugin took 18.98 milliseconds
[06окт.2026 19:28:15.307] [Render thread/INFO] [mezz.jei.library.load.PluginCaller/]: Registering categories took 34.07 milliseconds
[06окт.2026 19:28:15.308] [Render thread/INFO] [mezz.jei.library.load.PluginCaller/]: Registering vanilla category extensions...
[06окт.2026 19:28:15.309] [Render thread/INFO] [mezz.jei.library.load.PluginCaller/]: Registering vanilla category extensions took 1.363 milliseconds
[06окт.2026 19:28:15.310] [Render thread/INFO] [mezz.jei.library.load.PluginCaller/]: Registering recipe catalysts...
[06окт.2026 19:28:15.311] [Render thread/INFO] [mezz.jei.library.load.PluginCaller/]: Registering recipe catalysts took 847.2 microseconds
[06окт.2026 19:28:15.311] [Render thread/INFO] [mezz.jei.core.util.LoggedTimer/]: Building recipe registry...
[06окт.2026 19:28:15.329] [Render thread/INFO] [mezz.jei.core.util.LoggedTimer/]: Building recipe registry took 18.15 milliseconds
[06окт.2026 19:28:15.330] [Render thread/INFO] [mezz.jei.library.load.PluginCaller/]: Registering advanced plugins...
[06окт.2026 19:28:15.330] [Render thread/INFO] [mezz.jei.library.load.PluginCaller/]: Registering advanced plugins took 300.3 microseconds
[06окт.2026 19:28:15.331] [Render thread/INFO] [mezz.jei.library.load.PluginCaller/]: Registering recipes...
[06окт.2026 19:28:15.498] [Render thread/INFO] [mezz.jei.library.load.PluginCallerTimerRunnable/]: Registering recipes: jei:minecraft took 167.5 milliseconds
[06окт.2026 19:28:15.589] [Render thread/INFO] [mezz.jei.library.load.PluginCallerTimerRunnable/]: Registering recipes: create:jei_plugin took 86.20 milliseconds
[06окт.2026 19:28:15.620] [Render thread/INFO] [mezz.jei.library.load.PluginCallerTimerRunnable/]: Registering recipes: jei:internal took 31.46 milliseconds
[06окт.2026 19:28:15.620] [Render thread/INFO] [mezz.jei.library.load.PluginCaller/]: Registering recipes took 289.7 milliseconds
[06окт.2026 19:28:15.626] [Render thread/INFO] [mezz.jei.library.load.PluginCaller/]: Registering recipes transfer handlers...
[06окт.2026 19:28:15.630] [Render thread/INFO] [mezz.jei.library.load.PluginCaller/]: Registering recipes transfer handlers took 3.406 milliseconds
[06окт.2026 19:28:15.636] [Render thread/INFO] [mezz.jei.core.util.LoggedTimer/]: Building runtime...
[06окт.2026 19:28:15.648] [Render thread/INFO] [mezz.jei.library.load.PluginCaller/]: Registering gui handlers...
[06окт.2026 19:28:15.653] [Render thread/INFO] [mezz.jei.library.load.PluginCaller/]: Registering gui handlers took 4.507 milliseconds
[06окт.2026 19:28:15.654] [Render thread/INFO] [mezz.jei.library.load.PluginCaller/]: Registering Runtime...
[06окт.2026 19:28:15.655] [Render thread/INFO] [mezz.jei.gui.startup.JeiGuiStarter/]: Starting JEI GUI
[06окт.2026 19:28:15.656] [Render thread/INFO] [mezz.jei.core.util.LoggedTimer/]: Building ingredient list...
[06окт.2026 19:28:15.672] [Render thread/INFO] [mezz.jei.core.util.LoggedTimer/]: Building ingredient list took 16.11 milliseconds
[06окт.2026 19:28:15.672] [Render thread/INFO] [mezz.jei.core.util.LoggedTimer/]: Building ingredient filter...
[06окт.2026 19:28:15.688] [Render thread/INFO] [mezz.jei.gui.ingredients.IngredientFilter/]: Adding 2673 ingredients
[06окт.2026 19:28:15.875] [Render thread/INFO] [mezz.jei.gui.ingredients.IngredientFilter/]: Added 2673 ingredients
[06окт.2026 19:28:15.875] [Render thread/INFO] [mezz.jei.core.util.LoggedTimer/]: Building ingredient filter took 203.6 milliseconds
[06окт.2026 19:28:15.930] [Render thread/INFO] [mezz.jei.library.load.PluginCallerTimerRunnable/]: Registering Runtime: jei:neoforge_gui took 275.9 milliseconds
[06окт.2026 19:28:15.930] [Render thread/INFO] [mezz.jei.library.load.PluginCaller/]: Registering Runtime took 276.3 milliseconds
[06окт.2026 19:28:15.931] [Render thread/INFO] [mezz.jei.core.util.LoggedTimer/]: Building runtime took 294.5 milliseconds
[06окт.2026 19:28:15.931] [Render thread/INFO] [mezz.jei.library.load.PluginCaller/]: Sending Runtime...
[06окт.2026 19:28:15.931] [Render thread/INFO] [mezz.jei.library.load.PluginCaller/]: Sending Runtime took 261.6 microseconds
[06окт.2026 19:28:15.931] [Render thread/INFO] [mezz.jei.core.util.LoggedTimer/]: Starting JEI took 782.7 milliseconds
[06окт.2026 19:28:15.940] [Render thread/INFO] [net.minecraft.advancements.AdvancementTree/]: Loaded 216 advancements
[06окт.2026 19:28:16.726] [Render thread/INFO] [Veil/]: Multi-Bind supported, using core
[06окт.2026 19:28:20.075] [Server thread/ERROR] [net.minecraft.server.MinecraftServer/]: Encountered an unexpected exception
net.minecraft.ReportedException: Ticking block entity
	at TRANSFORMER/minecraft@1.21.1/net.minecraft.server.MinecraftServer.tickChildren(MinecraftServer.java:1041) ~[neoforge-21.1.227.jar%23189!/:?]
	at TRANSFORMER/minecraft@1.21.1/net.minecraft.server.MinecraftServer.tickServer(MinecraftServer.java:917) ~[neoforge-21.1.227.jar%23189!/:?]
	at TRANSFORMER/minecraft@1.21.1/net.minecraft.client.server.IntegratedServer.tickServer(IntegratedServer.java:110) ~[neoforge-21.1.227.jar%23189!/:?]
	at TRANSFORMER/minecraft@1.21.1/net.minecraft.server.MinecraftServer.runServer(MinecraftServer.java:707) ~[neoforge-21.1.227.jar%23189!/:?]
	at TRANSFORMER/minecraft@1.21.1/net.minecraft.server.MinecraftServer.lambda$spin$2(MinecraftServer.java:267) ~[neoforge-21.1.227.jar%23189!/:?]
	at java.base/java.lang.Thread.run(Thread.java:1583) [?:?]
Caused by: java.lang.UnsatisfiedLinkError: Can't load library: /home/admin/Project/create_AES/native/libcreate_aes_native.so
	at java.base/java.lang.ClassLoader.loadLibrary(ClassLoader.java:2422) ~[?:?]
	at java.base/java.lang.Runtime.load0(Runtime.java:852) ~[?:?]
	at java.base/java.lang.System.load(System.java:2026) ~[?:?]
	at TRANSFORMER/create_additional_energy_sourses@1.0.0/com.ruby.mod.create_additional_energy_sourses.NativeExplosionJNI.<clinit>(NativeExplosionJNI.java:6) ~[%23197!/:?]
	at TRANSFORMER/create_additional_energy_sourses@1.0.0/com.ruby.mod.create_additional_energy_sourses.V8EngineBlockEntity.lambda$tick$4(V8EngineBlockEntity.java:429) ~[%23197!/:?]
	at java.base/java.util.concurrent.CompletableFuture$AsyncSupply.run(CompletableFuture.java:1768) ~[?:?]
	at java.base/java.util.concurrent.CompletableFuture$AsyncSupply.exec(CompletableFuture.java:1760) ~[?:?]
	at java.base/java.util.concurrent.ForkJoinTask.doExec(ForkJoinTask.java:387) ~[?:?]
	at java.base/java.util.concurrent.ForkJoinPool$WorkQueue.topLevelExec(ForkJoinPool.java:1312) ~[?:?]
	at java.base/java.util.concurrent.ForkJoinPool.scan(ForkJoinPool.java:1843) ~[?:?]
	at java.base/java.util.concurrent.ForkJoinPool.runWorker(ForkJoinPool.java:1808) ~[?:?]
	at java.base/java.util.concurrent.ForkJoinWorkerThread.run(ForkJoinWorkerThread.java:188) ~[?:?]
[06окт.2026 19:28:20.083] [Server thread/FATAL] [net.neoforged.neoforge.common.NeoForgeMod/]: Preparing crash report with UUID d906046d-ad4b-407c-a232-1873f80eea2d
[06окт.2026 19:28:20.083] [Server thread/ERROR] [net.minecraft.server.MinecraftServer/]: This crash report has been saved to: /home/admin/Projects/Project_javaMod/create_AES/runs/client/./crash-reports/crash-2026-10-06_19.28.20-server.txt
[06окт.2026 19:28:20.083] [Server thread/INFO] [net.minecraft.server.MinecraftServer/]: Stopping server
[06окт.2026 19:28:20.084] [Server thread/INFO] [net.minecraft.server.MinecraftServer/]: Saving players
[06окт.2026 19:28:20.096] [Render thread/FATAL] [net.neoforged.neoforge.common.NeoForgeMod/]: Preparing crash report with UUID 50602689-cd0d-4652-b59d-07768957bf4b
